Timestamp,Symbol,LastPrice,TradedVolume
2021-01-04,BRENT_CRUDE,101.64,298716
2021-01-04,GOLD_OUNCE,93.91,358412
2021-01-04,US_10Y_BOND,103.06,61236
2021-01-04,GLOBAL_REIT,101.99,474656
2021-01-04,BITCOIN_INDEX,29961.48,463810
2021-01-05,BRENT_CRUDE,98.18,269450
2021-01-05,GOLD_OUNCE,98.03,240655
2021-01-05,US_10Y_BOND,100.97,198091
2021-01-05,GLOBAL_REIT,97.92,314487
2021-01-05,BITCOIN_INDEX,31662.29,142489
2021-01-06,BRENT_CRUDE,105.78,81604
2021-01-06,GOLD_OUNCE,104.02,420954
2021-01-06,US_10Y_BOND,105.56,55606
2021-01-06,GLOBAL_REIT,106.01,204055
2021-01-06,BITCOIN_INDEX,30350.34,469945
2021-01-07,BRENT_CRUDE,102.92,354040
2021-01-07,GOLD_OUNCE,102.76,107218
2021-01-07,US_10Y_BOND,106.65,326328
2021-01-07,GLOBAL_REIT,103.29,160773
2021-01-07,BITCOIN_INDEX,31106.97,166187
2021-01-08,BRENT_CRUDE,104.85,122782
2021-01-08,GOLD_OUNCE,100.39,138578
2021-01-08,US_10Y_BOND,102.73,166530
2021-01-08,GLOBAL_REIT,105.3,431894
2021-01-08,BITCOIN_INDEX,31802.48,372122
2021-01-11,BRENT_CRUDE,105.1,375414
2021-01-11,GOLD_OUNCE,100.94,429880
2021-01-11,US_10Y_BOND,99.73,454276
2021-01-11,GLOBAL_REIT,101.47,198258
2021-01-11,BITCOIN_INDEX,31638.08,206149
2021-01-12,BRENT_CRUDE,97.54,304893
2021-01-12,GOLD_OUNCE,99.21,85523
2021-01-12,US_10Y_BOND,99.53,72267
2021-01-12,GLOBAL_REIT,104.97,94694
2021-01-12,BITCOIN_INDEX,30934.57,496963
2021-01-13,BRENT_CRUDE,97.34,245949
2021-01-13,GOLD_OUNCE,109.22,131330
2021-01-13,US_10Y_BOND,104.19,469772
2021-01-13,GLOBAL_REIT,98.16,470799
2021-01-13,BITCOIN_INDEX,31247.13,331452
2021-01-14,BRENT_CRUDE,111.86,386735
2021-01-14,GOLD_OUNCE,102.34,119542
2021-01-14,US_10Y_BOND,109.43,436925
2021-01-14,GLOBAL_REIT,105.97,218664
2021-01-14,BITCOIN_INDEX,32800.3,284756
2021-01-15,BRENT_CRUDE,102.13,100238
2021-01-15,GOLD_OUNCE,105.34,408130
2021-01-15,US_10Y_BOND,108.58,119710
2021-01-15,GLOBAL_REIT,109.1,494737
2021-01-15,BITCOIN_INDEX,31531.42,447978
2021-01-18,BRENT_CRUDE,103.72,427093
2021-01-18,GOLD_OUNCE,106.62,126176
2021-01-18,US_10Y_BOND,104.35,435918
2021-01-18,GLOBAL_REIT,104.47,98714
2021-01-18,BITCOIN_INDEX,31109.81,307698
2021-01-19,BRENT_CRUDE,103.66,446081
2021-01-19,GOLD_OUNCE,109.2,124920
2021-01-19,US_10Y_BOND,98.63,169675
2021-01-19,GLOBAL_REIT,104.62,315651
2021-01-19,BITCOIN_INDEX,30684.48,177808
2021-01-20,BRENT_CRUDE,104.06,208915
2021-01-20,GOLD_OUNCE,107.51,227404
2021-01-20,US_10Y_BOND,106.56,68274
2021-01-20,GLOBAL_REIT,107.74,56664
2021-01-20,BITCOIN_INDEX,31198.38,268035
2021-01-21,BRENT_CRUDE,103.25,427027
2021-01-21,GOLD_OUNCE,103.3,198202
2021-01-21,US_10Y_BOND,101.81,54034
2021-01-21,GLOBAL_REIT,104.23,270744
2021-01-21,BITCOIN_INDEX,31534.65,469474
2021-01-22,BRENT_CRUDE,106.34,60068
2021-01-22,GOLD_OUNCE,104.0,396904
2021-01-22,US_10Y_BOND,110.89,262551
2021-01-22,GLOBAL_REIT,109.68,458434
2021-01-22,BITCOIN_INDEX,32385.52,362880
2021-01-25,BRENT_CRUDE,99.47,284252
2021-01-25,GOLD_OUNCE,105.45,91532
2021-01-25,US_10Y_BOND,104.23,244676
2021-01-25,GLOBAL_REIT,104.42,333764
2021-01-25,BITCOIN_INDEX,32395.92,451792
2021-01-26,BRENT_CRUDE,104.19,451852
2021-01-26,GOLD_OUNCE,105.62,361375
2021-01-26,US_10Y_BOND,107.0,353340
2021-01-26,GLOBAL_REIT,104.95,308472
2021-01-26,BITCOIN_INDEX,33299.26,409127
2021-01-27,BRENT_CRUDE,114.01,194192
2021-01-27,GOLD_OUNCE,111.92,160749
2021-01-27,US_10Y_BOND,106.59,176853
2021-01-27,GLOBAL_REIT,107.78,230831
2021-01-27,BITCOIN_INDEX,31060.58,333126
2021-01-28,BRENT_CRUDE,109.74,302900
2021-01-28,GOLD_OUNCE,101.68,320672
2021-01-28,US_10Y_BOND,103.69,394047
2021-01-28,GLOBAL_REIT,109.38,89501
2021-01-28,BITCOIN_INDEX,33112.68,175876
2021-01-29,BRENT_CRUDE,106.48,272063
2021-01-29,GOLD_OUNCE,109.13,205995
2021-01-29,US_10Y_BOND,102.7,497393
2021-01-29,GLOBAL_REIT,112.79,449754
2021-01-29,BITCOIN_INDEX,31344.92,337070
2021-02-01,BRENT_CRUDE,114.87,273407
2021-02-01,GOLD_OUNCE,114.6,413411
2021-02-01,US_10Y_BOND,112.62,54676
2021-02-01,GLOBAL_REIT,110.1,441174
2021-02-01,BITCOIN_INDEX,33107.74,237434
2021-02-02,BRENT_CRUDE,107.8,356482
2021-02-02,GOLD_OUNCE,106.45,281576
2021-02-02,US_10Y_BOND,110.89,174753
2021-02-02,GLOBAL_REIT,114.57,86566
2021-02-02,BITCOIN_INDEX,33272.56,282093
2021-02-03,BRENT_CRUDE,105.53,478851
2021-02-03,GOLD_OUNCE,112.63,284136
2021-02-03,US_10Y_BOND,103.46,136646
2021-02-03,GLOBAL_REIT,112.24,63814
2021-02-03,BITCOIN_INDEX,34799.28,113811
2021-02-04,BRENT_CRUDE,114.43,320782
2021-02-04,GOLD_OUNCE,110.77,144215
2021-02-04,US_10Y_BOND,110.87,120395
2021-02-04,GLOBAL_REIT,116.7,432805
2021-02-04,BITCOIN_INDEX,32252.67,154383
2021-02-05,BRENT_CRUDE,117.3,250517
2021-02-05,GOLD_OUNCE,109.86,254387
2021-02-05,US_10Y_BOND,118.32,148351
2021-02-05,GLOBAL_REIT,105.03,281361
2021-02-05,BITCOIN_INDEX,32518.25,174075
2021-02-08,BRENT_CRUDE,109.16,51241
2021-02-08,GOLD_OUNCE,105.24,454410
2021-02-08,US_10Y_BOND,114.76,68318
2021-02-08,GLOBAL_REIT,112.39,411221
2021-02-08,BITCOIN_INDEX,32946.45,203059
2021-02-09,BRENT_CRUDE,111.7,457130
2021-02-09,GOLD_OUNCE,117.69,75390
2021-02-09,US_10Y_BOND,110.09,226229
2021-02-09,GLOBAL_REIT,112.71,136380
2021-02-09,BITCOIN_INDEX,34363.55,296553
2021-02-10,BRENT_CRUDE,115.29,364173
2021-02-10,GOLD_OUNCE,115.46,157732
2021-02-10,US_10Y_BOND,113.62,243010
2021-02-10,GLOBAL_REIT,111.06,365761
2021-02-10,BITCOIN_INDEX,32494.21,361126
2021-02-11,BRENT_CRUDE,109.01,347996
2021-02-11,GOLD_OUNCE,115.39,215359
2021-02-11,US_10Y_BOND,111.57,321358
2021-02-11,GLOBAL_REIT,113.43,387565
2021-02-11,BITCOIN_INDEX,33496.01,212218
2021-02-12,BRENT_CRUDE,114.97,243512
2021-02-12,GOLD_OUNCE,115.78,469722
2021-02-12,US_10Y_BOND,108.41,106731
2021-02-12,GLOBAL_REIT,115.11,95051
2021-02-12,BITCOIN_INDEX,33830.6,272239
2021-02-15,BRENT_CRUDE,111.27,97537
2021-02-15,GOLD_OUNCE,112.66,314022
2021-02-15,US_10Y_BOND,114.85,429247
2021-02-15,GLOBAL_REIT,115.04,97580
2021-02-15,BITCOIN_INDEX,34222.12,374489
2021-02-16,BRENT_CRUDE,111.57,412680
2021-02-16,GOLD_OUNCE,107.02,306354
2021-02-16,US_10Y_BOND,113.52,337363
2021-02-16,GLOBAL_REIT,116.35,91739
2021-02-16,BITCOIN_INDEX,33234.54,400726
2021-02-17,BRENT_CRUDE,113.13,437646
2021-02-17,GOLD_OUNCE,111.59,88922
2021-02-17,US_10Y_BOND,109.43,452667
2021-02-17,GLOBAL_REIT,113.33,424555
2021-02-17,BITCOIN_INDEX,33237.6,186126
2021-02-18,BRENT_CRUDE,115.13,273584
2021-02-18,GOLD_OUNCE,117.51,152131
2021-02-18,US_10Y_BOND,114.67,107724
2021-02-18,GLOBAL_REIT,109.68,362181
2021-02-18,BITCOIN_INDEX,33954.26,309033
2021-02-19,BRENT_CRUDE,113.32,484113
2021-02-19,GOLD_OUNCE,113.73,50002
2021-02-19,US_10Y_BOND,117.17,70313
2021-02-19,GLOBAL_REIT,110.11,87507
2021-02-19,BITCOIN_INDEX,34207.29,453166
2021-02-22,BRENT_CRUDE,111.52,299946
2021-02-22,GOLD_OUNCE,108.84,58433
2021-02-22,US_10Y_BOND,117.13,59726
2021-02-22,GLOBAL_REIT,114.87,213030
2021-02-22,BITCOIN_INDEX,34263.42,380494
2021-02-23,BRENT_CRUDE,109.96,140811
2021-02-23,GOLD_OUNCE,110.91,419420
2021-02-23,US_10Y_BOND,111.36,499536
2021-02-23,GLOBAL_REIT,111.05,197289
2021-02-23,BITCOIN_INDEX,34351.46,216185
2021-02-24,BRENT_CRUDE,114.07,214768
2021-02-24,GOLD_OUNCE,112.57,155203
2021-02-24,US_10Y_BOND,116.91,240444
2021-02-24,GLOBAL_REIT,113.89,218262
2021-02-24,BITCOIN_INDEX,34280.43,205810
2021-02-25,BRENT_CRUDE,116.54,180495
2021-02-25,GOLD_OUNCE,110.62,323029
2021-02-25,US_10Y_BOND,109.78,169954
2021-02-25,GLOBAL_REIT,114.38,126770
2021-02-25,BITCOIN_INDEX,34429.98,352754
2021-02-26,BRENT_CRUDE,112.76,124699
2021-02-26,GOLD_OUNCE,115.0,83480
2021-02-26,US_10Y_BOND,114.58,270666
2021-02-26,GLOBAL_REIT,111.42,271936
2021-02-26,BITCOIN_INDEX,34025.75,82183
2021-03-01,BRENT_CRUDE,113.4,377875
2021-03-01,GOLD_OUNCE,114.63,269586
2021-03-01,US_10Y_BOND,110.42,212568
2021-03-01,GLOBAL_REIT,114.02,131841
2021-03-01,BITCOIN_INDEX,33638.42,327538
2021-03-02,BRENT_CRUDE,116.61,175823
2021-03-02,GOLD_OUNCE,116.28,240547
2021-03-02,US_10Y_BOND,120.85,352850
2021-03-02,GLOBAL_REIT,118.4,378319
2021-03-02,BITCOIN_INDEX,34114.65,293287
2021-03-03,BRENT_CRUDE,112.51,304698
2021-03-03,GOLD_OUNCE,114.95,209865
2021-03-03,US_10Y_BOND,121.09,340177
2021-03-03,GLOBAL_REIT,116.5,353085
2021-03-03,BITCOIN_INDEX,33798.58,136270
2021-03-04,BRENT_CRUDE,115.83,333743
2021-03-04,GOLD_OUNCE,119.19,106209
2021-03-04,US_10Y_BOND,113.34,136185
2021-03-04,GLOBAL_REIT,114.97,169878
2021-03-04,BITCOIN_INDEX,37094.26,233754
2021-03-05,BRENT_CRUDE,115.41,438672
2021-03-05,GOLD_OUNCE,112.33,167100
2021-03-05,US_10Y_BOND,111.66,97860
2021-03-05,GLOBAL_REIT,113.83,341675
2021-03-05,BITCOIN_INDEX,34440.01,454041
2021-03-08,BRENT_CRUDE,115.84,142287
2021-03-08,GOLD_OUNCE,116.03,217133
2021-03-08,US_10Y_BOND,112.94,192959
2021-03-08,GLOBAL_REIT,111.37,307651
2021-03-08,BITCOIN_INDEX,35597.94,184754
2021-03-09,BRENT_CRUDE,112.94,290747
2021-03-09,GOLD_OUNCE,118.1,60429
2021-03-09,US_10Y_BOND,116.54,136506
2021-03-09,GLOBAL_REIT,118.75,146918
2021-03-09,BITCOIN_INDEX,34957.07,296742
2021-03-10,BRENT_CRUDE,110.24,173238
2021-03-10,GOLD_OUNCE,117.01,69581
2021-03-10,US_10Y_BOND,116.0,237738
2021-03-10,GLOBAL_REIT,119.76,58790
2021-03-10,BITCOIN_INDEX,36045.88,144754
2021-03-11,BRENT_CRUDE,115.32,340425
2021-03-11,GOLD_OUNCE,112.94,121883
2021-03-11,US_10Y_BOND,111.31,418911
2021-03-11,GLOBAL_REIT,111.38,137596
2021-03-11,BITCOIN_INDEX,35819.94,423310
2021-03-12,BRENT_CRUDE,115.72,349954
2021-03-12,GOLD_OUNCE,117.64,383974
2021-03-12,US_10Y_BOND,113.31,367011
2021-03-12,GLOBAL_REIT,115.9,398175
2021-03-12,BITCOIN_INDEX,34614.03,424164
2021-03-15,BRENT_CRUDE,109.34,354981
2021-03-15,GOLD_OUNCE,116.22,370386
2021-03-15,US_10Y_BOND,116.06,215230
2021-03-15,GLOBAL_REIT,115.38,67845
2021-03-15,BITCOIN_INDEX,35133.95,189563
2021-03-16,BRENT_CRUDE,116.03,423686
2021-03-16,GOLD_OUNCE,118.13,81423
2021-03-16,US_10Y_BOND,113.02,344859
2021-03-16,GLOBAL_REIT,114.58,359190
2021-03-16,BITCOIN_INDEX,36292.91,465432
2021-03-17,BRENT_CRUDE,119.04,168682
2021-03-17,GOLD_OUNCE,107.11,493520
2021-03-17,US_10Y_BOND,114.33,183963
2021-03-17,GLOBAL_REIT,113.3,223930
2021-03-17,BITCOIN_INDEX,34243.51,462639
2021-03-18,BRENT_CRUDE,116.79,240502
2021-03-18,GOLD_OUNCE,114.93,190108
2021-03-18,US_10Y_BOND,118.21,252207
2021-03-18,GLOBAL_REIT,109.97,180337
2021-03-18,BITCOIN_INDEX,33965.97,133904
2021-03-19,BRENT_CRUDE,118.02,223951
2021-03-19,GOLD_OUNCE,110.1,370545
2021-03-19,US_10Y_BOND,110.88,226496
2021-03-19,GLOBAL_REIT,114.19,377074
2021-03-19,BITCOIN_INDEX,33841.44,219368
2021-03-22,BRENT_CRUDE,112.88,418392
2021-03-22,GOLD_OUNCE,115.82,457043
2021-03-22,US_10Y_BOND,114.85,118011
2021-03-22,GLOBAL_REIT,114.16,284935
2021-03-22,BITCOIN_INDEX,33897.01,282006
2021-03-23,BRENT_CRUDE,111.7,213201
2021-03-23,GOLD_OUNCE,111.13,276108
2021-03-23,US_10Y_BOND,114.49,477950
2021-03-23,GLOBAL_REIT,120.37,94952
2021-03-23,BITCOIN_INDEX,33765.46,219896
2021-03-24,BRENT_CRUDE,117.44,368973
2021-03-24,GOLD_OUNCE,114.73,399137
2021-03-24,US_10Y_BOND,115.26,387850
2021-03-24,GLOBAL_REIT,117.56,403034
2021-03-24,BITCOIN_INDEX,33554.44,290030
2021-03-25,BRENT_CRUDE,118.8,417663
2021-03-25,GOLD_OUNCE,114.7,201737
2021-03-25,US_10Y_BOND,115.63,155356
2021-03-25,GLOBAL_REIT,115.57,372627
2021-03-25,BITCOIN_INDEX,34969.92,65956
2021-03-26,BRENT_CRUDE,114.3,421925
2021-03-26,GOLD_OUNCE,117.26,429564
2021-03-26,US_10Y_BOND,113.9,443879
2021-03-26,GLOBAL_REIT,115.59,129211
2021-03-26,BITCOIN_INDEX,34563.59,186733
2021-03-29,BRENT_CRUDE,116.06,119139
2021-03-29,GOLD_OUNCE,111.07,132002
2021-03-29,US_10Y_BOND,114.74,443920
2021-03-29,GLOBAL_REIT,115.67,112709
2021-03-29,BITCOIN_INDEX,32690.9,54356
2021-03-30,BRENT_CRUDE,111.25,178035
2021-03-30,GOLD_OUNCE,111.11,304919
2021-03-30,US_10Y_BOND,112.74,222427
2021-03-30,GLOBAL_REIT,113.61,378175
2021-03-30,BITCOIN_INDEX,33906.29,425512
2021-03-31,BRENT_CRUDE,114.71,461328
2021-03-31,GOLD_OUNCE,113.15,298108
2021-03-31,US_10Y_BOND,114.79,471894
2021-03-31,GLOBAL_REIT,118.38,317404
2021-03-31,BITCOIN_INDEX,33847.31,117201
2021-04-01,BRENT_CRUDE,113.92,408592
2021-04-01,GOLD_OUNCE,111.01,394135
2021-04-01,US_10Y_BOND,114.87,311888
2021-04-01,GLOBAL_REIT,112.96,469012
2021-04-01,BITCOIN_INDEX,32989.44,277905
2021-04-02,BRENT_CRUDE,106.32,340992
2021-04-02,GOLD_OUNCE,112.67,462317
2021-04-02,US_10Y_BOND,111.61,120330
2021-04-02,GLOBAL_REIT,109.08,273494
2021-04-02,BITCOIN_INDEX,34412.36,235631
2021-04-05,BRENT_CRUDE,112.6,305130
2021-04-05,GOLD_OUNCE,111.39,353373
2021-04-05,US_10Y_BOND,114.62,390722
2021-04-05,GLOBAL_REIT,109.56,276309
2021-04-05,BITCOIN_INDEX,33291.39,210560
2021-04-06,BRENT_CRUDE,115.62,137892
2021-04-06,GOLD_OUNCE,112.15,472749
2021-04-06,US_10Y_BOND,113.86,225394
2021-04-06,GLOBAL_REIT,113.78,268536
2021-04-06,BITCOIN_INDEX,34845.04,432075
2021-04-07,BRENT_CRUDE,113.12,85120
2021-04-07,GOLD_OUNCE,108.07,418286
2021-04-07,US_10Y_BOND,112.94,296864
2021-04-07,GLOBAL_REIT,113.24,89028
2021-04-07,BITCOIN_INDEX,33976.05,323159
2021-04-08,BRENT_CRUDE,113.53,183488
2021-04-08,GOLD_OUNCE,111.44,142700
2021-04-08,US_10Y_BOND,108.1,305530
2021-04-08,GLOBAL_REIT,114.69,327298
2021-04-08,BITCOIN_INDEX,33792.34,109324
2021-04-09,BRENT_CRUDE,110.99,226129
2021-04-09,GOLD_OUNCE,117.03,233266
2021-04-09,US_10Y_BOND,108.08,93666
2021-04-09,GLOBAL_REIT,110.85,204203
2021-04-09,BITCOIN_INDEX,33897.51,251024
2021-04-12,BRENT_CRUDE,110.15,116860
2021-04-12,GOLD_OUNCE,110.35,124994
2021-04-12,US_10Y_BOND,109.79,330754
2021-04-12,GLOBAL_REIT,106.87,332999
2021-04-12,BITCOIN_INDEX,34509.77,125609
2021-04-13,BRENT_CRUDE,106.94,417664
2021-04-13,GOLD_OUNCE,109.06,270875
2021-04-13,US_10Y_BOND,107.71,317539
2021-04-13,GLOBAL_REIT,107.73,239754
2021-04-13,BITCOIN_INDEX,33272.84,465309
2021-04-14,BRENT_CRUDE,110.86,307546
2021-04-14,GOLD_OUNCE,113.14,100253
2021-04-14,US_10Y_BOND,108.21,269688
2021-04-14,GLOBAL_REIT,107.81,379110
2021-04-14,BITCOIN_INDEX,32083.85,247706
2021-04-15,BRENT_CRUDE,109.42,123184
2021-04-15,GOLD_OUNCE,107.72,267140
2021-04-15,US_10Y_BOND,111.29,362036
2021-04-15,GLOBAL_REIT,107.83,314495
2021-04-15,BITCOIN_INDEX,33009.21,389074
2021-04-16,BRENT_CRUDE,108.95,467942
2021-04-16,GOLD_OUNCE,103.17,261998
2021-04-16,US_10Y_BOND,112.25,442537
2021-04-16,GLOBAL_REIT,113.31,91599
2021-04-16,BITCOIN_INDEX,32204.73,469892
2021-04-19,BRENT_CRUDE,107.77,241985
2021-04-19,GOLD_OUNCE,108.19,106865
2021-04-19,US_10Y_BOND,110.55,183441
2021-04-19,GLOBAL_REIT,112.31,223425
2021-04-19,BITCOIN_INDEX,32974.25,461663
2021-04-20,BRENT_CRUDE,110.98,381071
2021-04-20,GOLD_OUNCE,105.38,173283
2021-04-20,US_10Y_BOND,108.36,70338
2021-04-20,GLOBAL_REIT,107.83,455339
2021-04-20,BITCOIN_INDEX,31743.9,83266
2021-04-21,BRENT_CRUDE,110.57,410947
2021-04-21,GOLD_OUNCE,113.75,400838
2021-04-21,US_10Y_BOND,109.98,234245
2021-04-21,GLOBAL_REIT,109.23,254194
2021-04-21,BITCOIN_INDEX,32057.29,422115
2021-04-22,BRENT_CRUDE,103.4,126952
2021-04-22,GOLD_OUNCE,106.78,384764
2021-04-22,US_10Y_BOND,102.12,271452
2021-04-22,GLOBAL_REIT,112.14,297337
2021-04-22,BITCOIN_INDEX,31752.91,181585
2021-04-23,BRENT_CRUDE,103.26,224790
2021-04-23,GOLD_OUNCE,103.38,227081
2021-04-23,US_10Y_BOND,107.31,223472
2021-04-23,GLOBAL_REIT,107.92,128497
2021-04-23,BITCOIN_INDEX,31634.24,427785
2021-04-26,BRENT_CRUDE,106.3,420565
2021-04-26,GOLD_OUNCE,109.2,162459
2021-04-26,US_10Y_BOND,105.6,203753
2021-04-26,GLOBAL_REIT,104.4,228810
2021-04-26,BITCOIN_INDEX,30941.35,369515
2021-04-27,BRENT_CRUDE,101.09,160511
2021-04-27,GOLD_OUNCE,106.39,251731
2021-04-27,US_10Y_BOND,105.25,77029
2021-04-27,GLOBAL_REIT,106.5,155637
2021-04-27,BITCOIN_INDEX,30919.66,444919
2021-04-28,BRENT_CRUDE,106.85,335242
2021-04-28,GOLD_OUNCE,105.86,209313
2021-04-28,US_10Y_BOND,105.92,142909
2021-04-28,GLOBAL_REIT,104.85,341489
2021-04-28,BITCOIN_INDEX,30369.7,80997
2021-04-29,BRENT_CRUDE,107.16,389758
2021-04-29,GOLD_OUNCE,108.93,166910
2021-04-29,US_10Y_BOND,106.35,343787
2021-04-29,GLOBAL_REIT,104.42,345442
2021-04-29,BITCOIN_INDEX,31055.68,421511
2021-04-30,BRENT_CRUDE,108.12,354988
2021-04-30,GOLD_OUNCE,103.17,206903
2021-04-30,US_10Y_BOND,105.1,341711
2021-04-30,GLOBAL_REIT,108.22,273034
2021-04-30,BITCOIN_INDEX,32567.64,182616
2021-05-03,BRENT_CRUDE,104.07,66483
2021-05-03,GOLD_OUNCE,104.61,214952
2021-05-03,US_10Y_BOND,104.62,133453
2021-05-03,GLOBAL_REIT,102.88,240689
2021-05-03,BITCOIN_INDEX,31574.56,88638
2021-05-04,BRENT_CRUDE,102.97,333157
2021-05-04,GOLD_OUNCE,104.3,352942
2021-05-04,US_10Y_BOND,100.14,95627
2021-05-04,GLOBAL_REIT,103.92,190981
2021-05-04,BITCOIN_INDEX,33159.36,50562
2021-05-05,BRENT_CRUDE,102.01,369978
2021-05-05,GOLD_OUNCE,102.22,204532
2021-05-05,US_10Y_BOND,108.85,429038
2021-05-05,GLOBAL_REIT,105.87,89330
2021-05-05,BITCOIN_INDEX,30861.13,235159
2021-05-06,BRENT_CRUDE,95.8,331294
2021-05-06,GOLD_OUNCE,98.83,126593
2021-05-06,US_10Y_BOND,103.56,456894
2021-05-06,GLOBAL_REIT,106.36,51184
2021-05-06,BITCOIN_INDEX,29847.4,277294
2021-05-07,BRENT_CRUDE,107.97,384712
2021-05-07,GOLD_OUNCE,100.55,366353
2021-05-07,US_10Y_BOND,100.71,284614
2021-05-07,GLOBAL_REIT,102.33,256801
2021-05-07,BITCOIN_INDEX,29359.33,361149
2021-05-10,BRENT_CRUDE,106.48,450153
2021-05-10,GOLD_OUNCE,103.99,248085
2021-05-10,US_10Y_BOND,99.91,201576
2021-05-10,GLOBAL_REIT,101.24,80818
2021-05-10,BITCOIN_INDEX,31128.02,237756
2021-05-11,BRENT_CRUDE,103.24,166838
2021-05-11,GOLD_OUNCE,100.53,329792
2021-05-11,US_10Y_BOND,103.38,166394
2021-05-11,GLOBAL_REIT,98.24,55567
2021-05-11,BITCOIN_INDEX,30709.73,97183
2021-05-12,BRENT_CRUDE,104.47,141180
2021-05-12,GOLD_OUNCE,97.44,449415
2021-05-12,US_10Y_BOND,98.19,148089
2021-05-12,GLOBAL_REIT,97.45,164212
2021-05-12,BITCOIN_INDEX,30151.82,436827
2021-05-13,BRENT_CRUDE,99.34,359791
2021-05-13,GOLD_OUNCE,96.04,374547
2021-05-13,US_10Y_BOND,99.87,486607
2021-05-13,GLOBAL_REIT,97.77,230204
2021-05-13,BITCOIN_INDEX,29210.46,232218
2021-05-14,BRENT_CRUDE,98.57,120983
2021-05-14,GOLD_OUNCE,101.3,331965
2021-05-14,US_10Y_BOND,96.66,433518
2021-05-14,GLOBAL_REIT,100.84,198076
2021-05-14,BITCOIN_INDEX,29037.52,195215
2021-05-17,BRENT_CRUDE,94.05,300854
2021-05-17,GOLD_OUNCE,95.29,457013
2021-05-17,US_10Y_BOND,97.62,188757
2021-05-17,GLOBAL_REIT,96.58,245848
2021-05-17,BITCOIN_INDEX,31073.12,156174
2021-05-18,BRENT_CRUDE,101.61,60007
2021-05-18,GOLD_OUNCE,101.77,77087
2021-05-18,US_10Y_BOND,90.26,415590
2021-05-18,GLOBAL_REIT,107.25,112302
2021-05-18,BITCOIN_INDEX,29437.04,384498
2021-05-19,BRENT_CRUDE,105.03,63546
2021-05-19,GOLD_OUNCE,102.49,428381
2021-05-19,US_10Y_BOND,104.95,354576
2021-05-19,GLOBAL_REIT,95.49,333627
2021-05-19,BITCOIN_INDEX,29349.61,443185
2021-05-20,BRENT_CRUDE,98.45,101749
2021-05-20,GOLD_OUNCE,95.8,62148
2021-05-20,US_10Y_BOND,101.63,320296
2021-05-20,GLOBAL_REIT,101.58,436650
2021-05-20,BITCOIN_INDEX,29447.73,172873
2021-05-21,BRENT_CRUDE,101.01,382170
2021-05-21,GOLD_OUNCE,98.58,406369
2021-05-21,US_10Y_BOND,99.61,177123
2021-05-21,GLOBAL_REIT,99.79,326688
2021-05-21,BITCOIN_INDEX,28915.47,155373
2021-05-24,BRENT_CRUDE,103.04,148347
2021-05-24,GOLD_OUNCE,97.91,344707
2021-05-24,US_10Y_BOND,97.0,353287
2021-05-24,GLOBAL_REIT,96.81,117207
2021-05-24,BITCOIN_INDEX,29503.7,353444
2021-05-25,BRENT_CRUDE,95.77,274513
2021-05-25,GOLD_OUNCE,94.79,308448
2021-05-25,US_10Y_BOND,93.26,119890
2021-05-25,GLOBAL_REIT,89.02,264509
2021-05-25,BITCOIN_INDEX,28536.41,97502
2021-05-26,BRENT_CRUDE,96.01,405047
2021-05-26,GOLD_OUNCE,97.2,345106
2021-05-26,US_10Y_BOND,95.11,191143
2021-05-26,GLOBAL_REIT,94.17,318098
2021-05-26,BITCOIN_INDEX,29531.69,405516
2021-05-27,BRENT_CRUDE,96.11,435581
2021-05-27,GOLD_OUNCE,96.09,199796
2021-05-27,US_10Y_BOND,96.22,146755
2021-05-27,GLOBAL_REIT,101.02,223955
2021-05-27,BITCOIN_INDEX,29311.28,431752
2021-05-28,BRENT_CRUDE,95.45,255466
2021-05-28,GOLD_OUNCE,96.79,429299
2021-05-28,US_10Y_BOND,96.64,237261
2021-05-28,GLOBAL_REIT,97.34,449983
2021-05-28,BITCOIN_INDEX,29716.35,335450
2021-05-31,BRENT_CRUDE,90.47,132949
2021-05-31,GOLD_OUNCE,96.1,132536
2021-05-31,US_10Y_BOND,94.03,128108
2021-05-31,GLOBAL_REIT,92.04,452581
2021-05-31,BITCOIN_INDEX,28381.03,95067
2021-06-01,BRENT_CRUDE,89.6,411922
2021-06-01,GOLD_OUNCE,97.67,315414
2021-06-01,US_10Y_BOND,94.76,79803
2021-06-01,GLOBAL_REIT,94.16,310003
2021-06-01,BITCOIN_INDEX,27162.8,115681
2021-06-02,BRENT_CRUDE,90.86,198113
2021-06-02,GOLD_OUNCE,97.86,439832
2021-06-02,US_10Y_BOND,91.7,386030
2021-06-02,GLOBAL_REIT,97.53,382323
2021-06-02,BITCOIN_INDEX,28757.75,264087
2021-06-03,BRENT_CRUDE,89.63,355709
2021-06-03,GOLD_OUNCE,90.54,481686
2021-06-03,US_10Y_BOND,95.81,56403
2021-06-03,GLOBAL_REIT,93.84,407511
2021-06-03,BITCOIN_INDEX,28340.79,470327
2021-06-04,BRENT_CRUDE,95.91,315460
2021-06-04,GOLD_OUNCE,90.65,300126
2021-06-04,US_10Y_BOND,90.85,457917
2021-06-04,GLOBAL_REIT,93.43,396411
2021-06-04,BITCOIN_INDEX,27251.12,101930
2021-06-07,BRENT_CRUDE,91.58,173246
2021-06-07,GOLD_OUNCE,89.9,139241
2021-06-07,US_10Y_BOND,91.46,324884
2021-06-07,GLOBAL_REIT,91.65,359656
2021-06-07,BITCOIN_INDEX,28011.48,478807
2021-06-08,BRENT_CRUDE,97.64,446239
2021-06-08,GOLD_OUNCE,91.71,445002
2021-06-08,US_10Y_BOND,93.48,393293
2021-06-08,GLOBAL_REIT,89.81,357179
2021-06-08,BITCOIN_INDEX,27341.74,111403
2021-06-09,BRENT_CRUDE,91.64,355947
2021-06-09,GOLD_OUNCE,85.99,466802
2021-06-09,US_10Y_BOND,96.75,189506
2021-06-09,GLOBAL_REIT,94.41,359281
2021-06-09,BITCOIN_INDEX,28496.27,226602
2021-06-10,BRENT_CRUDE,90.64,260722
2021-06-10,GOLD_OUNCE,95.16,479164
2021-06-10,US_10Y_BOND,90.37,197274
2021-06-10,GLOBAL_REIT,96.81,452921
2021-06-10,BITCOIN_INDEX,27163.54,272165
2021-06-11,BRENT_CRUDE,89.98,297662
2021-06-11,GOLD_OUNCE,88.33,237886
2021-06-11,US_10Y_BOND,91.54,428688
2021-06-11,GLOBAL_REIT,92.46,165077
2021-06-11,BITCOIN_INDEX,26721.22,368232
2021-06-14,BRENT_CRUDE,90.92,486442
2021-06-14,GOLD_OUNCE,90.76,404933
2021-06-14,US_10Y_BOND,93.82,474754
2021-06-14,GLOBAL_REIT,92.37,171431
2021-06-14,BITCOIN_INDEX,26565.66,444626
2021-06-15,BRENT_CRUDE,87.62,121124
2021-06-15,GOLD_OUNCE,91.71,299960
2021-06-15,US_10Y_BOND,88.51,428512
2021-06-15,GLOBAL_REIT,92.29,413579
2021-06-15,BITCOIN_INDEX,28676.45,68198
2021-06-16,BRENT_CRUDE,92.67,215211
2021-06-16,GOLD_OUNCE,87.64,225346
2021-06-16,US_10Y_BOND,88.3,209706
2021-06-16,GLOBAL_REIT,91.66,460895
2021-06-16,BITCOIN_INDEX,28286.35,115433
2021-06-17,BRENT_CRUDE,89.49,50462
2021-06-17,GOLD_OUNCE,87.22,404473
2021-06-17,US_10Y_BOND,79.11,213123
2021-06-17,GLOBAL_REIT,94.44,218738
2021-06-17,BITCOIN_INDEX,26530.2,87595
2021-06-18,BRENT_CRUDE,88.85,277271
2021-06-18,GOLD_OUNCE,90.23,173518
2021-06-18,US_10Y_BOND,87.42,94054
2021-06-18,GLOBAL_REIT,86.95,65892
2021-06-18,BITCOIN_INDEX,25565.45,113753
2021-06-21,BRENT_CRUDE,85.08,410174
2021-06-21,GOLD_OUNCE,85.33,429464
2021-06-21,US_10Y_BOND,87.84,335373
2021-06-21,GLOBAL_REIT,87.99,412080
2021-06-21,BITCOIN_INDEX,28002.79,422851
2021-06-22,BRENT_CRUDE,86.6,78028
2021-06-22,GOLD_OUNCE,84.83,83568
2021-06-22,US_10Y_BOND,91.32,270096
2021-06-22,GLOBAL_REIT,89.79,383567
2021-06-22,BITCOIN_INDEX,25863.74,428930
2021-06-23,BRENT_CRUDE,87.34,362305
2021-06-23,GOLD_OUNCE,82.96,221918
2021-06-23,US_10Y_BOND,93.26,124242
2021-06-23,GLOBAL_REIT,95.8,330372
2021-06-23,BITCOIN_INDEX,27611.11,360775
2021-06-24,BRENT_CRUDE,86.93,100161
2021-06-24,GOLD_OUNCE,93.42,89155
2021-06-24,US_10Y_BOND,87.41,406623
2021-06-24,GLOBAL_REIT,87.78,473252
2021-06-24,BITCOIN_INDEX,24938.82,307100
2021-06-25,BRENT_CRUDE,87.18,110036
2021-06-25,GOLD_OUNCE,87.4,310398
2021-06-25,US_10Y_BOND,80.61,465447
2021-06-25,GLOBAL_REIT,87.14,199617
2021-06-25,BITCOIN_INDEX,28390.98,287360
2021-06-28,BRENT_CRUDE,91.07,264913
2021-06-28,GOLD_OUNCE,89.17,252861
2021-06-28,US_10Y_BOND,86.38,287801
2021-06-28,GLOBAL_REIT,85.55,401579
2021-06-28,BITCOIN_INDEX,26330.99,280628
2021-06-29,BRENT_CRUDE,90.47,443344
2021-06-29,GOLD_OUNCE,88.97,226499
2021-06-29,US_10Y_BOND,85.13,347151
2021-06-29,GLOBAL_REIT,89.24,96218
2021-06-29,BITCOIN_INDEX,24767.67,381369
2021-06-30,BRENT_CRUDE,89.8,70661
2021-06-30,GOLD_OUNCE,85.35,222193
2021-06-30,US_10Y_BOND,82.58,108949
2021-06-30,GLOBAL_REIT,83.95,445033
2021-06-30,BITCOIN_INDEX,26654.71,224491
2021-07-01,BRENT_CRUDE,85.62,53889
2021-07-01,GOLD_OUNCE,88.62,282659
2021-07-01,US_10Y_BOND,83.34,155733
2021-07-01,GLOBAL_REIT,86.67,402573
2021-07-01,BITCOIN_INDEX,25928.43,288683
2021-07-02,BRENT_CRUDE,84.6,359920
2021-07-02,GOLD_OUNCE,86.53,51394
2021-07-02,US_10Y_BOND,84.8,169330
2021-07-02,GLOBAL_REIT,88.91,106965
2021-07-02,BITCOIN_INDEX,25876.64,126180
2021-07-05,BRENT_CRUDE,82.75,330539
2021-07-05,GOLD_OUNCE,90.55,498854
2021-07-05,US_10Y_BOND,88.82,91475
2021-07-05,GLOBAL_REIT,86.09,253536
2021-07-05,BITCOIN_INDEX,24491.02,497391
2021-07-06,BRENT_CRUDE,83.24,380097
2021-07-06,GOLD_OUNCE,89.32,270349
2021-07-06,US_10Y_BOND,84.73,442770
2021-07-06,GLOBAL_REIT,83.28,161279
2021-07-06,BITCOIN_INDEX,25105.66,292316
2021-07-07,BRENT_CRUDE,83.42,497582
2021-07-07,GOLD_OUNCE,84.37,455194
2021-07-07,US_10Y_BOND,88.19,470958
2021-07-07,GLOBAL_REIT,86.57,354248
2021-07-07,BITCOIN_INDEX,26648.5,305508
2021-07-08,BRENT_CRUDE,85.73,107060
2021-07-08,GOLD_OUNCE,83.06,470916
2021-07-08,US_10Y_BOND,79.37,346633
2021-07-08,GLOBAL_REIT,86.62,189437
2021-07-08,BITCOIN_INDEX,26128.88,373419
2021-07-09,BRENT_CRUDE,84.29,412741
2021-07-09,GOLD_OUNCE,81.59,325368
2021-07-09,US_10Y_BOND,83.82,387386
2021-07-09,GLOBAL_REIT,87.62,141045
2021-07-09,BITCOIN_INDEX,23624.7,300414
2021-07-12,BRENT_CRUDE,89.9,110990
2021-07-12,GOLD_OUNCE,89.55,301338
2021-07-12,US_10Y_BOND,81.83,297036
2021-07-12,GLOBAL_REIT,87.4,470556
2021-07-12,BITCOIN_INDEX,25616.24,212065
2021-07-13,BRENT_CRUDE,87.48,93022
2021-07-13,GOLD_OUNCE,79.2,186353
2021-07-13,US_10Y_BOND,83.05,337327
2021-07-13,GLOBAL_REIT,83.11,222957
2021-07-13,BITCOIN_INDEX,25043.37,98033
2021-07-14,BRENT_CRUDE,84.72,174221
2021-07-14,GOLD_OUNCE,86.41,493861
2021-07-14,US_10Y_BOND,84.22,417503
2021-07-14,GLOBAL_REIT,86.98,396458
2021-07-14,BITCOIN_INDEX,26960.74,476164
2021-07-15,BRENT_CRUDE,81.79,123736
2021-07-15,GOLD_OUNCE,86.06,312738
2021-07-15,US_10Y_BOND,87.03,325239
2021-07-15,GLOBAL_REIT,84.31,354421
2021-07-15,BITCOIN_INDEX,25527.94,244024
2021-07-16,BRENT_CRUDE,84.4,367642
2021-07-16,GOLD_OUNCE,85.84,351591
2021-07-16,US_10Y_BOND,84.85,346963
2021-07-16,GLOBAL_REIT,86.67,123043
2021-07-16,BITCOIN_INDEX,25039.03,255669
2021-07-19,BRENT_CRUDE,85.76,260833
2021-07-19,GOLD_OUNCE,82.6,332914
2021-07-19,US_10Y_BOND,88.09,182313
2021-07-19,GLOBAL_REIT,89.6,426631
2021-07-19,BITCOIN_INDEX,24984.42,494178
2021-07-20,BRENT_CRUDE,93.83,177578
2021-07-20,GOLD_OUNCE,90.92,106351
2021-07-20,US_10Y_BOND,85.91,209407
2021-07-20,GLOBAL_REIT,83.14,271980
2021-07-20,BITCOIN_INDEX,26139.62,333783
2021-07-21,BRENT_CRUDE,88.6,439689
2021-07-21,GOLD_OUNCE,87.7,226786
2021-07-21,US_10Y_BOND,88.09,185123
2021-07-21,GLOBAL_REIT,87.75,485671
2021-07-21,BITCOIN_INDEX,25129.64,353780
2021-07-22,BRENT_CRUDE,87.17,373010
2021-07-22,GOLD_OUNCE,88.26,360603
2021-07-22,US_10Y_BOND,84.41,346169
2021-07-22,GLOBAL_REIT,83.65,245265
2021-07-22,BITCOIN_INDEX,24260.97,380147
2021-07-23,BRENT_CRUDE,82.83,188464
2021-07-23,GOLD_OUNCE,85.69,262871
2021-07-23,US_10Y_BOND,87.73,270744
2021-07-23,GLOBAL_REIT,87.66,102619
2021-07-23,BITCOIN_INDEX,24601.77,401461
2021-07-26,BRENT_CRUDE,82.53,130993
2021-07-26,GOLD_OUNCE,91.14,484153
2021-07-26,US_10Y_BOND,83.87,499658
2021-07-26,GLOBAL_REIT,87.63,438172
2021-07-26,BITCOIN_INDEX,26250.74,478303
2021-07-27,BRENT_CRUDE,78.79,257209
2021-07-27,GOLD_OUNCE,81.02,346917
2021-07-27,US_10Y_BOND,86.54,255294
2021-07-27,GLOBAL_REIT,86.19,213517
2021-07-27,BITCOIN_INDEX,26207.44,130845
2021-07-28,BRENT_CRUDE,82.45,229734
2021-07-28,GOLD_OUNCE,82.74,310868
2021-07-28,US_10Y_BOND,83.68,218080
2021-07-28,GLOBAL_REIT,81.1,395540
2021-07-28,BITCOIN_INDEX,25423.78,191620
2021-07-29,BRENT_CRUDE,81.67,245481
2021-07-29,GOLD_OUNCE,83.02,258609
2021-07-29,US_10Y_BOND,86.89,457111
2021-07-29,GLOBAL_REIT,85.46,324226
2021-07-29,BITCOIN_INDEX,25706.68,90350
2021-07-30,BRENT_CRUDE,84.15,369654
2021-07-30,GOLD_OUNCE,88.82,474138
2021-07-30,US_10Y_BOND,84.4,237699
2021-07-30,GLOBAL_REIT,92.49,138709
2021-07-30,BITCOIN_INDEX,24724.73,467299
2021-08-02,BRENT_CRUDE,81.96,393229
2021-08-02,GOLD_OUNCE,84.88,148618
2021-08-02,US_10Y_BOND,86.21,352172
2021-08-02,GLOBAL_REIT,82.26,306303
2021-08-02,BITCOIN_INDEX,24965.71,264208
2021-08-03,BRENT_CRUDE,86.74,210658
2021-08-03,GOLD_OUNCE,86.69,492573
2021-08-03,US_10Y_BOND,85.34,421205
2021-08-03,GLOBAL_REIT,86.1,230055
2021-08-03,BITCOIN_INDEX,25029.54,412903
2021-08-04,BRENT_CRUDE,82.24,361721
2021-08-04,GOLD_OUNCE,85.82,419345
2021-08-04,US_10Y_BOND,84.38,445274
2021-08-04,GLOBAL_REIT,91.25,111958
2021-08-04,BITCOIN_INDEX,25712.2,77602
2021-08-05,BRENT_CRUDE,80.98,93058
2021-08-05,GOLD_OUNCE,87.9,458786
2021-08-05,US_10Y_BOND,85.7,259688
2021-08-05,GLOBAL_REIT,85.33,219895
2021-08-05,BITCOIN_INDEX,25572.68,144533
2021-08-06,BRENT_CRUDE,87.04,311651
2021-08-06,GOLD_OUNCE,84.55,181083
2021-08-06,US_10Y_BOND,88.39,270950
2021-08-06,GLOBAL_REIT,88.41,93439
2021-08-06,BITCOIN_INDEX,26108.52,161172
2021-08-09,BRENT_CRUDE,88.31,324704
2021-08-09,GOLD_OUNCE,91.69,263241
2021-08-09,US_10Y_BOND,82.9,268462
2021-08-09,GLOBAL_REIT,88.62,85978
2021-08-09,BITCOIN_INDEX,27260.36,79418
2021-08-10,BRENT_CRUDE,84.85,173850
2021-08-10,GOLD_OUNCE,81.44,343156
2021-08-10,US_10Y_BOND,88.61,397917
2021-08-10,GLOBAL_REIT,83.97,105943
2021-08-10,BITCOIN_INDEX,26318.43,136770
2021-08-11,BRENT_CRUDE,87.31,459186
2021-08-11,GOLD_OUNCE,91.4,73365
2021-08-11,US_10Y_BOND,92.13,386735
2021-08-11,GLOBAL_REIT,92.37,414131
2021-08-11,BITCOIN_INDEX,25938.47,285708
2021-08-12,BRENT_CRUDE,85.29,122226
2021-08-12,GOLD_OUNCE,85.96,440120
2021-08-12,US_10Y_BOND,86.39,200423
2021-08-12,GLOBAL_REIT,84.44,439455
2021-08-12,BITCOIN_INDEX,26314.46,381674
2021-08-13,BRENT_CRUDE,87.49,432915
2021-08-13,GOLD_OUNCE,86.75,110950
2021-08-13,US_10Y_BOND,86.27,258629
2021-08-13,GLOBAL_REIT,85.1,108575
2021-08-13,BITCOIN_INDEX,26732.25,326573
2021-08-16,BRENT_CRUDE,87.44,73002
2021-08-16,GOLD_OUNCE,83.11,356275
2021-08-16,US_10Y_BOND,94.09,173932
2021-08-16,GLOBAL_REIT,89.56,175371
2021-08-16,BITCOIN_INDEX,26913.98,310877
2021-08-17,BRENT_CRUDE,90.74,332664
2021-08-17,GOLD_OUNCE,89.53,463367
2021-08-17,US_10Y_BOND,92.37,125887
2021-08-17,GLOBAL_REIT,88.32,189504
2021-08-17,BITCOIN_INDEX,26456.36,56881
2021-08-18,BRENT_CRUDE,84.77,141503
2021-08-18,GOLD_OUNCE,92.93,454216
2021-08-18,US_10Y_BOND,86.03,177868
2021-08-18,GLOBAL_REIT,92.08,381205
2021-08-18,BITCOIN_INDEX,26981.99,337995
2021-08-19,BRENT_CRUDE,91.12,152566
2021-08-19,GOLD_OUNCE,90.06,282773
2021-08-19,US_10Y_BOND,90.6,280214
2021-08-19,GLOBAL_REIT,92.44,384016
2021-08-19,BITCOIN_INDEX,26854.12,435310
2021-08-20,BRENT_CRUDE,96.12,434557
2021-08-20,GOLD_OUNCE,89.48,154544
2021-08-20,US_10Y_BOND,95.33,461815
2021-08-20,GLOBAL_REIT,86.16,57126
2021-08-20,BITCOIN_INDEX,26115.84,196975
2021-08-23,BRENT_CRUDE,87.24,176803
2021-08-23,GOLD_OUNCE,92.24,336640
2021-08-23,US_10Y_BOND,90.08,158686
2021-08-23,GLOBAL_REIT,90.45,148532
2021-08-23,BITCOIN_INDEX,27681.54,212749
2021-08-24,BRENT_CRUDE,91.82,309462
2021-08-24,GOLD_OUNCE,92.25,115145
2021-08-24,US_10Y_BOND,87.93,397219
2021-08-24,GLOBAL_REIT,92.69,341404
2021-08-24,BITCOIN_INDEX,26176.01,108909
2021-08-25,BRENT_CRUDE,88.08,158875
2021-08-25,GOLD_OUNCE,91.25,319452
2021-08-25,US_10Y_BOND,86.92,313777
2021-08-25,GLOBAL_REIT,93.48,461098
2021-08-25,BITCOIN_INDEX,27494.64,153668
2021-08-26,BRENT_CRUDE,88.26,104064
2021-08-26,GOLD_OUNCE,91.0,344452
2021-08-26,US_10Y_BOND,95.4,241554
2021-08-26,GLOBAL_REIT,90.28,107419
2021-08-26,BITCOIN_INDEX,26617.04,497876
2021-08-27,BRENT_CRUDE,88.4,237586
2021-08-27,GOLD_OUNCE,95.64,336387
2021-08-27,US_10Y_BOND,90.95,428639
2021-08-27,GLOBAL_REIT,92.35,408565
2021-08-27,BITCOIN_INDEX,27264.87,230614
2021-08-30,BRENT_CRUDE,93.29,357987
2021-08-30,GOLD_OUNCE,90.78,329645
2021-08-30,US_10Y_BOND,92.43,121625
2021-08-30,GLOBAL_REIT,95.98,193646
2021-08-30,BITCOIN_INDEX,27089.43,246807
2021-08-31,BRENT_CRUDE,91.86,390111
2021-08-31,GOLD_OUNCE,92.89,129460
2021-08-31,US_10Y_BOND,95.04,412837
2021-08-31,GLOBAL_REIT,87.9,219288
2021-08-31,BITCOIN_INDEX,28618.89,120149
2021-09-01,BRENT_CRUDE,92.26,300658
2021-09-01,GOLD_OUNCE,95.95,447571
2021-09-01,US_10Y_BOND,95.8,144860
2021-09-01,GLOBAL_REIT,96.46,117232
2021-09-01,BITCOIN_INDEX,28322.75,195119
2021-09-02,BRENT_CRUDE,97.68,244869
2021-09-02,GOLD_OUNCE,94.54,314495
2021-09-02,US_10Y_BOND,96.69,276941
2021-09-02,GLOBAL_REIT,90.08,297289
2021-09-02,BITCOIN_INDEX,27109.68,81590
2021-09-03,BRENT_CRUDE,93.36,463915
2021-09-03,GOLD_OUNCE,90.72,461422
2021-09-03,US_10Y_BOND,96.4,479502
2021-09-03,GLOBAL_REIT,93.83,437262
2021-09-03,BITCOIN_INDEX,26977.95,82679
2021-09-06,BRENT_CRUDE,95.32,71382
2021-09-06,GOLD_OUNCE,92.22,382657
2021-09-06,US_10Y_BOND,93.78,370611
2021-09-06,GLOBAL_REIT,96.23,455724
2021-09-06,BITCOIN_INDEX,28087.98,138665
2021-09-07,BRENT_CRUDE,91.01,398740
2021-09-07,GOLD_OUNCE,92.98,276856
2021-09-07,US_10Y_BOND,92.35,314790
2021-09-07,GLOBAL_REIT,94.54,130929
2021-09-07,BITCOIN_INDEX,28138.51,169746
2021-09-08,BRENT_CRUDE,94.0,404946
2021-09-08,GOLD_OUNCE,98.59,57307
2021-09-08,US_10Y_BOND,92.11,56665
2021-09-08,GLOBAL_REIT,98.49,493661
2021-09-08,BITCOIN_INDEX,26881.01,209484
2021-09-09,BRENT_CRUDE,95.78,405590
2021-09-09,GOLD_OUNCE,96.69,105875
2021-09-09,US_10Y_BOND,93.77,339418
2021-09-09,GLOBAL_REIT,96.2,282274
2021-09-09,BITCOIN_INDEX,27216.86,335860
2021-09-10,BRENT_CRUDE,95.93,69395
2021-09-10,GOLD_OUNCE,94.92,424231
2021-09-10,US_10Y_BOND,94.29,165735
2021-09-10,GLOBAL_REIT,94.21,85495
2021-09-10,BITCOIN_INDEX,28579.78,323584
2021-09-13,BRENT_CRUDE,97.64,403426
2021-09-13,GOLD_OUNCE,92.93,432650
2021-09-13,US_10Y_BOND,95.41,476186
2021-09-13,GLOBAL_REIT,92.52,397437
2021-09-13,BITCOIN_INDEX,28748.69,465071
2021-09-14,BRENT_CRUDE,93.19,248017
2021-09-14,GOLD_OUNCE,96.24,98065
2021-09-14,US_10Y_BOND,100.05,116534
2021-09-14,GLOBAL_REIT,97.18,382485
2021-09-14,BITCOIN_INDEX,29583.3,329747
2021-09-15,BRENT_CRUDE,92.86,466526
2021-09-15,GOLD_OUNCE,95.21,281673
2021-09-15,US_10Y_BOND,97.28,222768
2021-09-15,GLOBAL_REIT,96.76,434356
2021-09-15,BITCOIN_INDEX,28687.44,92677
2021-09-16,BRENT_CRUDE,98.83,489029
2021-09-16,GOLD_OUNCE,104.45,399239
2021-09-16,US_10Y_BOND,97.21,474323
2021-09-16,GLOBAL_REIT,95.33,410143
2021-09-16,BITCOIN_INDEX,28670.03,237708
2021-09-17,BRENT_CRUDE,96.66,129459
2021-09-17,GOLD_OUNCE,98.67,264808
2021-09-17,US_10Y_BOND,96.78,473011
2021-09-17,GLOBAL_REIT,90.34,345825
2021-09-17,BITCOIN_INDEX,28567.15,239020
2021-09-20,BRENT_CRUDE,96.63,253238
2021-09-20,GOLD_OUNCE,93.74,395379
2021-09-20,US_10Y_BOND,100.21,94307
2021-09-20,GLOBAL_REIT,104.38,143074
2021-09-20,BITCOIN_INDEX,30375.76,421705
2021-09-21,BRENT_CRUDE,103.43,273984
2021-09-21,GOLD_OUNCE,102.46,459317
2021-09-21,US_10Y_BOND,95.98,157372
2021-09-21,GLOBAL_REIT,103.31,81977
2021-09-21,BITCOIN_INDEX,30409.56,126756
2021-09-22,BRENT_CRUDE,98.64,241412
2021-09-22,GOLD_OUNCE,101.53,477357
2021-09-22,US_10Y_BOND,99.76,430703
2021-09-22,GLOBAL_REIT,100.45,149190
2021-09-22,BITCOIN_INDEX,30613.03,378805
2021-09-23,BRENT_CRUDE,99.82,167313
2021-09-23,GOLD_OUNCE,100.99,308061
2021-09-23,US_10Y_BOND,96.73,373635
2021-09-23,GLOBAL_REIT,101.72,314344
2021-09-23,BITCOIN_INDEX,28530.62,119870
2021-09-24,BRENT_CRUDE,102.95,330552
2021-09-24,GOLD_OUNCE,94.95,183152
2021-09-24,US_10Y_BOND,103.07,206260
2021-09-24,GLOBAL_REIT,101.61,393604
2021-09-24,BITCOIN_INDEX,30066.97,433282
2021-09-27,BRENT_CRUDE,110.79,141946
2021-09-27,GOLD_OUNCE,102.92,374470
2021-09-27,US_10Y_BOND,105.44,234074
2021-09-27,GLOBAL_REIT,99.24,98832
2021-09-27,BITCOIN_INDEX,30621.67,166377
2021-09-28,BRENT_CRUDE,99.87,168959
2021-09-28,GOLD_OUNCE,101.87,101438
2021-09-28,US_10Y_BOND,102.93,114613
2021-09-28,GLOBAL_REIT,103.18,388771
2021-09-28,BITCOIN_INDEX,28975.16,173523
2021-09-29,BRENT_CRUDE,100.48,267668
2021-09-29,GOLD_OUNCE,102.36,283540
2021-09-29,US_10Y_BOND,101.36,251043
2021-09-29,GLOBAL_REIT,103.87,100617
2021-09-29,BITCOIN_INDEX,29444.25,84889
2021-09-30,BRENT_CRUDE,103.98,498613
2021-09-30,GOLD_OUNCE,100.23,364770
2021-09-30,US_10Y_BOND,100.95,419756
2021-09-30,GLOBAL_REIT,105.16,348262
2021-09-30,BITCOIN_INDEX,32254.88,277550
2021-10-01,BRENT_CRUDE,103.32,463436
2021-10-01,GOLD_OUNCE,106.69,268541
2021-10-01,US_10Y_BOND,101.46,245850
2021-10-01,GLOBAL_REIT,106.76,432046
2021-10-01,BITCOIN_INDEX,30961.65,376851
2021-10-04,BRENT_CRUDE,100.39,387689
2021-10-04,GOLD_OUNCE,99.53,167352
2021-10-04,US_10Y_BOND,109.74,459241
2021-10-04,GLOBAL_REIT,106.82,64249
2021-10-04,BITCOIN_INDEX,30498.2,154476
2021-10-05,BRENT_CRUDE,107.63,193698
2021-10-05,GOLD_OUNCE,100.18,68613
2021-10-05,US_10Y_BOND,102.08,129221
2021-10-05,GLOBAL_REIT,101.5,141676
2021-10-05,BITCOIN_INDEX,30691.79,232330
2021-10-06,BRENT_CRUDE,108.5,484972
2021-10-06,GOLD_OUNCE,106.49,184578
2021-10-06,US_10Y_BOND,103.91,230281
2021-10-06,GLOBAL_REIT,107.16,312911
2021-10-06,BITCOIN_INDEX,29255.52,161656
2021-10-07,BRENT_CRUDE,104.62,53169
2021-10-07,GOLD_OUNCE,109.05,316103
2021-10-07,US_10Y_BOND,102.74,67041
2021-10-07,GLOBAL_REIT,106.98,413230
2021-10-07,BITCOIN_INDEX,31243.14,473647
2021-10-08,BRENT_CRUDE,106.79,341977
2021-10-08,GOLD_OUNCE,105.79,62598
2021-10-08,US_10Y_BOND,106.03,79449
2021-10-08,GLOBAL_REIT,101.88,257465
2021-10-08,BITCOIN_INDEX,31611.76,479583
2021-10-11,BRENT_CRUDE,105.31,222916
2021-10-11,GOLD_OUNCE,99.96,333422
2021-10-11,US_10Y_BOND,103.76,436445
2021-10-11,GLOBAL_REIT,103.25,415101
2021-10-11,BITCOIN_INDEX,32277.09,256746
2021-10-12,BRENT_CRUDE,108.18,378000
2021-10-12,GOLD_OUNCE,103.58,227018
2021-10-12,US_10Y_BOND,105.37,121398
2021-10-12,GLOBAL_REIT,101.42,319622
2021-10-12,BITCOIN_INDEX,31069.68,212693
2021-10-13,BRENT_CRUDE,106.86,463771
2021-10-13,GOLD_OUNCE,112.17,90961
2021-10-13,US_10Y_BOND,109.86,477781
2021-10-13,GLOBAL_REIT,110.15,217198
2021-10-13,BITCOIN_INDEX,31151.18,169379
2021-10-14,BRENT_CRUDE,105.38,275850
2021-10-14,GOLD_OUNCE,105.45,120983
2021-10-14,US_10Y_BOND,109.35,172457
2021-10-14,GLOBAL_REIT,105.82,161144
2021-10-14,BITCOIN_INDEX,32765.13,457428
2021-10-15,BRENT_CRUDE,107.46,51335
2021-10-15,GOLD_OUNCE,109.98,148492
2021-10-15,US_10Y_BOND,111.33,427140
2021-10-15,GLOBAL_REIT,105.99,264923
2021-10-15,BITCOIN_INDEX,32694.1,168700
2021-10-18,BRENT_CRUDE,103.63,164868
2021-10-18,GOLD_OUNCE,106.6,52484
2021-10-18,US_10Y_BOND,108.95,201548
2021-10-18,GLOBAL_REIT,113.5,401501
2021-10-18,BITCOIN_INDEX,32277.98,348583
2021-10-19,BRENT_CRUDE,112.72,172186
2021-10-19,GOLD_OUNCE,111.67,222062
2021-10-19,US_10Y_BOND,106.38,182896
2021-10-19,GLOBAL_REIT,108.77,232888
2021-10-19,BITCOIN_INDEX,31385.37,373159
2021-10-20,BRENT_CRUDE,117.7,263042
2021-10-20,GOLD_OUNCE,107.97,286417
2021-10-20,US_10Y_BOND,111.05,51444
2021-10-20,GLOBAL_REIT,111.01,200109
2021-10-20,BITCOIN_INDEX,32240.78,163933
2021-10-21,BRENT_CRUDE,106.65,289222
2021-10-21,GOLD_OUNCE,109.33,186649
2021-10-21,US_10Y_BOND,112.88,347883
2021-10-21,GLOBAL_REIT,107.56,250747
2021-10-21,BITCOIN_INDEX,34048.65,385602
2021-10-22,BRENT_CRUDE,110.76,133394
2021-10-22,GOLD_OUNCE,106.45,134394
2021-10-22,US_10Y_BOND,105.5,55472
2021-10-22,GLOBAL_REIT,110.83,295664
2021-10-22,BITCOIN_INDEX,32411.29,203746
2021-10-25,BRENT_CRUDE,114.24,209492
2021-10-25,GOLD_OUNCE,111.83,259733
2021-10-25,US_10Y_BOND,110.29,210383
2021-10-25,GLOBAL_REIT,107.88,245085
2021-10-25,BITCOIN_INDEX,34645.74,307609
2021-10-26,BRENT_CRUDE,106.93,239947
2021-10-26,GOLD_OUNCE,110.32,445809
2021-10-26,US_10Y_BOND,109.85,396298
2021-10-26,GLOBAL_REIT,110.87,156146
2021-10-26,BITCOIN_INDEX,31711.78,65547
2021-10-27,BRENT_CRUDE,105.83,168692
2021-10-27,GOLD_OUNCE,108.4,478927
2021-10-27,US_10Y_BOND,109.06,106393
2021-10-27,GLOBAL_REIT,109.51,412845
2021-10-27,BITCOIN_INDEX,32563.25,148888
2021-10-28,BRENT_CRUDE,112.12,386304
2021-10-28,GOLD_OUNCE,106.83,436463
2021-10-28,US_10Y_BOND,111.48,193763
2021-10-28,GLOBAL_REIT,107.98,395688
2021-10-28,BITCOIN_INDEX,32195.15,127945
2021-10-29,BRENT_CRUDE,110.22,421981
2021-10-29,GOLD_OUNCE,111.0,203323
2021-10-29,US_10Y_BOND,112.72,367246
2021-10-29,GLOBAL_REIT,106.7,415803
2021-10-29,BITCOIN_INDEX,34357.5,259196
2021-11-01,BRENT_CRUDE,110.01,95514
2021-11-01,GOLD_OUNCE,112.08,321111
2021-11-01,US_10Y_BOND,115.15,471871
2021-11-01,GLOBAL_REIT,111.21,441777
2021-11-01,BITCOIN_INDEX,33492.02,178137
2021-11-02,BRENT_CRUDE,107.55,183642
2021-11-02,GOLD_OUNCE,111.93,358991
2021-11-02,US_10Y_BOND,117.74,420609
2021-11-02,GLOBAL_REIT,108.67,203369
2021-11-02,BITCOIN_INDEX,34878.34,371805
2021-11-03,BRENT_CRUDE,113.27,292929
2021-11-03,GOLD_OUNCE,108.1,244910
2021-11-03,US_10Y_BOND,107.03,206980
2021-11-03,GLOBAL_REIT,110.05,485354
2021-11-03,BITCOIN_INDEX,34003.27,400543
2021-11-04,BRENT_CRUDE,115.51,483630
2021-11-04,GOLD_OUNCE,115.21,164167
2021-11-04,US_10Y_BOND,115.12,77296
2021-11-04,GLOBAL_REIT,109.61,392263
2021-11-04,BITCOIN_INDEX,34092.26,289554
2021-11-05,BRENT_CRUDE,110.56,479969
2021-11-05,GOLD_OUNCE,115.41,109156
2021-11-05,US_10Y_BOND,119.89,270064
2021-11-05,GLOBAL_REIT,107.86,397485
2021-11-05,BITCOIN_INDEX,33019.84,77574
2021-11-08,BRENT_CRUDE,116.21,458288
2021-11-08,GOLD_OUNCE,114.47,385662
2021-11-08,US_10Y_BOND,115.17,113631
2021-11-08,GLOBAL_REIT,108.34,102677
2021-11-08,BITCOIN_INDEX,34791.37,80261
2021-11-09,BRENT_CRUDE,114.42,97701
2021-11-09,GOLD_OUNCE,108.93,325318
2021-11-09,US_10Y_BOND,114.26,146544
2021-11-09,GLOBAL_REIT,113.61,437987
2021-11-09,BITCOIN_INDEX,33067.9,358304
2021-11-10,BRENT_CRUDE,111.76,448690
2021-11-10,GOLD_OUNCE,115.83,219667
2021-11-10,US_10Y_BOND,113.19,170535
2021-11-10,GLOBAL_REIT,117.0,167116
2021-11-10,BITCOIN_INDEX,33334.99,468525
2021-11-11,BRENT_CRUDE,114.07,172158
2021-11-11,GOLD_OUNCE,110.2,51353
2021-11-11,US_10Y_BOND,111.54,361647
2021-11-11,GLOBAL_REIT,117.5,68454
2021-11-11,BITCOIN_INDEX,34442.14,467895
2021-11-12,BRENT_CRUDE,115.76,98209
2021-11-12,GOLD_OUNCE,113.12,384764
2021-11-12,US_10Y_BOND,108.34,85614
2021-11-12,GLOBAL_REIT,117.0,322131
2021-11-12,BITCOIN_INDEX,34167.81,321893
2021-11-15,BRENT_CRUDE,112.67,379635
2021-11-15,GOLD_OUNCE,110.63,379212
2021-11-15,US_10Y_BOND,110.22,469318
2021-11-15,GLOBAL_REIT,115.62,392458
2021-11-15,BITCOIN_INDEX,34092.01,125806
2021-11-16,BRENT_CRUDE,116.02,150960
2021-11-16,GOLD_OUNCE,118.01,383864
2021-11-16,US_10Y_BOND,115.0,407372
2021-11-16,GLOBAL_REIT,113.38,487659
2021-11-16,BITCOIN_INDEX,33420.13,260800
2021-11-17,BRENT_CRUDE,109.02,332106
2021-11-17,GOLD_OUNCE,114.01,229285
2021-11-17,US_10Y_BOND,115.04,277024
2021-11-17,GLOBAL_REIT,113.89,388087
2021-11-17,BITCOIN_INDEX,35909.58,260349
2021-11-18,BRENT_CRUDE,114.61,331333
2021-11-18,GOLD_OUNCE,113.47,491543
2021-11-18,US_10Y_BOND,114.56,94169
2021-11-18,GLOBAL_REIT,112.77,117048
2021-11-18,BITCOIN_INDEX,33128.15,387128
2021-11-19,BRENT_CRUDE,116.32,281389
2021-11-19,GOLD_OUNCE,114.54,50396
2021-11-19,US_10Y_BOND,110.09,438233
2021-11-19,GLOBAL_REIT,115.6,435170
2021-11-19,BITCOIN_INDEX,34459.23,163408
2021-11-22,BRENT_CRUDE,116.23,420186
2021-11-22,GOLD_OUNCE,111.15,212935
2021-11-22,US_10Y_BOND,111.8,118771
2021-11-22,GLOBAL_REIT,114.22,305758
2021-11-22,BITCOIN_INDEX,34332.71,155604
2021-11-23,BRENT_CRUDE,114.43,249766
2021-11-23,GOLD_OUNCE,114.82,467903
2021-11-23,US_10Y_BOND,112.97,61008
2021-11-23,GLOBAL_REIT,118.02,190607
2021-11-23,BITCOIN_INDEX,34820.86,109183
2021-11-24,BRENT_CRUDE,115.27,298505
2021-11-24,GOLD_OUNCE,113.7,153182
2021-11-24,US_10Y_BOND,116.47,174392
2021-11-24,GLOBAL_REIT,117.11,389013
2021-11-24,BITCOIN_INDEX,35173.57,103345
2021-11-25,BRENT_CRUDE,111.52,361507
2021-11-25,GOLD_OUNCE,116.2,127608
2021-11-25,US_10Y_BOND,110.42,376685
2021-11-25,GLOBAL_REIT,116.39,52703
2021-11-25,BITCOIN_INDEX,34818.32,103041
2021-11-26,BRENT_CRUDE,116.13,347320
2021-11-26,GOLD_OUNCE,115.12,218361
2021-11-26,US_10Y_BOND,114.59,213238
2021-11-26,GLOBAL_REIT,114.58,371214
2021-11-26,BITCOIN_INDEX,34450.71,441176
2021-11-29,BRENT_CRUDE,115.51,134063
2021-11-29,GOLD_OUNCE,113.25,68034
2021-11-29,US_10Y_BOND,114.79,474474
2021-11-29,GLOBAL_REIT,115.39,286456
2021-11-29,BITCOIN_INDEX,35729.36,386939
2021-11-30,BRENT_CRUDE,118.6,268253
2021-11-30,GOLD_OUNCE,112.82,337062
2021-11-30,US_10Y_BOND,114.9,238282
2021-11-30,GLOBAL_REIT,116.59,457587
2021-11-30,BITCOIN_INDEX,32692.26,158175
2021-12-01,BRENT_CRUDE,116.95,65343
2021-12-01,GOLD_OUNCE,112.25,322988
2021-12-01,US_10Y_BOND,117.31,462466
2021-12-01,GLOBAL_REIT,117.7,291400
2021-12-01,BITCOIN_INDEX,34053.96,413378
2021-12-02,BRENT_CRUDE,114.4,211542
2021-12-02,GOLD_OUNCE,118.38,254944
2021-12-02,US_10Y_BOND,111.21,398744
2021-12-02,GLOBAL_REIT,119.26,456796
2021-12-02,BITCOIN_INDEX,35305.51,96762
2021-12-03,BRENT_CRUDE,115.79,163174
2021-12-03,GOLD_OUNCE,111.38,127337
2021-12-03,US_10Y_BOND,111.7,440690
2021-12-03,GLOBAL_REIT,116.37,312562
2021-12-03,BITCOIN_INDEX,34394.27,112277
2021-12-06,BRENT_CRUDE,115.4,304327
2021-12-06,GOLD_OUNCE,114.89,50841
2021-12-06,US_10Y_BOND,115.31,196445
2021-12-06,GLOBAL_REIT,120.74,177187
2021-12-06,BITCOIN_INDEX,32920.42,96053
2021-12-07,BRENT_CRUDE,115.04,120459
2021-12-07,GOLD_OUNCE,108.95,68930
2021-12-07,US_10Y_BOND,115.43,254825
2021-12-07,GLOBAL_REIT,116.18,313377
2021-12-07,BITCOIN_INDEX,34694.75,375481
2021-12-08,BRENT_CRUDE,114.47,378332
2021-12-08,GOLD_OUNCE,107.82,377446
2021-12-08,US_10Y_BOND,118.63,465734
2021-12-08,GLOBAL_REIT,107.8,334398
2021-12-08,BITCOIN_INDEX,35480.01,101850
2021-12-09,BRENT_CRUDE,116.35,285297
2021-12-09,GOLD_OUNCE,114.2,182716
2021-12-09,US_10Y_BOND,115.71,320543
2021-12-09,GLOBAL_REIT,115.43,120043
2021-12-09,BITCOIN_INDEX,33039.0,310907
2021-12-10,BRENT_CRUDE,110.09,222235
2021-12-10,GOLD_OUNCE,119.85,160456
2021-12-10,US_10Y_BOND,114.36,161446
2021-12-10,GLOBAL_REIT,108.17,402275
2021-12-10,BITCOIN_INDEX,33407.4,93845
2021-12-13,BRENT_CRUDE,117.05,50081
2021-12-13,GOLD_OUNCE,110.27,55662
2021-12-13,US_10Y_BOND,115.62,211588
2021-12-13,GLOBAL_REIT,114.34,435993
2021-12-13,BITCOIN_INDEX,34333.36,115132
2021-12-14,BRENT_CRUDE,113.94,256777
2021-12-14,GOLD_OUNCE,114.5,227535
2021-12-14,US_10Y_BOND,111.37,290953
2021-12-14,GLOBAL_REIT,117.43,498012
2021-12-14,BITCOIN_INDEX,35903.36,276137
2021-12-15,BRENT_CRUDE,107.86,411433
2021-12-15,GOLD_OUNCE,111.67,389341
2021-12-15,US_10Y_BOND,112.33,237028
2021-12-15,GLOBAL_REIT,114.65,303954
2021-12-15,BITCOIN_INDEX,34797.89,81705
2021-12-16,BRENT_CRUDE,116.47,338032
2021-12-16,GOLD_OUNCE,117.12,170559
2021-12-16,US_10Y_BOND,113.3,118503
2021-12-16,GLOBAL_REIT,114.84,494240
2021-12-16,BITCOIN_INDEX,33647.01,471162
2021-12-17,BRENT_CRUDE,118.11,91002
2021-12-17,GOLD_OUNCE,114.31,130087
2021-12-17,US_10Y_BOND,111.77,462712
2021-12-17,GLOBAL_REIT,112.07,449977
2021-12-17,BITCOIN_INDEX,34833.24,69299
2021-12-20,BRENT_CRUDE,115.47,434922
2021-12-20,GOLD_OUNCE,113.55,210232
2021-12-20,US_10Y_BOND,111.73,281528
2021-12-20,GLOBAL_REIT,111.58,318547
2021-12-20,BITCOIN_INDEX,33918.83,423674
2021-12-21,BRENT_CRUDE,111.74,249948
2021-12-21,GOLD_OUNCE,115.56,137207
2021-12-21,US_10Y_BOND,111.12,240427
2021-12-21,GLOBAL_REIT,113.86,282413
2021-12-21,BITCOIN_INDEX,30350.5,151226
2021-12-22,BRENT_CRUDE,104.95,143923
2021-12-22,GOLD_OUNCE,119.67,494686
2021-12-22,US_10Y_BOND,110.16,305641
2021-12-22,GLOBAL_REIT,114.27,419647
2021-12-22,BITCOIN_INDEX,33841.09,228255
2021-12-23,BRENT_CRUDE,110.85,145456
2021-12-23,GOLD_OUNCE,112.86,375459
2021-12-23,US_10Y_BOND,112.47,184791
2021-12-23,GLOBAL_REIT,108.26,324879
2021-12-23,BITCOIN_INDEX,34301.1,453275
2021-12-24,BRENT_CRUDE,117.26,254002
2021-12-24,GOLD_OUNCE,113.49,285855
2021-12-24,US_10Y_BOND,115.09,346753
2021-12-24,GLOBAL_REIT,114.03,489871
2021-12-24,BITCOIN_INDEX,34162.85,430295
2021-12-27,BRENT_CRUDE,113.83,176544
2021-12-27,GOLD_OUNCE,117.32,258073
2021-12-27,US_10Y_BOND,106.34,431356
2021-12-27,GLOBAL_REIT,110.0,387833
2021-12-27,BITCOIN_INDEX,32503.69,302081
2021-12-28,BRENT_CRUDE,110.5,160474
2021-12-28,GOLD_OUNCE,113.67,274268
2021-12-28,US_10Y_BOND,111.13,210054
2021-12-28,GLOBAL_REIT,109.68,122045
2021-12-28,BITCOIN_INDEX,33214.39,491864
2021-12-29,BRENT_CRUDE,114.37,454868
2021-12-29,GOLD_OUNCE,111.42,320811
2021-12-29,US_10Y_BOND,107.13,418532
2021-12-29,GLOBAL_REIT,112.19,65810
2021-12-29,BITCOIN_INDEX,34190.91,266574
2021-12-30,BRENT_CRUDE,112.06,441563
2021-12-30,GOLD_OUNCE,112.88,353335
2021-12-30,US_10Y_BOND,111.32,390672
2021-12-30,GLOBAL_REIT,108.03,221977
2021-12-30,BITCOIN_INDEX,33334.25,201904
2021-12-31,BRENT_CRUDE,107.29,208297
2021-12-31,GOLD_OUNCE,113.14,301366
2021-12-31,US_10Y_BOND,111.6,359421
2021-12-31,GLOBAL_REIT,112.58,189841
2021-12-31,BITCOIN_INDEX,34992.02,220007
2022-01-03,BRENT_CRUDE,111.97,421978
2022-01-03,GOLD_OUNCE,109.58,310706
2022-01-03,US_10Y_BOND,112.6,380223
2022-01-03,GLOBAL_REIT,114.86,168520
2022-01-03,BITCOIN_INDEX,32398.73,425341
2022-01-04,BRENT_CRUDE,114.95,407914
2022-01-04,GOLD_OUNCE,108.2,372979
2022-01-04,US_10Y_BOND,108.35,297713
2022-01-04,GLOBAL_REIT,114.69,434736
2022-01-04,BITCOIN_INDEX,33305.99,157533
2022-01-05,BRENT_CRUDE,113.33,442757
2022-01-05,GOLD_OUNCE,110.2,179334
2022-01-05,US_10Y_BOND,108.85,475474
2022-01-05,GLOBAL_REIT,108.5,258115
2022-01-05,BITCOIN_INDEX,32669.15,72956
2022-01-06,BRENT_CRUDE,109.06,350913
2022-01-06,GOLD_OUNCE,113.82,99645
2022-01-06,US_10Y_BOND,114.7,208427
2022-01-06,GLOBAL_REIT,107.78,447209
2022-01-06,BITCOIN_INDEX,33153.55,104665
2022-01-07,BRENT_CRUDE,108.52,475384
2022-01-07,GOLD_OUNCE,104.94,198296
2022-01-07,US_10Y_BOND,111.73,117330
2022-01-07,GLOBAL_REIT,114.04,161675
2022-01-07,BITCOIN_INDEX,32406.64,150769
2022-01-10,BRENT_CRUDE,105.53,149702
2022-01-10,GOLD_OUNCE,109.34,385854
2022-01-10,US_10Y_BOND,105.86,354557
2022-01-10,GLOBAL_REIT,104.99,154436
2022-01-10,BITCOIN_INDEX,31334.56,113992
2022-01-11,BRENT_CRUDE,111.74,479542
2022-01-11,GOLD_OUNCE,107.79,108203
2022-01-11,US_10Y_BOND,109.2,225040
2022-01-11,GLOBAL_REIT,109.2,99513
2022-01-11,BITCOIN_INDEX,32371.61,227836
2022-01-12,BRENT_CRUDE,108.65,161233
2022-01-12,GOLD_OUNCE,107.55,219672
2022-01-12,US_10Y_BOND,106.2,167622
2022-01-12,GLOBAL_REIT,103.34,231012
2022-01-12,BITCOIN_INDEX,33497.44,60370
2022-01-13,BRENT_CRUDE,104.14,146212
2022-01-13,GOLD_OUNCE,107.77,372703
2022-01-13,US_10Y_BOND,104.4,309840
2022-01-13,GLOBAL_REIT,105.59,146707
2022-01-13,BITCOIN_INDEX,32806.65,382937
2022-01-14,BRENT_CRUDE,102.34,382846
2022-01-14,GOLD_OUNCE,98.11,404440
2022-01-14,US_10Y_BOND,103.32,136865
2022-01-14,GLOBAL_REIT,107.95,234278
2022-01-14,BITCOIN_INDEX,31157.72,369499
2022-01-17,BRENT_CRUDE,103.68,453504
2022-01-17,GOLD_OUNCE,102.7,239745
2022-01-17,US_10Y_BOND,103.48,130473
2022-01-17,GLOBAL_REIT,106.81,66149
2022-01-17,BITCOIN_INDEX,32037.56,443242
2022-01-18,BRENT_CRUDE,105.63,334809
2022-01-18,GOLD_OUNCE,106.54,215945
2022-01-18,US_10Y_BOND,108.86,128095
2022-01-18,GLOBAL_REIT,102.43,237842
2022-01-18,BITCOIN_INDEX,32209.97,421610
2022-01-19,BRENT_CRUDE,106.1,163275
2022-01-19,GOLD_OUNCE,100.77,276439
2022-01-19,US_10Y_BOND,105.44,174934
2022-01-19,GLOBAL_REIT,99.49,491005
2022-01-19,BITCOIN_INDEX,33102.31,365245
2022-01-20,BRENT_CRUDE,104.63,270751
2022-01-20,GOLD_OUNCE,104.98,356437
2022-01-20,US_10Y_BOND,99.96,256963
2022-01-20,GLOBAL_REIT,102.1,457785
2022-01-20,BITCOIN_INDEX,31039.45,129124
2022-01-21,BRENT_CRUDE,108.95,416939
2022-01-21,GOLD_OUNCE,102.0,264970
2022-01-21,US_10Y_BOND,102.59,238535
2022-01-21,GLOBAL_REIT,101.91,214067
2022-01-21,BITCOIN_INDEX,30497.94,460989
2022-01-24,BRENT_CRUDE,102.74,63390
2022-01-24,GOLD_OUNCE,104.9,346875
2022-01-24,US_10Y_BOND,103.69,209934
2022-01-24,GLOBAL_REIT,100.52,443480
2022-01-24,BITCOIN_INDEX,32771.94,299380
2022-01-25,BRENT_CRUDE,104.93,67230
2022-01-25,GOLD_OUNCE,107.86,145915
2022-01-25,US_10Y_BOND,103.21,130393
2022-01-25,GLOBAL_REIT,102.54,435063
2022-01-25,BITCOIN_INDEX,31411.22,270059
2022-01-26,BRENT_CRUDE,107.5,165140
2022-01-26,GOLD_OUNCE,109.46,402002
2022-01-26,US_10Y_BOND,101.68,86756
2022-01-26,GLOBAL_REIT,105.9,301537
2022-01-26,BITCOIN_INDEX,31639.81,146443
2022-01-27,BRENT_CRUDE,103.02,264069
2022-01-27,GOLD_OUNCE,111.91,257287
2022-01-27,US_10Y_BOND,101.68,168564
2022-01-27,GLOBAL_REIT,101.29,160284
2022-01-27,BITCOIN_INDEX,31324.39,418354
2022-01-28,BRENT_CRUDE,99.35,197199
2022-01-28,GOLD_OUNCE,104.4,330765
2022-01-28,US_10Y_BOND,100.43,182047
2022-01-28,GLOBAL_REIT,99.05,313950
2022-01-28,BITCOIN_INDEX,31722.71,496685
2022-01-31,BRENT_CRUDE,102.63,194293
2022-01-31,GOLD_OUNCE,100.79,293129
2022-01-31,US_10Y_BOND,105.81,77491
2022-01-31,GLOBAL_REIT,100.74,332205
2022-01-31,BITCOIN_INDEX,30257.24,97381
2022-02-01,BRENT_CRUDE,105.67,160162
2022-02-01,GOLD_OUNCE,102.92,239723
2022-02-01,US_10Y_BOND,101.8,302185
2022-02-01,GLOBAL_REIT,99.49,201555
2022-02-01,BITCOIN_INDEX,28979.02,344986
2022-02-02,BRENT_CRUDE,101.36,79885
2022-02-02,GOLD_OUNCE,96.45,161111
2022-02-02,US_10Y_BOND,98.87,355466
2022-02-02,GLOBAL_REIT,97.39,274726
2022-02-02,BITCOIN_INDEX,28828.58,156183
2022-02-03,BRENT_CRUDE,96.46,496926
2022-02-03,GOLD_OUNCE,101.66,225713
2022-02-03,US_10Y_BOND,99.41,141841
2022-02-03,GLOBAL_REIT,95.33,327850
2022-02-03,BITCOIN_INDEX,29520.35,109810
2022-02-04,BRENT_CRUDE,101.3,129513
2022-02-04,GOLD_OUNCE,91.41,77640
2022-02-04,US_10Y_BOND,99.69,394443
2022-02-04,GLOBAL_REIT,92.46,275473
2022-02-04,BITCOIN_INDEX,29498.03,78783
2022-02-07,BRENT_CRUDE,99.64,121487
2022-02-07,GOLD_OUNCE,101.08,113615
2022-02-07,US_10Y_BOND,101.19,63944
2022-02-07,GLOBAL_REIT,101.38,389348
2022-02-07,BITCOIN_INDEX,30053.47,141259
2022-02-08,BRENT_CRUDE,102.84,165122
2022-02-08,GOLD_OUNCE,99.83,287474
2022-02-08,US_10Y_BOND,95.19,486315
2022-02-08,GLOBAL_REIT,96.22,460661
2022-02-08,BITCOIN_INDEX,28523.64,377558
2022-02-09,BRENT_CRUDE,97.39,165065
2022-02-09,GOLD_OUNCE,96.68,288432
2022-02-09,US_10Y_BOND,94.53,93848
2022-02-09,GLOBAL_REIT,97.03,451341
2022-02-09,BITCOIN_INDEX,29401.23,464333
2022-02-10,BRENT_CRUDE,96.65,164703
2022-02-10,GOLD_OUNCE,102.54,384850
2022-02-10,US_10Y_BOND,91.55,210533
2022-02-10,GLOBAL_REIT,96.31,232591
2022-02-10,BITCOIN_INDEX,29790.13,264225
2022-02-11,BRENT_CRUDE,96.86,438619
2022-02-11,GOLD_OUNCE,96.24,188876
2022-02-11,US_10Y_BOND,93.07,244954
2022-02-11,GLOBAL_REIT,100.01,111851
2022-02-11,BITCOIN_INDEX,27883.13,420974
2022-02-14,BRENT_CRUDE,97.57,240530
2022-02-14,GOLD_OUNCE,96.51,137951
2022-02-14,US_10Y_BOND,100.21,346597
2022-02-14,GLOBAL_REIT,93.94,400256
2022-02-14,BITCOIN_INDEX,29047.45,469475
2022-02-15,BRENT_CRUDE,93.71,98555
2022-02-15,GOLD_OUNCE,96.74,191832
2022-02-15,US_10Y_BOND,94.39,346360
2022-02-15,GLOBAL_REIT,96.85,450075
2022-02-15,BITCOIN_INDEX,28802.96,355132
2022-02-16,BRENT_CRUDE,92.78,447009
2022-02-16,GOLD_OUNCE,92.78,313403
2022-02-16,US_10Y_BOND,94.7,96383
2022-02-16,GLOBAL_REIT,99.76,199708
2022-02-16,BITCOIN_INDEX,29042.26,365230
2022-02-17,BRENT_CRUDE,93.33,89785
2022-02-17,GOLD_OUNCE,97.77,363813
2022-02-17,US_10Y_BOND,95.88,280000
2022-02-17,GLOBAL_REIT,97.06,240262
2022-02-17,BITCOIN_INDEX,28186.66,434927
2022-02-18,BRENT_CRUDE,96.31,495408
2022-02-18,GOLD_OUNCE,96.12,386941
2022-02-18,US_10Y_BOND,94.51,62692
2022-02-18,GLOBAL_REIT,92.33,262660
2022-02-18,BITCOIN_INDEX,28587.82,474780
2022-02-21,BRENT_CRUDE,95.31,151991
2022-02-21,GOLD_OUNCE,88.13,272218
2022-02-21,US_10Y_BOND,95.05,300684
2022-02-21,GLOBAL_REIT,97.01,306253
2022-02-21,BITCOIN_INDEX,28879.99,171873
2022-02-22,BRENT_CRUDE,91.06,478930
2022-02-22,GOLD_OUNCE,92.99,440904
2022-02-22,US_10Y_BOND,89.21,470480
2022-02-22,GLOBAL_REIT,94.91,390015
2022-02-22,BITCOIN_INDEX,27768.66,339069
2022-02-23,BRENT_CRUDE,97.17,179138
2022-02-23,GOLD_OUNCE,94.4,252646
2022-02-23,US_10Y_BOND,90.56,155826
2022-02-23,GLOBAL_REIT,93.85,376497
2022-02-23,BITCOIN_INDEX,26982.07,177749
2022-02-24,BRENT_CRUDE,90.35,202287
2022-02-24,GOLD_OUNCE,94.44,385197
2022-02-24,US_10Y_BOND,88.95,104960
2022-02-24,GLOBAL_REIT,95.31,69113
2022-02-24,BITCOIN_INDEX,27539.94,250551
2022-02-25,BRENT_CRUDE,90.95,405404
2022-02-25,GOLD_OUNCE,93.1,90667
2022-02-25,US_10Y_BOND,87.43,259029
2022-02-25,GLOBAL_REIT,90.74,215072
2022-02-25,BITCOIN_INDEX,27169.83,392606
2022-02-28,BRENT_CRUDE,90.24,103402
2022-02-28,GOLD_OUNCE,96.44,176311
2022-02-28,US_10Y_BOND,95.14,485714
2022-02-28,GLOBAL_REIT,91.89,336861
2022-02-28,BITCOIN_INDEX,28757.56,201303
2022-03-01,BRENT_CRUDE,88.32,331463
2022-03-01,GOLD_OUNCE,88.98,83851
2022-03-01,US_10Y_BOND,88.73,239063
2022-03-01,GLOBAL_REIT,95.24,414656
2022-03-01,BITCOIN_INDEX,27895.51,496600
2022-03-02,BRENT_CRUDE,90.98,284618
2022-03-02,GOLD_OUNCE,88.38,412040
2022-03-02,US_10Y_BOND,90.27,191191
2022-03-02,GLOBAL_REIT,90.61,492767
2022-03-02,BITCOIN_INDEX,27106.11,444322
2022-03-03,BRENT_CRUDE,93.16,64739
2022-03-03,GOLD_OUNCE,94.02,149653
2022-03-03,US_10Y_BOND,87.85,139275
2022-03-03,GLOBAL_REIT,91.58,495060
2022-03-03,BITCOIN_INDEX,28085.44,110601
2022-03-04,BRENT_CRUDE,86.12,446059
2022-03-04,GOLD_OUNCE,87.1,164883
2022-03-04,US_10Y_BOND,87.42,398930
2022-03-04,GLOBAL_REIT,89.08,156966
2022-03-04,BITCOIN_INDEX,26973.09,226156
2022-03-07,BRENT_CRUDE,87.68,129924
2022-03-07,GOLD_OUNCE,89.07,182252
2022-03-07,US_10Y_BOND,92.41,354819
2022-03-07,GLOBAL_REIT,92.82,423755
2022-03-07,BITCOIN_INDEX,27600.76,170777
2022-03-08,BRENT_CRUDE,87.13,279829
2022-03-08,GOLD_OUNCE,90.72,325799
2022-03-08,US_10Y_BOND,88.48,449528
2022-03-08,GLOBAL_REIT,85.56,289361
2022-03-08,BITCOIN_INDEX,26212.14,97690
2022-03-09,BRENT_CRUDE,90.77,157827
2022-03-09,GOLD_OUNCE,90.62,446559
2022-03-09,US_10Y_BOND,83.47,241741
2022-03-09,GLOBAL_REIT,88.6,64990
2022-03-09,BITCOIN_INDEX,26751.5,87696
2022-03-10,BRENT_CRUDE,88.41,136832
2022-03-10,GOLD_OUNCE,94.55,316669
2022-03-10,US_10Y_BOND,86.21,338185
2022-03-10,GLOBAL_REIT,89.09,395219
2022-03-10,BITCOIN_INDEX,27536.58,139873
2022-03-11,BRENT_CRUDE,85.1,390527
2022-03-11,GOLD_OUNCE,88.12,160079
2022-03-11,US_10Y_BOND,91.03,229629
2022-03-11,GLOBAL_REIT,87.38,144675
2022-03-11,BITCOIN_INDEX,26654.37,375102
2022-03-14,BRENT_CRUDE,86.51,347024
2022-03-14,GOLD_OUNCE,88.82,468758
2022-03-14,US_10Y_BOND,87.73,378245
2022-03-14,GLOBAL_REIT,85.95,350475
2022-03-14,BITCOIN_INDEX,25925.22,402911
2022-03-15,BRENT_CRUDE,86.45,480310
2022-03-15,GOLD_OUNCE,89.92,360696
2022-03-15,US_10Y_BOND,88.37,458998
2022-03-15,GLOBAL_REIT,89.01,138535
2022-03-15,BITCOIN_INDEX,25994.5,62343
2022-03-16,BRENT_CRUDE,81.59,69589
2022-03-16,GOLD_OUNCE,88.16,491136
2022-03-16,US_10Y_BOND,89.65,499587
2022-03-16,GLOBAL_REIT,88.44,226385
2022-03-16,BITCOIN_INDEX,25603.37,281834
2022-03-17,BRENT_CRUDE,85.57,322736
2022-03-17,GOLD_OUNCE,80.27,125722
2022-03-17,US_10Y_BOND,85.59,248836
2022-03-17,GLOBAL_REIT,86.92,95062
2022-03-17,BITCOIN_INDEX,25749.09,398741
2022-03-18,BRENT_CRUDE,84.95,289171
2022-03-18,GOLD_OUNCE,86.03,462324
2022-03-18,US_10Y_BOND,86.4,373846
2022-03-18,GLOBAL_REIT,88.1,63627
2022-03-18,BITCOIN_INDEX,26113.46,152940
2022-03-21,BRENT_CRUDE,83.48,409217
2022-03-21,GOLD_OUNCE,85.78,303385
2022-03-21,US_10Y_BOND,82.26,462156
2022-03-21,GLOBAL_REIT,87.66,165824
2022-03-21,BITCOIN_INDEX,26773.79,402479
2022-03-22,BRENT_CRUDE,86.61,89778
2022-03-22,GOLD_OUNCE,86.32,233419
2022-03-22,US_10Y_BOND,90.85,403506
2022-03-22,GLOBAL_REIT,89.62,316997
2022-03-22,BITCOIN_INDEX,26399.24,414998
2022-03-23,BRENT_CRUDE,85.45,122023
2022-03-23,GOLD_OUNCE,82.22,322967
2022-03-23,US_10Y_BOND,88.96,204140
2022-03-23,GLOBAL_REIT,87.85,468270
2022-03-23,BITCOIN_INDEX,27663.27,328058
2022-03-24,BRENT_CRUDE,88.25,185395
2022-03-24,GOLD_OUNCE,83.5,172575
2022-03-24,US_10Y_BOND,86.06,486113
2022-03-24,GLOBAL_REIT,86.14,289549
2022-03-24,BITCOIN_INDEX,25178.96,385978
2022-03-25,BRENT_CRUDE,88.49,305226
2022-03-25,GOLD_OUNCE,87.27,272229
2022-03-25,US_10Y_BOND,85.77,345856
2022-03-25,GLOBAL_REIT,86.84,291539
2022-03-25,BITCOIN_INDEX,26183.11,455071
2022-03-28,BRENT_CRUDE,94.11,221968
2022-03-28,GOLD_OUNCE,84.08,329018
2022-03-28,US_10Y_BOND,82.85,484846
2022-03-28,GLOBAL_REIT,81.14,100088
2022-03-28,BITCOIN_INDEX,24908.52,92532
2022-03-29,BRENT_CRUDE,80.74,297108
2022-03-29,GOLD_OUNCE,90.19,489185
2022-03-29,US_10Y_BOND,87.16,328708
2022-03-29,GLOBAL_REIT,87.59,122861
2022-03-29,BITCOIN_INDEX,26768.59,164011
2022-03-30,BRENT_CRUDE,86.76,313250
2022-03-30,GOLD_OUNCE,90.22,144503
2022-03-30,US_10Y_BOND,89.39,448363
2022-03-30,GLOBAL_REIT,87.36,381522
2022-03-30,BITCOIN_INDEX,27276.89,268300
2022-03-31,BRENT_CRUDE,87.78,152104
2022-03-31,GOLD_OUNCE,85.65,317443
2022-03-31,US_10Y_BOND,88.47,495549
2022-03-31,GLOBAL_REIT,85.52,65280
2022-03-31,BITCOIN_INDEX,25833.26,228266
2022-04-01,BRENT_CRUDE,84.84,499670
2022-04-01,GOLD_OUNCE,86.2,87942
2022-04-01,US_10Y_BOND,87.15,164908
2022-04-01,GLOBAL_REIT,93.5,476873
2022-04-01,BITCOIN_INDEX,24389.49,222821
2022-04-04,BRENT_CRUDE,86.96,374553
2022-04-04,GOLD_OUNCE,87.25,124553
2022-04-04,US_10Y_BOND,84.1,169027
2022-04-04,GLOBAL_REIT,84.92,172227
2022-04-04,BITCOIN_INDEX,25443.72,328608
2022-04-05,BRENT_CRUDE,87.67,53886
2022-04-05,GOLD_OUNCE,87.61,343332
2022-04-05,US_10Y_BOND,86.05,220643
2022-04-05,GLOBAL_REIT,91.99,408849
2022-04-05,BITCOIN_INDEX,24466.79,189542
2022-04-06,BRENT_CRUDE,83.0,247841
2022-04-06,GOLD_OUNCE,86.55,447894
2022-04-06,US_10Y_BOND,81.13,317957
2022-04-06,GLOBAL_REIT,89.27,386617
2022-04-06,BITCOIN_INDEX,25294.27,215176
2022-04-07,BRENT_CRUDE,89.55,160458
2022-04-07,GOLD_OUNCE,87.08,214823
2022-04-07,US_10Y_BOND,88.38,210146
2022-04-07,GLOBAL_REIT,84.84,395868
2022-04-07,BITCOIN_INDEX,26506.54,430257
2022-04-08,BRENT_CRUDE,89.23,56376
2022-04-08,GOLD_OUNCE,84.28,193653
2022-04-08,US_10Y_BOND,85.93,191849
2022-04-08,GLOBAL_REIT,85.96,111276
2022-04-08,BITCOIN_INDEX,25015.74,73629
2022-04-11,BRENT_CRUDE,85.72,393855
2022-04-11,GOLD_OUNCE,85.49,421408
2022-04-11,US_10Y_BOND,87.76,273516
2022-04-11,GLOBAL_REIT,85.68,494745
2022-04-11,BITCOIN_INDEX,26444.8,376614
2022-04-12,BRENT_CRUDE,90.53,428131
2022-04-12,GOLD_OUNCE,84.36,138666
2022-04-12,US_10Y_BOND,85.74,57274
2022-04-12,GLOBAL_REIT,83.83,374466
2022-04-12,BITCOIN_INDEX,24948.92,264095
2022-04-13,BRENT_CRUDE,84.78,300018
2022-04-13,GOLD_OUNCE,89.91,99979
2022-04-13,US_10Y_BOND,87.2,188402
2022-04-13,GLOBAL_REIT,87.35,197860
2022-04-13,BITCOIN_INDEX,26068.85,386153
2022-04-14,BRENT_CRUDE,83.42,324116
2022-04-14,GOLD_OUNCE,83.11,72620
2022-04-14,US_10Y_BOND,83.52,70525
2022-04-14,GLOBAL_REIT,79.0,250225
2022-04-14,BITCOIN_INDEX,26245.51,317330
2022-04-15,BRENT_CRUDE,88.87,167385
2022-04-15,GOLD_OUNCE,89.15,414332
2022-04-15,US_10Y_BOND,84.41,57679
2022-04-15,GLOBAL_REIT,86.8,454619
2022-04-15,BITCOIN_INDEX,26013.44,147534
2022-04-18,BRENT_CRUDE,84.47,437519
2022-04-18,GOLD_OUNCE,84.88,487907
2022-04-18,US_10Y_BOND,84.61,154038
2022-04-18,GLOBAL_REIT,88.5,369835
2022-04-18,BITCOIN_INDEX,24280.04,446557
2022-04-19,BRENT_CRUDE,78.5,211475
2022-04-19,GOLD_OUNCE,87.93,431106
2022-04-19,US_10Y_BOND,86.77,483815
2022-04-19,GLOBAL_REIT,86.12,185022
2022-04-19,BITCOIN_INDEX,27602.41,123732
2022-04-20,BRENT_CRUDE,86.93,74006
2022-04-20,GOLD_OUNCE,85.74,306848
2022-04-20,US_10Y_BOND,88.71,299711
2022-04-20,GLOBAL_REIT,83.63,326321
2022-04-20,BITCOIN_INDEX,26013.39,261265
2022-04-21,BRENT_CRUDE,85.69,474320
2022-04-21,GOLD_OUNCE,88.42,208963
2022-04-21,US_10Y_BOND,80.13,219165
2022-04-21,GLOBAL_REIT,88.67,397738
2022-04-21,BITCOIN_INDEX,24035.45,336224
2022-04-22,BRENT_CRUDE,90.14,379955
2022-04-22,GOLD_OUNCE,85.13,242145
2022-04-22,US_10Y_BOND,84.85,411642
2022-04-22,GLOBAL_REIT,86.16,207059
2022-04-22,BITCOIN_INDEX,25702.17,482564
2022-04-25,BRENT_CRUDE,85.88,394304
2022-04-25,GOLD_OUNCE,91.22,438601
2022-04-25,US_10Y_BOND,88.31,323420
2022-04-25,GLOBAL_REIT,82.49,437690
2022-04-25,BITCOIN_INDEX,25198.89,308383
2022-04-26,BRENT_CRUDE,85.73,481495
2022-04-26,GOLD_OUNCE,89.28,195474
2022-04-26,US_10Y_BOND,83.77,157587
2022-04-26,GLOBAL_REIT,84.79,126768
2022-04-26,BITCOIN_INDEX,25927.06,233613
2022-04-27,BRENT_CRUDE,82.15,98849
2022-04-27,GOLD_OUNCE,82.37,212378
2022-04-27,US_10Y_BOND,85.06,313777
2022-04-27,GLOBAL_REIT,90.19,123610
2022-04-27,BITCOIN_INDEX,24796.7,444959
2022-04-28,BRENT_CRUDE,82.41,368497
2022-04-28,GOLD_OUNCE,88.78,97606
2022-04-28,US_10Y_BOND,89.75,481098
2022-04-28,GLOBAL_REIT,85.88,411797
2022-04-28,BITCOIN_INDEX,26171.8,234228
2022-04-29,BRENT_CRUDE,83.9,292349
2022-04-29,GOLD_OUNCE,88.14,106977
2022-04-29,US_10Y_BOND,81.81,253609
2022-04-29,GLOBAL_REIT,87.31,350586
2022-04-29,BITCOIN_INDEX,25772.07,429708
2022-05-02,BRENT_CRUDE,89.47,280646
2022-05-02,GOLD_OUNCE,88.05,278922
2022-05-02,US_10Y_BOND,89.49,190642
2022-05-02,GLOBAL_REIT,83.54,400790
2022-05-02,BITCOIN_INDEX,25705.02,495474
2022-05-03,BRENT_CRUDE,88.41,106416
2022-05-03,GOLD_OUNCE,86.43,478492
2022-05-03,US_10Y_BOND,84.76,187084
2022-05-03,GLOBAL_REIT,90.88,339545
2022-05-03,BITCOIN_INDEX,26821.36,394809
2022-05-04,BRENT_CRUDE,87.89,293164
2022-05-04,GOLD_OUNCE,87.85,432358
2022-05-04,US_10Y_BOND,89.52,428424
2022-05-04,GLOBAL_REIT,84.6,270744
2022-05-04,BITCOIN_INDEX,28422.61,256959
2022-05-05,BRENT_CRUDE,86.19,258237
2022-05-05,GOLD_OUNCE,90.38,140307
2022-05-05,US_10Y_BOND,90.02,102621
2022-05-05,GLOBAL_REIT,84.0,134519
2022-05-05,BITCOIN_INDEX,25759.09,107117
2022-05-06,BRENT_CRUDE,88.06,438508
2022-05-06,GOLD_OUNCE,86.67,206596
2022-05-06,US_10Y_BOND,90.85,471431
2022-05-06,GLOBAL_REIT,88.15,318825
2022-05-06,BITCOIN_INDEX,26034.39,404549
2022-05-09,BRENT_CRUDE,87.83,247025
2022-05-09,GOLD_OUNCE,89.57,352084
2022-05-09,US_10Y_BOND,90.91,88341
2022-05-09,GLOBAL_REIT,89.5,219707
2022-05-09,BITCOIN_INDEX,27249.11,334751
2022-05-10,BRENT_CRUDE,89.44,348862
2022-05-10,GOLD_OUNCE,89.47,254456
2022-05-10,US_10Y_BOND,86.4,343148
2022-05-10,GLOBAL_REIT,91.06,240831
2022-05-10,BITCOIN_INDEX,24976.5,301386
2022-05-11,BRENT_CRUDE,87.96,218425
2022-05-11,GOLD_OUNCE,85.71,381377
2022-05-11,US_10Y_BOND,90.49,334425
2022-05-11,GLOBAL_REIT,89.7,191546
2022-05-11,BITCOIN_INDEX,26655.72,137071
2022-05-12,BRENT_CRUDE,93.77,386335
2022-05-12,GOLD_OUNCE,88.64,391440
2022-05-12,US_10Y_BOND,88.55,396565
2022-05-12,GLOBAL_REIT,87.22,439964
2022-05-12,BITCOIN_INDEX,27625.28,375200
2022-05-13,BRENT_CRUDE,91.15,310818
2022-05-13,GOLD_OUNCE,92.08,99227
2022-05-13,US_10Y_BOND,92.62,190621
2022-05-13,GLOBAL_REIT,92.94,381118
2022-05-13,BITCOIN_INDEX,28749.56,215422
2022-05-16,BRENT_CRUDE,95.26,102553
2022-05-16,GOLD_OUNCE,92.02,172148
2022-05-16,US_10Y_BOND,87.8,51013
2022-05-16,GLOBAL_REIT,91.71,319870
2022-05-16,BITCOIN_INDEX,27179.47,409563
2022-05-17,BRENT_CRUDE,84.25,267109
2022-05-17,GOLD_OUNCE,92.93,428821
2022-05-17,US_10Y_BOND,90.78,318750
2022-05-17,GLOBAL_REIT,90.79,264630
2022-05-17,BITCOIN_INDEX,26397.88,198355
2022-05-18,BRENT_CRUDE,93.51,429566
2022-05-18,GOLD_OUNCE,87.92,353372
2022-05-18,US_10Y_BOND,90.41,453135
2022-05-18,GLOBAL_REIT,96.18,490713
2022-05-18,BITCOIN_INDEX,26689.5,158315
2022-05-19,BRENT_CRUDE,89.44,241851
2022-05-19,GOLD_OUNCE,93.77,176794
2022-05-19,US_10Y_BOND,90.73,186547
2022-05-19,GLOBAL_REIT,91.08,250382
2022-05-19,BITCOIN_INDEX,28611.03,312703
2022-05-20,BRENT_CRUDE,95.62,181864
2022-05-20,GOLD_OUNCE,91.13,147602
2022-05-20,US_10Y_BOND,93.21,299530
2022-05-20,GLOBAL_REIT,93.94,278159
2022-05-20,BITCOIN_INDEX,26963.43,233819
2022-05-23,BRENT_CRUDE,87.26,81870
2022-05-23,GOLD_OUNCE,95.39,146185
2022-05-23,US_10Y_BOND,91.08,316511
2022-05-23,GLOBAL_REIT,92.19,480582
2022-05-23,BITCOIN_INDEX,27053.5,112193
2022-05-24,BRENT_CRUDE,95.77,259278
2022-05-24,GOLD_OUNCE,93.44,495440
2022-05-24,US_10Y_BOND,92.14,234763
2022-05-24,GLOBAL_REIT,92.55,214409
2022-05-24,BITCOIN_INDEX,29025.05,251674
2022-05-25,BRENT_CRUDE,92.81,152036
2022-05-25,GOLD_OUNCE,95.31,51285
2022-05-25,US_10Y_BOND,88.12,334068
2022-05-25,GLOBAL_REIT,93.91,176526
2022-05-25,BITCOIN_INDEX,27853.46,304018
2022-05-26,BRENT_CRUDE,90.62,253665
2022-05-26,GOLD_OUNCE,100.17,286859
2022-05-26,US_10Y_BOND,90.02,109655
2022-05-26,GLOBAL_REIT,92.1,361983
2022-05-26,BITCOIN_INDEX,27683.11,287869
2022-05-27,BRENT_CRUDE,97.79,196607
2022-05-27,GOLD_OUNCE,92.74,305647
2022-05-27,US_10Y_BOND,94.11,362836
2022-05-27,GLOBAL_REIT,93.0,411070
2022-05-27,BITCOIN_INDEX,28389.66,430020
2022-05-30,BRENT_CRUDE,95.54,205544
2022-05-30,GOLD_OUNCE,95.54,461558
2022-05-30,US_10Y_BOND,93.68,296823
2022-05-30,GLOBAL_REIT,96.98,195535
2022-05-30,BITCOIN_INDEX,27940.83,119135
2022-05-31,BRENT_CRUDE,93.41,220595
2022-05-31,GOLD_OUNCE,95.0,413448
2022-05-31,US_10Y_BOND,95.79,480121
2022-05-31,GLOBAL_REIT,94.07,417117
2022-05-31,BITCOIN_INDEX,28405.17,306139
2022-06-01,BRENT_CRUDE,96.01,426275
2022-06-01,GOLD_OUNCE,87.35,326639
2022-06-01,US_10Y_BOND,94.5,345946
2022-06-01,GLOBAL_REIT,97.47,385574
2022-06-01,BITCOIN_INDEX,29590.29,353551
2022-06-02,BRENT_CRUDE,92.22,403449
2022-06-02,GOLD_OUNCE,95.39,63850
2022-06-02,US_10Y_BOND,96.01,325611
2022-06-02,GLOBAL_REIT,95.73,75394
2022-06-02,BITCOIN_INDEX,27141.22,216264
2022-06-03,BRENT_CRUDE,97.41,256813
2022-06-03,GOLD_OUNCE,96.1,263606
2022-06-03,US_10Y_BOND,100.7,185887
2022-06-03,GLOBAL_REIT,91.19,167447
2022-06-03,BITCOIN_INDEX,29046.81,390766
2022-06-06,BRENT_CRUDE,95.27,204654
2022-06-06,GOLD_OUNCE,96.09,337357
2022-06-06,US_10Y_BOND,95.17,184603
2022-06-06,GLOBAL_REIT,101.25,108333
2022-06-06,BITCOIN_INDEX,29122.92,354965
2022-06-07,BRENT_CRUDE,104.01,156709
2022-06-07,GOLD_OUNCE,93.46,408943
2022-06-07,US_10Y_BOND,94.0,127053
2022-06-07,GLOBAL_REIT,95.38,297287
2022-06-07,BITCOIN_INDEX,29226.92,78761
2022-06-08,BRENT_CRUDE,93.62,421888
2022-06-08,GOLD_OUNCE,93.7,151559
2022-06-08,US_10Y_BOND,98.1,359352
2022-06-08,GLOBAL_REIT,95.19,182670
2022-06-08,BITCOIN_INDEX,30481.7,206398
2022-06-09,BRENT_CRUDE,99.53,286409
2022-06-09,GOLD_OUNCE,99.79,364695
2022-06-09,US_10Y_BOND,102.78,369466
2022-06-09,GLOBAL_REIT,93.04,81756
2022-06-09,BITCOIN_INDEX,28769.22,235669
2022-06-10,BRENT_CRUDE,95.03,187262
2022-06-10,GOLD_OUNCE,99.76,337626
2022-06-10,US_10Y_BOND,101.62,406053
2022-06-10,GLOBAL_REIT,99.18,484524
2022-06-10,BITCOIN_INDEX,31012.81,437227
2022-06-13,BRENT_CRUDE,101.39,427996
2022-06-13,GOLD_OUNCE,99.01,172943
2022-06-13,US_10Y_BOND,104.46,444747
2022-06-13,GLOBAL_REIT,100.71,113355
2022-06-13,BITCOIN_INDEX,30121.03,191665
2022-06-14,BRENT_CRUDE,103.05,451799
2022-06-14,GOLD_OUNCE,98.72,178201
2022-06-14,US_10Y_BOND,97.95,234307
2022-06-14,GLOBAL_REIT,100.19,269001
2022-06-14,BITCOIN_INDEX,30199.07,201777
2022-06-15,BRENT_CRUDE,100.79,287482
2022-06-15,GOLD_OUNCE,95.95,493492
2022-06-15,US_10Y_BOND,103.49,444098
2022-06-15,GLOBAL_REIT,100.23,153878
2022-06-15,BITCOIN_INDEX,28297.18,281526
2022-06-16,BRENT_CRUDE,98.78,441552
2022-06-16,GOLD_OUNCE,101.27,317185
2022-06-16,US_10Y_BOND,101.9,109783
2022-06-16,GLOBAL_REIT,102.09,200887
2022-06-16,BITCOIN_INDEX,30195.33,230576
2022-06-17,BRENT_CRUDE,104.06,457473
2022-06-17,GOLD_OUNCE,100.82,343568
2022-06-17,US_10Y_BOND,98.3,323843
2022-06-17,GLOBAL_REIT,102.32,368852
2022-06-17,BITCOIN_INDEX,28828.99,313198
2022-06-20,BRENT_CRUDE,98.15,424782
2022-06-20,GOLD_OUNCE,104.04,252360
2022-06-20,US_10Y_BOND,98.03,300024
2022-06-20,GLOBAL_REIT,100.2,159442
2022-06-20,BITCOIN_INDEX,30948.37,144897
2022-06-21,BRENT_CRUDE,103.03,122304
2022-06-21,GOLD_OUNCE,101.02,245562
2022-06-21,US_10Y_BOND,104.65,149436
2022-06-21,GLOBAL_REIT,97.58,349667
2022-06-21,BITCOIN_INDEX,30231.23,274494
2022-06-22,BRENT_CRUDE,100.49,277517
2022-06-22,GOLD_OUNCE,105.57,166785
2022-06-22,US_10Y_BOND,102.61,128058
2022-06-22,GLOBAL_REIT,104.73,172744
2022-06-22,BITCOIN_INDEX,28875.75,483698
2022-06-23,BRENT_CRUDE,103.98,127099
2022-06-23,GOLD_OUNCE,101.06,150591
2022-06-23,US_10Y_BOND,106.06,486336
2022-06-23,GLOBAL_REIT,104.52,363704
2022-06-23,BITCOIN_INDEX,31962.26,496121
2022-06-24,BRENT_CRUDE,100.85,79189
2022-06-24,GOLD_OUNCE,104.09,349973
2022-06-24,US_10Y_BOND,107.16,98950
2022-06-24,GLOBAL_REIT,105.82,475206
2022-06-24,BITCOIN_INDEX,32869.46,65683
2022-06-27,BRENT_CRUDE,106.04,482438
2022-06-27,GOLD_OUNCE,109.56,474599
2022-06-27,US_10Y_BOND,109.5,468207
2022-06-27,GLOBAL_REIT,102.48,312270
2022-06-27,BITCOIN_INDEX,29864.52,365598
2022-06-28,BRENT_CRUDE,106.0,430571
2022-06-28,GOLD_OUNCE,103.09,335749
2022-06-28,US_10Y_BOND,106.41,478940
2022-06-28,GLOBAL_REIT,102.6,111922
2022-06-28,BITCOIN_INDEX,32719.23,405697
2022-06-29,BRENT_CRUDE,105.29,380602
2022-06-29,GOLD_OUNCE,111.31,364969
2022-06-29,US_10Y_BOND,106.16,272542
2022-06-29,GLOBAL_REIT,108.24,190795
2022-06-29,BITCOIN_INDEX,31749.11,285442
2022-06-30,BRENT_CRUDE,105.12,144592
2022-06-30,GOLD_OUNCE,101.17,60590
2022-06-30,US_10Y_BOND,97.37,241317
2022-06-30,GLOBAL_REIT,103.59,143962
2022-06-30,BITCOIN_INDEX,31891.77,127432
2022-07-01,BRENT_CRUDE,107.37,262486
2022-07-01,GOLD_OUNCE,105.48,260691
2022-07-01,US_10Y_BOND,102.65,411018
2022-07-01,GLOBAL_REIT,102.43,498221
2022-07-01,BITCOIN_INDEX,30807.69,301652
2022-07-04,BRENT_CRUDE,105.72,375225
2022-07-04,GOLD_OUNCE,109.28,178963
2022-07-04,US_10Y_BOND,106.02,411676
2022-07-04,GLOBAL_REIT,108.89,165117
2022-07-04,BITCOIN_INDEX,31164.46,64147
2022-07-05,BRENT_CRUDE,111.69,235853
2022-07-05,GOLD_OUNCE,103.23,132760
2022-07-05,US_10Y_BOND,107.26,259188
2022-07-05,GLOBAL_REIT,104.54,257372
2022-07-05,BITCOIN_INDEX,30267.02,113034
2022-07-06,BRENT_CRUDE,108.26,123223
2022-07-06,GOLD_OUNCE,106.22,349661
2022-07-06,US_10Y_BOND,108.53,79746
2022-07-06,GLOBAL_REIT,106.96,423674
2022-07-06,BITCOIN_INDEX,31973.18,168647
2022-07-07,BRENT_CRUDE,107.62,233463
2022-07-07,GOLD_OUNCE,104.49,462502
2022-07-07,US_10Y_BOND,103.39,212420
2022-07-07,GLOBAL_REIT,112.08,407225
2022-07-07,BITCOIN_INDEX,31873.92,87840
2022-07-08,BRENT_CRUDE,107.57,110234
2022-07-08,GOLD_OUNCE,113.7,169119
2022-07-08,US_10Y_BOND,107.66,164932
2022-07-08,GLOBAL_REIT,106.78,221946
2022-07-08,BITCOIN_INDEX,33850.19,322408
2022-07-11,BRENT_CRUDE,110.13,355269
2022-07-11,GOLD_OUNCE,108.52,211432
2022-07-11,US_10Y_BOND,103.46,109251
2022-07-11,GLOBAL_REIT,105.58,52880
2022-07-11,BITCOIN_INDEX,30904.33,373736
2022-07-12,BRENT_CRUDE,106.21,485850
2022-07-12,GOLD_OUNCE,108.3,399844
2022-07-12,US_10Y_BOND,113.65,142793
2022-07-12,GLOBAL_REIT,106.86,363704
2022-07-12,BITCOIN_INDEX,32462.36,257884
2022-07-13,BRENT_CRUDE,109.18,285256
2022-07-13,GOLD_OUNCE,106.84,131455
2022-07-13,US_10Y_BOND,110.02,325977
2022-07-13,GLOBAL_REIT,109.16,293165
2022-07-13,BITCOIN_INDEX,32795.28,403241
2022-07-14,BRENT_CRUDE,109.24,196930
2022-07-14,GOLD_OUNCE,107.56,461149
2022-07-14,US_10Y_BOND,107.97,454300
2022-07-14,GLOBAL_REIT,106.73,198793
2022-07-14,BITCOIN_INDEX,32438.24,493206
2022-07-15,BRENT_CRUDE,110.15,421226
2022-07-15,GOLD_OUNCE,108.37,83691
2022-07-15,US_10Y_BOND,110.55,295238
2022-07-15,GLOBAL_REIT,112.54,319186
2022-07-15,BITCOIN_INDEX,31702.58,427393
2022-07-18,BRENT_CRUDE,112.17,399813
2022-07-18,GOLD_OUNCE,105.46,270847
2022-07-18,US_10Y_BOND,109.97,380253
2022-07-18,GLOBAL_REIT,110.8,474341
2022-07-18,BITCOIN_INDEX,32093.04,87597
2022-07-19,BRENT_CRUDE,106.45,338671
2022-07-19,GOLD_OUNCE,109.1,388495
2022-07-19,US_10Y_BOND,110.95,423178
2022-07-19,GLOBAL_REIT,111.06,253661
2022-07-19,BITCOIN_INDEX,34027.44,444261
2022-07-20,BRENT_CRUDE,116.11,326913
2022-07-20,GOLD_OUNCE,107.84,217472
2022-07-20,US_10Y_BOND,109.01,420205
2022-07-20,GLOBAL_REIT,103.09,236485
2022-07-20,BITCOIN_INDEX,33054.97,157095
2022-07-21,BRENT_CRUDE,106.11,91112
2022-07-21,GOLD_OUNCE,110.43,55704
2022-07-21,US_10Y_BOND,109.28,149091
2022-07-21,GLOBAL_REIT,109.42,99828
2022-07-21,BITCOIN_INDEX,34085.61,477086
2022-07-22,BRENT_CRUDE,110.01,78009
2022-07-22,GOLD_OUNCE,112.24,325454
2022-07-22,US_10Y_BOND,109.5,150941
2022-07-22,GLOBAL_REIT,111.96,468069
2022-07-22,BITCOIN_INDEX,32038.73,162569
2022-07-25,BRENT_CRUDE,118.04,110164
2022-07-25,GOLD_OUNCE,114.27,71920
2022-07-25,US_10Y_BOND,111.55,495940
2022-07-25,GLOBAL_REIT,110.8,70273
2022-07-25,BITCOIN_INDEX,32413.44,313151
2022-07-26,BRENT_CRUDE,118.59,294205
2022-07-26,GOLD_OUNCE,111.73,229180
2022-07-26,US_10Y_BOND,109.35,246203
2022-07-26,GLOBAL_REIT,112.67,406006
2022-07-26,BITCOIN_INDEX,33519.99,52688
2022-07-27,BRENT_CRUDE,115.43,405385
2022-07-27,GOLD_OUNCE,116.9,250226
2022-07-27,US_10Y_BOND,112.21,303820
2022-07-27,GLOBAL_REIT,109.92,385941
2022-07-27,BITCOIN_INDEX,33357.54,50626
2022-07-28,BRENT_CRUDE,116.06,149574
2022-07-28,GOLD_OUNCE,113.58,199804
2022-07-28,US_10Y_BOND,108.41,431369
2022-07-28,GLOBAL_REIT,114.44,214971
2022-07-28,BITCOIN_INDEX,32576.04,68623
2022-07-29,BRENT_CRUDE,114.42,128165
2022-07-29,GOLD_OUNCE,113.01,313986
2022-07-29,US_10Y_BOND,111.3,70103
2022-07-29,GLOBAL_REIT,113.04,409630
2022-07-29,BITCOIN_INDEX,33138.35,332604
2022-08-01,BRENT_CRUDE,112.64,327208
2022-08-01,GOLD_OUNCE,115.12,271547
2022-08-01,US_10Y_BOND,113.41,481984
2022-08-01,GLOBAL_REIT,115.47,139704
2022-08-01,BITCOIN_INDEX,35061.58,402624
2022-08-02,BRENT_CRUDE,111.67,379482
2022-08-02,GOLD_OUNCE,114.88,336238
2022-08-02,US_10Y_BOND,115.88,256516
2022-08-02,GLOBAL_REIT,106.39,329095
2022-08-02,BITCOIN_INDEX,33319.71,232998
2022-08-03,BRENT_CRUDE,113.4,168316
2022-08-03,GOLD_OUNCE,110.96,232632
2022-08-03,US_10Y_BOND,115.68,96913
2022-08-03,GLOBAL_REIT,115.98,350505
2022-08-03,BITCOIN_INDEX,35511.52,263502
2022-08-04,BRENT_CRUDE,116.33,171494
2022-08-04,GOLD_OUNCE,110.51,148528
2022-08-04,US_10Y_BOND,118.4,233883
2022-08-04,GLOBAL_REIT,113.54,184938
2022-08-04,BITCOIN_INDEX,35625.49,424340
2022-08-05,BRENT_CRUDE,113.63,218609
2022-08-05,GOLD_OUNCE,117.14,325714
2022-08-05,US_10Y_BOND,114.62,402029
2022-08-05,GLOBAL_REIT,113.09,228848
2022-08-05,BITCOIN_INDEX,33027.15,258750
2022-08-08,BRENT_CRUDE,116.73,223859
2022-08-08,GOLD_OUNCE,114.41,256817
2022-08-08,US_10Y_BOND,110.38,330866
2022-08-08,GLOBAL_REIT,111.92,416455
2022-08-08,BITCOIN_INDEX,33669.67,365986
2022-08-09,BRENT_CRUDE,113.14,150817
2022-08-09,GOLD_OUNCE,115.4,308989
2022-08-09,US_10Y_BOND,114.1,291474
2022-08-09,GLOBAL_REIT,112.56,154737
2022-08-09,BITCOIN_INDEX,35249.72,440124
2022-08-10,BRENT_CRUDE,114.71,472926
2022-08-10,GOLD_OUNCE,106.87,349604
2022-08-10,US_10Y_BOND,113.21,237542
2022-08-10,GLOBAL_REIT,113.56,477759
2022-08-10,BITCOIN_INDEX,32921.57,260382
2022-08-11,BRENT_CRUDE,114.99,89689
2022-08-11,GOLD_OUNCE,112.28,92789
2022-08-11,US_10Y_BOND,113.31,355401
2022-08-11,GLOBAL_REIT,116.99,279015
2022-08-11,BITCOIN_INDEX,34495.1,81047
2022-08-12,BRENT_CRUDE,110.2,206245
2022-08-12,GOLD_OUNCE,110.13,347084
2022-08-12,US_10Y_BOND,115.17,73315
2022-08-12,GLOBAL_REIT,120.27,243475
2022-08-12,BITCOIN_INDEX,34318.38,443563
2022-08-15,BRENT_CRUDE,116.11,177854
2022-08-15,GOLD_OUNCE,115.22,472455
2022-08-15,US_10Y_BOND,119.21,455972
2022-08-15,GLOBAL_REIT,116.75,298038
2022-08-15,BITCOIN_INDEX,34573.44,319639
2022-08-16,BRENT_CRUDE,118.27,250294
2022-08-16,GOLD_OUNCE,115.44,489851
2022-08-16,US_10Y_BOND,111.5,404233
2022-08-16,GLOBAL_REIT,117.17,206558
2022-08-16,BITCOIN_INDEX,35640.03,126326
2022-08-17,BRENT_CRUDE,118.01,171010
2022-08-17,GOLD_OUNCE,116.66,91332
2022-08-17,US_10Y_BOND,111.21,252894
2022-08-17,GLOBAL_REIT,112.0,168845
2022-08-17,BITCOIN_INDEX,35098.67,200675
2022-08-18,BRENT_CRUDE,114.19,403483
2022-08-18,GOLD_OUNCE,110.52,418004
2022-08-18,US_10Y_BOND,118.45,317784
2022-08-18,GLOBAL_REIT,113.98,232478
2022-08-18,BITCOIN_INDEX,35928.32,115622
2022-08-19,BRENT_CRUDE,116.22,423057
2022-08-19,GOLD_OUNCE,113.59,302001
2022-08-19,US_10Y_BOND,116.13,330783
2022-08-19,GLOBAL_REIT,114.46,408488
2022-08-19,BITCOIN_INDEX,34492.78,441927
2022-08-22,BRENT_CRUDE,114.75,202204
2022-08-22,GOLD_OUNCE,117.64,118498
2022-08-22,US_10Y_BOND,118.79,398706
2022-08-22,GLOBAL_REIT,115.99,495935
2022-08-22,BITCOIN_INDEX,33991.96,481091
2022-08-23,BRENT_CRUDE,115.46,353671
2022-08-23,GOLD_OUNCE,119.2,377648
2022-08-23,US_10Y_BOND,114.9,165995
2022-08-23,GLOBAL_REIT,117.66,227219
2022-08-23,BITCOIN_INDEX,34735.82,310202
2022-08-24,BRENT_CRUDE,113.8,313476
2022-08-24,GOLD_OUNCE,112.86,288970
2022-08-24,US_10Y_BOND,117.01,193708
2022-08-24,GLOBAL_REIT,115.87,97623
2022-08-24,BITCOIN_INDEX,33585.5,306546
2022-08-25,BRENT_CRUDE,117.43,331869
2022-08-25,GOLD_OUNCE,115.43,493514
2022-08-25,US_10Y_BOND,119.35,189292
2022-08-25,GLOBAL_REIT,110.28,121597
2022-08-25,BITCOIN_INDEX,34903.77,132612
2022-08-26,BRENT_CRUDE,115.61,464316
2022-08-26,GOLD_OUNCE,116.08,481750
2022-08-26,US_10Y_BOND,112.85,116316
2022-08-26,GLOBAL_REIT,109.09,224814
2022-08-26,BITCOIN_INDEX,33756.54,388912
2022-08-29,BRENT_CRUDE,115.24,133465
2022-08-29,GOLD_OUNCE,114.9,294467
2022-08-29,US_10Y_BOND,117.17,54778
2022-08-29,GLOBAL_REIT,114.41,495126
2022-08-29,BITCOIN_INDEX,36492.95,212023
2022-08-30,BRENT_CRUDE,113.49,433637
2022-08-30,GOLD_OUNCE,120.36,342007
2022-08-30,US_10Y_BOND,116.8,213791
2022-08-30,GLOBAL_REIT,116.93,323889
2022-08-30,BITCOIN_INDEX,33961.53,209166
2022-08-31,BRENT_CRUDE,119.67,368007
2022-08-31,GOLD_OUNCE,117.84,420052
2022-08-31,US_10Y_BOND,117.66,149215
2022-08-31,GLOBAL_REIT,113.7,63063
2022-08-31,BITCOIN_INDEX,32712.28,493007
2022-09-01,BRENT_CRUDE,116.62,97004
2022-09-01,GOLD_OUNCE,115.52,277503
2022-09-01,US_10Y_BOND,110.14,207534
2022-09-01,GLOBAL_REIT,113.88,132866
2022-09-01,BITCOIN_INDEX,34088.08,385550
2022-09-02,BRENT_CRUDE,116.25,486068
2022-09-02,GOLD_OUNCE,116.28,447907
2022-09-02,US_10Y_BOND,106.21,462095
2022-09-02,GLOBAL_REIT,113.99,325051
2022-09-02,BITCOIN_INDEX,34752.01,496467
2022-09-05,BRENT_CRUDE,108.77,432261
2022-09-05,GOLD_OUNCE,114.31,187376
2022-09-05,US_10Y_BOND,113.25,353575
2022-09-05,GLOBAL_REIT,114.02,236485
2022-09-05,BITCOIN_INDEX,34991.22,464689
2022-09-06,BRENT_CRUDE,117.38,399666
2022-09-06,GOLD_OUNCE,111.64,376619
2022-09-06,US_10Y_BOND,109.73,124569
2022-09-06,GLOBAL_REIT,117.75,447876
2022-09-06,BITCOIN_INDEX,32667.76,424574
2022-09-07,BRENT_CRUDE,114.76,205732
2022-09-07,GOLD_OUNCE,114.63,293685
2022-09-07,US_10Y_BOND,119.01,436099
2022-09-07,GLOBAL_REIT,117.25,213542
2022-09-07,BITCOIN_INDEX,33998.41,128652
2022-09-08,BRENT_CRUDE,113.08,265272
2022-09-08,GOLD_OUNCE,104.1,413748
2022-09-08,US_10Y_BOND,116.31,281383
2022-09-08,GLOBAL_REIT,113.9,151121
2022-09-08,BITCOIN_INDEX,33918.7,289677
2022-09-09,BRENT_CRUDE,111.13,58943
2022-09-09,GOLD_OUNCE,105.83,398140
2022-09-09,US_10Y_BOND,114.27,423480
2022-09-09,GLOBAL_REIT,112.35,147266
2022-09-09,BITCOIN_INDEX,35725.09,431201
2022-09-12,BRENT_CRUDE,109.23,462205
2022-09-12,GOLD_OUNCE,108.85,489018
2022-09-12,US_10Y_BOND,114.15,182218
2022-09-12,GLOBAL_REIT,115.11,478830
2022-09-12,BITCOIN_INDEX,33578.57,270123
2022-09-13,BRENT_CRUDE,114.16,81525
2022-09-13,GOLD_OUNCE,112.96,160340
2022-09-13,US_10Y_BOND,114.42,181579
2022-09-13,GLOBAL_REIT,112.84,239307
2022-09-13,BITCOIN_INDEX,33992.17,274930
2022-09-14,BRENT_CRUDE,113.41,211618
2022-09-14,GOLD_OUNCE,120.12,304751
2022-09-14,US_10Y_BOND,111.2,126276
2022-09-14,GLOBAL_REIT,111.83,92963
2022-09-14,BITCOIN_INDEX,33434.92,382122
2022-09-15,BRENT_CRUDE,108.41,172556
2022-09-15,GOLD_OUNCE,114.37,183119
2022-09-15,US_10Y_BOND,111.79,407623
2022-09-15,GLOBAL_REIT,111.1,255268
2022-09-15,BITCOIN_INDEX,33309.23,155346
2022-09-16,BRENT_CRUDE,116.74,79711
2022-09-16,GOLD_OUNCE,116.41,379653
2022-09-16,US_10Y_BOND,117.13,422116
2022-09-16,GLOBAL_REIT,111.08,195304
2022-09-16,BITCOIN_INDEX,32007.14,140681
2022-09-19,BRENT_CRUDE,111.18,50267
2022-09-19,GOLD_OUNCE,111.31,55881
2022-09-19,US_10Y_BOND,113.06,54022
2022-09-19,GLOBAL_REIT,109.73,67663
2022-09-19,BITCOIN_INDEX,33299.83,351221
2022-09-20,BRENT_CRUDE,110.63,426546
2022-09-20,GOLD_OUNCE,113.68,63169
2022-09-20,US_10Y_BOND,112.93,302668
2022-09-20,GLOBAL_REIT,112.74,169198
2022-09-20,BITCOIN_INDEX,32598.23,52401
2022-09-21,BRENT_CRUDE,116.82,264571
2022-09-21,GOLD_OUNCE,115.4,121148
2022-09-21,US_10Y_BOND,114.47,243983
2022-09-21,GLOBAL_REIT,105.55,105836
2022-09-21,BITCOIN_INDEX,32310.26,65835
2022-09-22,BRENT_CRUDE,111.45,481376
2022-09-22,GOLD_OUNCE,110.05,415633
2022-09-22,US_10Y_BOND,107.68,317990
2022-09-22,GLOBAL_REIT,109.32,340927
2022-09-22,BITCOIN_INDEX,34724.96,386006
2022-09-23,BRENT_CRUDE,108.06,402377
2022-09-23,GOLD_OUNCE,114.53,61464
2022-09-23,US_10Y_BOND,110.16,356181
2022-09-23,GLOBAL_REIT,107.78,91085
2022-09-23,BITCOIN_INDEX,32227.02,136576
2022-09-26,BRENT_CRUDE,109.71,467494
2022-09-26,GOLD_OUNCE,109.99,123304
2022-09-26,US_10Y_BOND,110.57,207289
2022-09-26,GLOBAL_REIT,105.57,339761
2022-09-26,BITCOIN_INDEX,34087.93,244201
2022-09-27,BRENT_CRUDE,108.4,307557
2022-09-27,GOLD_OUNCE,112.9,344630
2022-09-27,US_10Y_BOND,106.28,228650
2022-09-27,GLOBAL_REIT,111.63,474418
2022-09-27,BITCOIN_INDEX,31480.68,109689
2022-09-28,BRENT_CRUDE,109.58,286501
2022-09-28,GOLD_OUNCE,113.19,482757
2022-09-28,US_10Y_BOND,112.43,281514
2022-09-28,GLOBAL_REIT,110.08,162434
2022-09-28,BITCOIN_INDEX,33127.86,428553
2022-09-29,BRENT_CRUDE,109.24,139263
2022-09-29,GOLD_OUNCE,109.12,307221
2022-09-29,US_10Y_BOND,102.59,137216
2022-09-29,GLOBAL_REIT,110.81,378642
2022-09-29,BITCOIN_INDEX,31870.28,427643
2022-09-30,BRENT_CRUDE,107.59,436817
2022-09-30,GOLD_OUNCE,109.43,349705
2022-09-30,US_10Y_BOND,110.93,467784
2022-09-30,GLOBAL_REIT,105.03,421050
2022-09-30,BITCOIN_INDEX,31786.24,372995
2022-10-03,BRENT_CRUDE,112.16,410493
2022-10-03,GOLD_OUNCE,110.11,71209
2022-10-03,US_10Y_BOND,111.14,346871
2022-10-03,GLOBAL_REIT,109.41,323235
2022-10-03,BITCOIN_INDEX,32294.87,323702
2022-10-04,BRENT_CRUDE,109.97,191856
2022-10-04,GOLD_OUNCE,103.47,205767
2022-10-04,US_10Y_BOND,107.86,96289
2022-10-04,GLOBAL_REIT,110.07,189888
2022-10-04,BITCOIN_INDEX,32282.21,127970
2022-10-05,BRENT_CRUDE,104.5,435701
2022-10-05,GOLD_OUNCE,104.88,185394
2022-10-05,US_10Y_BOND,107.2,327351
2022-10-05,GLOBAL_REIT,107.36,459213
2022-10-05,BITCOIN_INDEX,30167.47,207516
2022-10-06,BRENT_CRUDE,109.47,193440
2022-10-06,GOLD_OUNCE,104.83,85081
2022-10-06,US_10Y_BOND,103.1,353604
2022-10-06,GLOBAL_REIT,106.89,133387
2022-10-06,BITCOIN_INDEX,31276.95,425256
2022-10-07,BRENT_CRUDE,104.99,393078
2022-10-07,GOLD_OUNCE,107.72,270151
2022-10-07,US_10Y_BOND,106.74,107625
2022-10-07,GLOBAL_REIT,105.43,89073
2022-10-07,BITCOIN_INDEX,31406.67,290979
2022-10-10,BRENT_CRUDE,105.38,130307
2022-10-10,GOLD_OUNCE,104.59,215720
2022-10-10,US_10Y_BOND,102.06,203602
2022-10-10,GLOBAL_REIT,109.52,495837
2022-10-10,BITCOIN_INDEX,31750.0,310719
2022-10-11,BRENT_CRUDE,110.46,329082
2022-10-11,GOLD_OUNCE,101.18,74949
2022-10-11,US_10Y_BOND,109.25,183880
2022-10-11,GLOBAL_REIT,103.76,331775
2022-10-11,BITCOIN_INDEX,31190.68,284860
2022-10-12,BRENT_CRUDE,99.63,260226
2022-10-12,GOLD_OUNCE,110.38,400458
2022-10-12,US_10Y_BOND,103.05,481021
2022-10-12,GLOBAL_REIT,100.51,135493
2022-10-12,BITCOIN_INDEX,30546.73,59222
2022-10-13,BRENT_CRUDE,102.25,171423
2022-10-13,GOLD_OUNCE,103.76,388830
2022-10-13,US_10Y_BOND,103.98,408015
2022-10-13,GLOBAL_REIT,104.78,355547
2022-10-13,BITCOIN_INDEX,31181.1,384674
2022-10-14,BRENT_CRUDE,104.92,475270
2022-10-14,GOLD_OUNCE,102.37,156339
2022-10-14,US_10Y_BOND,106.9,187326
2022-10-14,GLOBAL_REIT,106.09,263754
2022-10-14,BITCOIN_INDEX,31160.83,331368
2022-10-17,BRENT_CRUDE,101.02,462253
2022-10-17,GOLD_OUNCE,98.08,76763
2022-10-17,US_10Y_BOND,103.98,448228
2022-10-17,GLOBAL_REIT,108.24,56592
2022-10-17,BITCOIN_INDEX,30791.59,269662
2022-10-18,BRENT_CRUDE,102.82,199931
2022-10-18,GOLD_OUNCE,107.23,412609
2022-10-18,US_10Y_BOND,102.39,475001
2022-10-18,GLOBAL_REIT,102.58,165057
2022-10-18,BITCOIN_INDEX,31152.34,123068
2022-10-19,BRENT_CRUDE,103.4,263301
2022-10-19,GOLD_OUNCE,101.77,378940
2022-10-19,US_10Y_BOND,101.03,156681
2022-10-19,GLOBAL_REIT,102.17,291643
2022-10-19,BITCOIN_INDEX,29704.25,354123
2022-10-20,BRENT_CRUDE,103.99,430435
2022-10-20,GOLD_OUNCE,104.76,150307
2022-10-20,US_10Y_BOND,95.83,482950
2022-10-20,GLOBAL_REIT,104.5,248125
2022-10-20,BITCOIN_INDEX,30421.72,249520
2022-10-21,BRENT_CRUDE,106.57,286946
2022-10-21,GOLD_OUNCE,102.78,407448
2022-10-21,US_10Y_BOND,100.27,410628
2022-10-21,GLOBAL_REIT,98.89,357384
2022-10-21,BITCOIN_INDEX,30231.31,218486
2022-10-24,BRENT_CRUDE,101.6,115397
2022-10-24,GOLD_OUNCE,101.92,320772
2022-10-24,US_10Y_BOND,102.52,281318
2022-10-24,GLOBAL_REIT,105.97,152538
2022-10-24,BITCOIN_INDEX,30869.43,58410
2022-10-25,BRENT_CRUDE,97.87,400509
2022-10-25,GOLD_OUNCE,102.32,498794
2022-10-25,US_10Y_BOND,100.25,348568
2022-10-25,GLOBAL_REIT,97.98,141896
2022-10-25,BITCOIN_INDEX,27777.22,94655
2022-10-26,BRENT_CRUDE,103.56,167794
2022-10-26,GOLD_OUNCE,100.64,238843
2022-10-26,US_10Y_BOND,102.24,112384
2022-10-26,GLOBAL_REIT,99.97,156597
2022-10-26,BITCOIN_INDEX,31004.95,222464
2022-10-27,BRENT_CRUDE,103.29,260674
2022-10-27,GOLD_OUNCE,98.48,154205
2022-10-27,US_10Y_BOND,99.8,280557
2022-10-27,GLOBAL_REIT,103.72,464377
2022-10-27,BITCOIN_INDEX,28061.6,462695
2022-10-28,BRENT_CRUDE,96.37,122930
2022-10-28,GOLD_OUNCE,95.56,467505
2022-10-28,US_10Y_BOND,95.4,411188
2022-10-28,GLOBAL_REIT,92.07,280838
2022-10-28,BITCOIN_INDEX,29438.19,333735
2022-10-31,BRENT_CRUDE,95.1,373644
2022-10-31,GOLD_OUNCE,95.59,186955
2022-10-31,US_10Y_BOND,99.09,380104
2022-10-31,GLOBAL_REIT,98.49,296620
2022-10-31,BITCOIN_INDEX,29087.68,119902
2022-11-01,BRENT_CRUDE,98.93,333905
2022-11-01,GOLD_OUNCE,97.76,252113
2022-11-01,US_10Y_BOND,96.16,236446
2022-11-01,GLOBAL_REIT,99.3,287495
2022-11-01,BITCOIN_INDEX,30035.26,181700
2022-11-02,BRENT_CRUDE,97.16,75426
2022-11-02,GOLD_OUNCE,98.89,489146
2022-11-02,US_10Y_BOND,90.29,290870
2022-11-02,GLOBAL_REIT,103.62,486863
2022-11-02,BITCOIN_INDEX,27925.94,418075
2022-11-03,BRENT_CRUDE,97.98,428494
2022-11-03,GOLD_OUNCE,95.2,360812
2022-11-03,US_10Y_BOND,94.44,338762
2022-11-03,GLOBAL_REIT,102.51,381908
2022-11-03,BITCOIN_INDEX,28673.3,137336
2022-11-04,BRENT_CRUDE,94.5,428545
2022-11-04,GOLD_OUNCE,94.59,421725
2022-11-04,US_10Y_BOND,101.91,372551
2022-11-04,GLOBAL_REIT,101.79,143371
2022-11-04,BITCOIN_INDEX,28923.58,197206
2022-11-07,BRENT_CRUDE,99.74,272109
2022-11-07,GOLD_OUNCE,94.56,271791
2022-11-07,US_10Y_BOND,91.25,465382
2022-11-07,GLOBAL_REIT,94.55,193010
2022-11-07,BITCOIN_INDEX,27681.2,245409
2022-11-08,BRENT_CRUDE,95.86,456711
2022-11-08,GOLD_OUNCE,93.81,197258
2022-11-08,US_10Y_BOND,92.61,340028
2022-11-08,GLOBAL_REIT,99.94,365586
2022-11-08,BITCOIN_INDEX,28541.21,163088
2022-11-09,BRENT_CRUDE,96.26,319275
2022-11-09,GOLD_OUNCE,95.98,467450
2022-11-09,US_10Y_BOND,96.11,457774
2022-11-09,GLOBAL_REIT,98.82,320161
2022-11-09,BITCOIN_INDEX,26440.6,447288
2022-11-10,BRENT_CRUDE,95.24,105227
2022-11-10,GOLD_OUNCE,101.84,299637
2022-11-10,US_10Y_BOND,88.91,343350
2022-11-10,GLOBAL_REIT,89.18,435624
2022-11-10,BITCOIN_INDEX,28317.08,345886
2022-11-11,BRENT_CRUDE,92.5,336675
2022-11-11,GOLD_OUNCE,95.9,371378
2022-11-11,US_10Y_BOND,97.39,51128
2022-11-11,GLOBAL_REIT,92.47,317713
2022-11-11,BITCOIN_INDEX,28759.83,333521
2022-11-14,BRENT_CRUDE,100.26,125252
2022-11-14,GOLD_OUNCE,90.01,253424
2022-11-14,US_10Y_BOND,97.12,199899
2022-11-14,GLOBAL_REIT,100.28,427254
2022-11-14,BITCOIN_INDEX,27562.33,267545
2022-11-15,BRENT_CRUDE,92.5,359961
2022-11-15,GOLD_OUNCE,86.82,206015
2022-11-15,US_10Y_BOND,97.33,182304
2022-11-15,GLOBAL_REIT,86.89,144088
2022-11-15,BITCOIN_INDEX,27531.45,71754
2022-11-16,BRENT_CRUDE,89.69,312567
2022-11-16,GOLD_OUNCE,91.19,171150
2022-11-16,US_10Y_BOND,89.08,333675
2022-11-16,GLOBAL_REIT,93.62,294127
2022-11-16,BITCOIN_INDEX,28646.07,351087
2022-11-17,BRENT_CRUDE,92.73,101606
2022-11-17,GOLD_OUNCE,86.98,470802
2022-11-17,US_10Y_BOND,96.47,73079
2022-11-17,GLOBAL_REIT,92.48,84145
2022-11-17,BITCOIN_INDEX,27893.02,68126
2022-11-18,BRENT_CRUDE,92.82,59831
2022-11-18,GOLD_OUNCE,91.97,445473
2022-11-18,US_10Y_BOND,91.65,189511
2022-11-18,GLOBAL_REIT,87.13,380380
2022-11-18,BITCOIN_INDEX,26119.27,203509
2022-11-21,BRENT_CRUDE,92.55,256107
2022-11-21,GOLD_OUNCE,89.32,84550
2022-11-21,US_10Y_BOND,92.42,270216
2022-11-21,GLOBAL_REIT,95.3,353004
2022-11-21,BITCOIN_INDEX,29347.61,440369
2022-11-22,BRENT_CRUDE,91.06,326081
2022-11-22,GOLD_OUNCE,94.19,289030
2022-11-22,US_10Y_BOND,95.54,127387
2022-11-22,GLOBAL_REIT,94.58,241464
2022-11-22,BITCOIN_INDEX,26284.36,232758
2022-11-23,BRENT_CRUDE,90.06,219543
2022-11-23,GOLD_OUNCE,96.49,203241
2022-11-23,US_10Y_BOND,88.92,226138
2022-11-23,GLOBAL_REIT,87.45,246852
2022-11-23,BITCOIN_INDEX,26653.14,408327
2022-11-24,BRENT_CRUDE,95.93,337882
2022-11-24,GOLD_OUNCE,88.23,85662
2022-11-24,US_10Y_BOND,87.52,475574
2022-11-24,GLOBAL_REIT,91.61,386214
2022-11-24,BITCOIN_INDEX,27090.15,271315
2022-11-25,BRENT_CRUDE,87.26,381307
2022-11-25,GOLD_OUNCE,86.85,401258
2022-11-25,US_10Y_BOND,86.55,470240
2022-11-25,GLOBAL_REIT,89.92,430143
2022-11-25,BITCOIN_INDEX,25289.93,177462
2022-11-28,BRENT_CRUDE,90.22,89249
2022-11-28,GOLD_OUNCE,85.9,442062
2022-11-28,US_10Y_BOND,92.91,319109
2022-11-28,GLOBAL_REIT,89.01,275292
2022-11-28,BITCOIN_INDEX,27867.72,180954
2022-11-29,BRENT_CRUDE,92.56,476176
2022-11-29,GOLD_OUNCE,83.03,320052
2022-11-29,US_10Y_BOND,87.82,191734
2022-11-29,GLOBAL_REIT,91.96,410329
2022-11-29,BITCOIN_INDEX,26345.28,391729
2022-11-30,BRENT_CRUDE,85.16,458116
2022-11-30,GOLD_OUNCE,88.65,420136
2022-11-30,US_10Y_BOND,88.95,70984
2022-11-30,GLOBAL_REIT,86.07,488985
2022-11-30,BITCOIN_INDEX,25307.54,51527
2022-12-01,BRENT_CRUDE,89.66,188005
2022-12-01,GOLD_OUNCE,87.73,151280
2022-12-01,US_10Y_BOND,91.08,262480
2022-12-01,GLOBAL_REIT,90.91,476112
2022-12-01,BITCOIN_INDEX,25883.58,413108
2022-12-02,BRENT_CRUDE,91.98,109940
2022-12-02,GOLD_OUNCE,85.47,438366
2022-12-02,US_10Y_BOND,87.3,465212
2022-12-02,GLOBAL_REIT,80.02,292567
2022-12-02,BITCOIN_INDEX,25839.33,151787
2022-12-05,BRENT_CRUDE,85.94,250902
2022-12-05,GOLD_OUNCE,86.82,325261
2022-12-05,US_10Y_BOND,88.09,375378
2022-12-05,GLOBAL_REIT,88.38,188599
2022-12-05,BITCOIN_INDEX,27798.68,182779
2022-12-06,BRENT_CRUDE,91.04,496585
2022-12-06,GOLD_OUNCE,84.58,267865
2022-12-06,US_10Y_BOND,85.33,195416
2022-12-06,GLOBAL_REIT,87.11,234567
2022-12-06,BITCOIN_INDEX,26934.37,331637
2022-12-07,BRENT_CRUDE,87.59,395779
2022-12-07,GOLD_OUNCE,86.5,263311
2022-12-07,US_10Y_BOND,87.46,362856
2022-12-07,GLOBAL_REIT,88.83,465955
2022-12-07,BITCOIN_INDEX,25462.55,61147
2022-12-08,BRENT_CRUDE,92.54,377734
2022-12-08,GOLD_OUNCE,86.82,202895
2022-12-08,US_10Y_BOND,88.52,283666
2022-12-08,GLOBAL_REIT,83.8,352312
2022-12-08,BITCOIN_INDEX,26179.83,112030
2022-12-09,BRENT_CRUDE,83.96,315079
2022-12-09,GOLD_OUNCE,86.74,193131
2022-12-09,US_10Y_BOND,88.04,499313
2022-12-09,GLOBAL_REIT,88.18,165876
2022-12-09,BITCOIN_INDEX,25924.34,87531
2022-12-12,BRENT_CRUDE,84.37,130324
2022-12-12,GOLD_OUNCE,91.2,69497
2022-12-12,US_10Y_BOND,91.46,249307
2022-12-12,GLOBAL_REIT,81.28,442419
2022-12-12,BITCOIN_INDEX,26141.72,122494
2022-12-13,BRENT_CRUDE,84.25,102445
2022-12-13,GOLD_OUNCE,84.82,445540
2022-12-13,US_10Y_BOND,89.15,242592
2022-12-13,GLOBAL_REIT,83.37,336143
2022-12-13,BITCOIN_INDEX,24034.46,352574
2022-12-14,BRENT_CRUDE,84.09,477593
2022-12-14,GOLD_OUNCE,86.61,141578
2022-12-14,US_10Y_BOND,85.23,221061
2022-12-14,GLOBAL_REIT,86.45,80355
2022-12-14,BITCOIN_INDEX,26770.03,278621
2022-12-15,BRENT_CRUDE,86.32,125100
2022-12-15,GOLD_OUNCE,90.28,250268
2022-12-15,US_10Y_BOND,86.55,378448
2022-12-15,GLOBAL_REIT,87.65,403671
2022-12-15,BITCOIN_INDEX,25915.29,219161
2022-12-16,BRENT_CRUDE,83.22,112621
2022-12-16,GOLD_OUNCE,87.57,122670
2022-12-16,US_10Y_BOND,83.77,190588
2022-12-16,GLOBAL_REIT,90.41,59968
2022-12-16,BITCOIN_INDEX,25517.49,100648
2022-12-19,BRENT_CRUDE,87.59,371861
2022-12-19,GOLD_OUNCE,90.32,153546
2022-12-19,US_10Y_BOND,85.3,324635
2022-12-19,GLOBAL_REIT,89.8,91469
2022-12-19,BITCOIN_INDEX,26244.66,150758
2022-12-20,BRENT_CRUDE,83.4,91638
2022-12-20,GOLD_OUNCE,88.73,323552
2022-12-20,US_10Y_BOND,92.1,328237
2022-12-20,GLOBAL_REIT,72.89,465874
2022-12-20,BITCOIN_INDEX,25754.27,290246
2022-12-21,BRENT_CRUDE,81.01,441991
2022-12-21,GOLD_OUNCE,87.51,60965
2022-12-21,US_10Y_BOND,79.08,321756
2022-12-21,GLOBAL_REIT,88.42,212077
2022-12-21,BITCOIN_INDEX,26658.15,162590
2022-12-22,BRENT_CRUDE,84.24,73737
2022-12-22,GOLD_OUNCE,86.55,78871
2022-12-22,US_10Y_BOND,85.23,81525
2022-12-22,GLOBAL_REIT,80.8,234604
2022-12-22,BITCOIN_INDEX,26078.17,423728
2022-12-23,BRENT_CRUDE,87.07,277018
2022-12-23,GOLD_OUNCE,82.53,457230
2022-12-23,US_10Y_BOND,85.11,313091
2022-12-23,GLOBAL_REIT,86.57,385629
2022-12-23,BITCOIN_INDEX,24573.47,484108
2022-12-26,BRENT_CRUDE,82.94,244676
2022-12-26,GOLD_OUNCE,81.61,63562
2022-12-26,US_10Y_BOND,86.14,181167
2022-12-26,GLOBAL_REIT,87.76,248830
2022-12-26,BITCOIN_INDEX,25078.03,344455
2022-12-27,BRENT_CRUDE,85.65,182200
2022-12-27,GOLD_OUNCE,78.78,77501
2022-12-27,US_10Y_BOND,83.76,489314
2022-12-27,GLOBAL_REIT,82.84,484552
2022-12-27,BITCOIN_INDEX,25048.39,248720
2022-12-28,BRENT_CRUDE,86.92,247902
2022-12-28,GOLD_OUNCE,83.54,290537
2022-12-28,US_10Y_BOND,84.65,82765
2022-12-28,GLOBAL_REIT,86.88,208731
2022-12-28,BITCOIN_INDEX,26385.57,341211
2022-12-29,BRENT_CRUDE,82.69,191360
2022-12-29,GOLD_OUNCE,82.37,408655
2022-12-29,US_10Y_BOND,85.92,140210
2022-12-29,GLOBAL_REIT,80.76,178266
2022-12-29,BITCOIN_INDEX,26115.4,287028
2022-12-30,BRENT_CRUDE,81.26,374584
2022-12-30,GOLD_OUNCE,82.82,160837
2022-12-30,US_10Y_BOND,86.03,187558
2022-12-30,GLOBAL_REIT,87.1,132919
2022-12-30,BITCOIN_INDEX,26733.05,319049
2023-01-02,BRENT_CRUDE,82.57,160678
2023-01-02,GOLD_OUNCE,89.61,355542
2023-01-02,US_10Y_BOND,82.88,350005
2023-01-02,GLOBAL_REIT,85.58,269833
2023-01-02,BITCOIN_INDEX,24848.26,166197
2023-01-03,BRENT_CRUDE,86.86,294490
2023-01-03,GOLD_OUNCE,77.88,385714
2023-01-03,US_10Y_BOND,83.9,304138
2023-01-03,GLOBAL_REIT,82.71,378044
2023-01-03,BITCOIN_INDEX,25944.52,257687
2023-01-04,BRENT_CRUDE,84.99,196645
2023-01-04,GOLD_OUNCE,83.79,494352
2023-01-04,US_10Y_BOND,85.62,275502
2023-01-04,GLOBAL_REIT,85.69,413189
2023-01-04,BITCOIN_INDEX,25920.31,226813
2023-01-05,BRENT_CRUDE,80.22,127103
2023-01-05,GOLD_OUNCE,85.49,93937
2023-01-05,US_10Y_BOND,82.89,373101
2023-01-05,GLOBAL_REIT,90.27,179077
2023-01-05,BITCOIN_INDEX,25367.62,464344
2023-01-06,BRENT_CRUDE,84.98,72753
2023-01-06,GOLD_OUNCE,86.9,328493
2023-01-06,US_10Y_BOND,86.27,407597
2023-01-06,GLOBAL_REIT,84.79,342317
2023-01-06,BITCOIN_INDEX,26472.04,180125
2023-01-09,BRENT_CRUDE,82.18,66933
2023-01-09,GOLD_OUNCE,76.28,393352
2023-01-09,US_10Y_BOND,92.14,439553
2023-01-09,GLOBAL_REIT,83.23,261680
2023-01-09,BITCOIN_INDEX,23764.65,195900
2023-01-10,BRENT_CRUDE,85.94,461280
2023-01-10,GOLD_OUNCE,90.54,342639
2023-01-10,US_10Y_BOND,83.89,217572
2023-01-10,GLOBAL_REIT,84.11,206116
2023-01-10,BITCOIN_INDEX,24530.72,490200
2023-01-11,BRENT_CRUDE,84.53,115569
2023-01-11,GOLD_OUNCE,80.63,221911
2023-01-11,US_10Y_BOND,83.18,274134
2023-01-11,GLOBAL_REIT,90.06,333821
2023-01-11,BITCOIN_INDEX,27288.58,430046
2023-01-12,BRENT_CRUDE,86.75,85524
2023-01-12,GOLD_OUNCE,87.36,482581
2023-01-12,US_10Y_BOND,86.03,282847
2023-01-12,GLOBAL_REIT,86.31,162778
2023-01-12,BITCOIN_INDEX,26178.99,349334
2023-01-13,BRENT_CRUDE,86.95,333082
2023-01-13,GOLD_OUNCE,84.36,375411
2023-01-13,US_10Y_BOND,82.53,57604
2023-01-13,GLOBAL_REIT,89.7,200617
2023-01-13,BITCOIN_INDEX,26378.66,84275
2023-01-16,BRENT_CRUDE,85.2,216860
2023-01-16,GOLD_OUNCE,86.93,368264
2023-01-16,US_10Y_BOND,86.99,288687
2023-01-16,GLOBAL_REIT,86.88,264142
2023-01-16,BITCOIN_INDEX,26022.83,310392
2023-01-17,BRENT_CRUDE,89.78,245288
2023-01-17,GOLD_OUNCE,85.25,214181
2023-01-17,US_10Y_BOND,79.4,204595
2023-01-17,GLOBAL_REIT,83.99,315851
2023-01-17,BITCOIN_INDEX,24732.54,459945
2023-01-18,BRENT_CRUDE,88.06,436553
2023-01-18,GOLD_OUNCE,87.81,464237
2023-01-18,US_10Y_BOND,85.79,223338
2023-01-18,GLOBAL_REIT,81.85,221844
2023-01-18,BITCOIN_INDEX,24974.21,327348
2023-01-19,BRENT_CRUDE,91.83,222025
2023-01-19,GOLD_OUNCE,83.59,411690
2023-01-19,US_10Y_BOND,82.68,320472
2023-01-19,GLOBAL_REIT,81.88,353259
2023-01-19,BITCOIN_INDEX,25944.39,376990
2023-01-20,BRENT_CRUDE,82.36,300757
2023-01-20,GOLD_OUNCE,86.38,164223
2023-01-20,US_10Y_BOND,87.49,181368
2023-01-20,GLOBAL_REIT,88.69,147078
2023-01-20,BITCOIN_INDEX,26987.24,318709
2023-01-23,BRENT_CRUDE,90.34,326435
2023-01-23,GOLD_OUNCE,82.3,471836
2023-01-23,US_10Y_BOND,90.92,265675
2023-01-23,GLOBAL_REIT,86.23,323718
2023-01-23,BITCOIN_INDEX,25350.96,60199
2023-01-24,BRENT_CRUDE,88.39,182917
2023-01-24,GOLD_OUNCE,90.44,190042
2023-01-24,US_10Y_BOND,82.63,51953
2023-01-24,GLOBAL_REIT,86.85,61950
2023-01-24,BITCOIN_INDEX,25468.39,60063
2023-01-25,BRENT_CRUDE,86.81,436671
2023-01-25,GOLD_OUNCE,87.88,130734
2023-01-25,US_10Y_BOND,82.45,71026
2023-01-25,GLOBAL_REIT,86.14,61572
2023-01-25,BITCOIN_INDEX,26667.21,314253
2023-01-26,BRENT_CRUDE,87.99,179976
2023-01-26,GOLD_OUNCE,87.28,193738
2023-01-26,US_10Y_BOND,96.16,349755
2023-01-26,GLOBAL_REIT,89.99,408884
2023-01-26,BITCOIN_INDEX,27683.81,251930
2023-01-27,BRENT_CRUDE,90.13,217073
2023-01-27,GOLD_OUNCE,89.12,112013
2023-01-27,US_10Y_BOND,89.04,294197
2023-01-27,GLOBAL_REIT,86.73,468318
2023-01-27,BITCOIN_INDEX,26746.21,284049
2023-01-30,BRENT_CRUDE,85.51,168995
2023-01-30,GOLD_OUNCE,90.19,104450
2023-01-30,US_10Y_BOND,88.57,425133
2023-01-30,GLOBAL_REIT,83.54,290175
2023-01-30,BITCOIN_INDEX,25526.09,492959
2023-01-31,BRENT_CRUDE,94.64,400891
2023-01-31,GOLD_OUNCE,87.13,313608
2023-01-31,US_10Y_BOND,90.84,251339
2023-01-31,GLOBAL_REIT,85.89,255601
2023-01-31,BITCOIN_INDEX,26907.86,66625
2023-02-01,BRENT_CRUDE,89.76,478264
2023-02-01,GOLD_OUNCE,88.44,399826
2023-02-01,US_10Y_BOND,87.38,70259
2023-02-01,GLOBAL_REIT,89.28,121051
2023-02-01,BITCOIN_INDEX,26763.94,429533
2023-02-02,BRENT_CRUDE,90.75,367314
2023-02-02,GOLD_OUNCE,91.47,153685
2023-02-02,US_10Y_BOND,90.18,254700
2023-02-02,GLOBAL_REIT,90.25,160900
2023-02-02,BITCOIN_INDEX,27919.11,144012
2023-02-03,BRENT_CRUDE,94.07,310285
2023-02-03,GOLD_OUNCE,95.05,263454
2023-02-03,US_10Y_BOND,91.4,401838
2023-02-03,GLOBAL_REIT,92.92,101984
2023-02-03,BITCOIN_INDEX,27428.81,272309
2023-02-06,BRENT_CRUDE,87.84,388513
2023-02-06,GOLD_OUNCE,89.03,449823
2023-02-06,US_10Y_BOND,87.06,471071
2023-02-06,GLOBAL_REIT,92.22,371381
2023-02-06,BITCOIN_INDEX,27390.63,479271
2023-02-07,BRENT_CRUDE,88.0,146710
2023-02-07,GOLD_OUNCE,91.35,433471
2023-02-07,US_10Y_BOND,92.05,102888
2023-02-07,GLOBAL_REIT,90.94,235626
2023-02-07,BITCOIN_INDEX,27457.4,335047
2023-02-08,BRENT_CRUDE,85.11,347733
2023-02-08,GOLD_OUNCE,88.26,252667
2023-02-08,US_10Y_BOND,87.01,432186
2023-02-08,GLOBAL_REIT,91.51,339253
2023-02-08,BITCOIN_INDEX,27420.69,167505
2023-02-09,BRENT_CRUDE,93.09,287634
2023-02-09,GOLD_OUNCE,91.8,218078
2023-02-09,US_10Y_BOND,92.88,373512
2023-02-09,GLOBAL_REIT,91.46,359227
2023-02-09,BITCOIN_INDEX,27825.14,210535
2023-02-10,BRENT_CRUDE,87.63,158090
2023-02-10,GOLD_OUNCE,91.42,177254
2023-02-10,US_10Y_BOND,94.69,469274
2023-02-10,GLOBAL_REIT,94.05,343736
2023-02-10,BITCOIN_INDEX,26951.76,464217
2023-02-13,BRENT_CRUDE,94.17,191557
2023-02-13,GOLD_OUNCE,95.13,273006
2023-02-13,US_10Y_BOND,90.62,133257
2023-02-13,GLOBAL_REIT,94.94,154501
2023-02-13,BITCOIN_INDEX,27834.83,371796
2023-02-14,BRENT_CRUDE,96.32,300467
2023-02-14,GOLD_OUNCE,94.24,154755
2023-02-14,US_10Y_BOND,94.12,256886
2023-02-14,GLOBAL_REIT,93.48,357210
2023-02-14,BITCOIN_INDEX,27947.83,453935
2023-02-15,BRENT_CRUDE,94.29,452144
2023-02-15,GOLD_OUNCE,96.89,219839
2023-02-15,US_10Y_BOND,97.35,110544
2023-02-15,GLOBAL_REIT,91.82,187621
2023-02-15,BITCOIN_INDEX,26822.71,473325
2023-02-16,BRENT_CRUDE,99.47,481327
2023-02-16,GOLD_OUNCE,103.49,376082
2023-02-16,US_10Y_BOND,94.57,255769
2023-02-16,GLOBAL_REIT,95.74,382003
2023-02-16,BITCOIN_INDEX,27501.85,160241
2023-02-17,BRENT_CRUDE,95.55,156335
2023-02-17,GOLD_OUNCE,97.76,343417
2023-02-17,US_10Y_BOND,92.08,431604
2023-02-17,GLOBAL_REIT,91.76,468271
2023-02-17,BITCOIN_INDEX,28514.11,157459
2023-02-20,BRENT_CRUDE,94.49,102770
2023-02-20,GOLD_OUNCE,96.88,158971
2023-02-20,US_10Y_BOND,94.32,214459
2023-02-20,GLOBAL_REIT,92.15,357965
2023-02-20,BITCOIN_INDEX,29420.2,244435
2023-02-21,BRENT_CRUDE,97.22,62167
2023-02-21,GOLD_OUNCE,92.89,181550
2023-02-21,US_10Y_BOND,93.5,355941
2023-02-21,GLOBAL_REIT,89.01,256732
2023-02-21,BITCOIN_INDEX,30070.49,217972
2023-02-22,BRENT_CRUDE,100.64,470287
2023-02-22,GOLD_OUNCE,96.11,82260
2023-02-22,US_10Y_BOND,97.45,271007
2023-02-22,GLOBAL_REIT,95.6,134817
2023-02-22,BITCOIN_INDEX,27526.43,366734
2023-02-23,BRENT_CRUDE,98.0,462633
2023-02-23,GOLD_OUNCE,93.05,161548
2023-02-23,US_10Y_BOND,95.8,482238
2023-02-23,GLOBAL_REIT,98.21,487113
2023-02-23,BITCOIN_INDEX,29291.54,137039
2023-02-24,BRENT_CRUDE,95.52,151898
2023-02-24,GOLD_OUNCE,94.37,405924
2023-02-24,US_10Y_BOND,103.07,199398
2023-02-24,GLOBAL_REIT,97.27,449392
2023-02-24,BITCOIN_INDEX,28714.73,407975
2023-02-27,BRENT_CRUDE,92.0,56053
2023-02-27,GOLD_OUNCE,97.04,279253
2023-02-27,US_10Y_BOND,90.9,310132
2023-02-27,GLOBAL_REIT,96.28,377966
2023-02-27,BITCOIN_INDEX,28234.22,313386
2023-02-28,BRENT_CRUDE,100.44,116948
2023-02-28,GOLD_OUNCE,98.6,362185
2023-02-28,US_10Y_BOND,96.66,395568
2023-02-28,GLOBAL_REIT,95.44,179046
2023-02-28,BITCOIN_INDEX,29068.44,131651
2023-03-01,BRENT_CRUDE,100.21,197542
2023-03-01,GOLD_OUNCE,98.22,325444
2023-03-01,US_10Y_BOND,99.09,212989
2023-03-01,GLOBAL_REIT,100.75,495877
2023-03-01,BITCOIN_INDEX,29569.44,408517
2023-03-02,BRENT_CRUDE,94.67,50291
2023-03-02,GOLD_OUNCE,95.61,126377
2023-03-02,US_10Y_BOND,101.48,173387
2023-03-02,GLOBAL_REIT,97.74,213868
2023-03-02,BITCOIN_INDEX,29399.51,316551
2023-03-03,BRENT_CRUDE,100.98,114049
2023-03-03,GOLD_OUNCE,103.64,83312
2023-03-03,US_10Y_BOND,102.09,430739
2023-03-03,GLOBAL_REIT,106.23,195172
2023-03-03,BITCOIN_INDEX,29699.69,486132
2023-03-06,BRENT_CRUDE,98.2,408008
2023-03-06,GOLD_OUNCE,93.1,206032
2023-03-06,US_10Y_BOND,98.36,317814
2023-03-06,GLOBAL_REIT,106.05,308138
2023-03-06,BITCOIN_INDEX,30295.83,114775
2023-03-07,BRENT_CRUDE,102.32,348466
2023-03-07,GOLD_OUNCE,98.79,251780
2023-03-07,US_10Y_BOND,99.24,267027
2023-03-07,GLOBAL_REIT,99.83,419810
2023-03-07,BITCOIN_INDEX,30765.07,367053
2023-03-08,BRENT_CRUDE,99.34,106368
2023-03-08,GOLD_OUNCE,97.81,344655
2023-03-08,US_10Y_BOND,101.98,114221
2023-03-08,GLOBAL_REIT,104.46,72668
2023-03-08,BITCOIN_INDEX,28432.8,118988
2023-03-09,BRENT_CRUDE,100.02,436319
2023-03-09,GOLD_OUNCE,95.38,134272
2023-03-09,US_10Y_BOND,100.24,183100
2023-03-09,GLOBAL_REIT,94.83,331586
2023-03-09,BITCOIN_INDEX,31128.62,277319
2023-03-10,BRENT_CRUDE,99.51,88837
2023-03-10,GOLD_OUNCE,104.95,202368
2023-03-10,US_10Y_BOND,107.62,55020
2023-03-10,GLOBAL_REIT,100.52,139961
2023-03-10,BITCOIN_INDEX,29354.01,309871
2023-03-13,BRENT_CRUDE,104.48,341142
2023-03-13,GOLD_OUNCE,103.58,360054
2023-03-13,US_10Y_BOND,102.67,167450
2023-03-13,GLOBAL_REIT,102.34,169816
2023-03-13,BITCOIN_INDEX,30637.31,93272
2023-03-14,BRENT_CRUDE,99.51,171565
2023-03-14,GOLD_OUNCE,104.52,483715
2023-03-14,US_10Y_BOND,102.67,384683
2023-03-14,GLOBAL_REIT,105.73,443955
2023-03-14,BITCOIN_INDEX,30550.76,459588
2023-03-15,BRENT_CRUDE,99.72,90986
2023-03-15,GOLD_OUNCE,104.88,461648
2023-03-15,US_10Y_BOND,102.86,269132
2023-03-15,GLOBAL_REIT,102.42,59889
2023-03-15,BITCOIN_INDEX,30726.0,62827
2023-03-16,BRENT_CRUDE,105.27,497115
2023-03-16,GOLD_OUNCE,105.94,254063
2023-03-16,US_10Y_BOND,102.61,348406
2023-03-16,GLOBAL_REIT,103.77,165943
2023-03-16,BITCOIN_INDEX,29655.16,477987
2023-03-17,BRENT_CRUDE,103.89,451898
2023-03-17,GOLD_OUNCE,103.59,266016
2023-03-17,US_10Y_BOND,109.24,81917
2023-03-17,GLOBAL_REIT,107.52,57982
2023-03-17,BITCOIN_INDEX,31167.5,221140
2023-03-20,BRENT_CRUDE,105.27,356941
2023-03-20,GOLD_OUNCE,107.03,256208
2023-03-20,US_10Y_BOND,102.01,435474
2023-03-20,GLOBAL_REIT,102.04,424259
2023-03-20,BITCOIN_INDEX,30811.24,196846
2023-03-21,BRENT_CRUDE,109.17,336009
2023-03-21,GOLD_OUNCE,103.94,248776
2023-03-21,US_10Y_BOND,107.61,131193
2023-03-21,GLOBAL_REIT,102.82,467725
2023-03-21,BITCOIN_INDEX,31868.47,240911
2023-03-22,BRENT_CRUDE,104.38,133702
2023-03-22,GOLD_OUNCE,101.5,111197
2023-03-22,US_10Y_BOND,104.17,157619
2023-03-22,GLOBAL_REIT,108.35,470280
2023-03-22,BITCOIN_INDEX,32048.81,114793
2023-03-23,BRENT_CRUDE,104.16,208675
2023-03-23,GOLD_OUNCE,107.04,379366
2023-03-23,US_10Y_BOND,102.13,102224
2023-03-23,GLOBAL_REIT,102.82,79897
2023-03-23,BITCOIN_INDEX,32161.91,378848
2023-03-24,BRENT_CRUDE,111.0,343521
2023-03-24,GOLD_OUNCE,99.93,473599
2023-03-24,US_10Y_BOND,104.03,487372
2023-03-24,GLOBAL_REIT,103.18,251554
2023-03-24,BITCOIN_INDEX,32461.9,273441
2023-03-27,BRENT_CRUDE,109.26,281666
2023-03-27,GOLD_OUNCE,110.48,356164
2023-03-27,US_10Y_BOND,108.83,101287
2023-03-27,GLOBAL_REIT,103.55,101507
2023-03-27,BITCOIN_INDEX,30615.56,404499
2023-03-28,BRENT_CRUDE,111.15,331736
2023-03-28,GOLD_OUNCE,106.65,53567
2023-03-28,US_10Y_BOND,114.53,166308
2023-03-28,GLOBAL_REIT,108.35,161879
2023-03-28,BITCOIN_INDEX,31546.43,252574
2023-03-29,BRENT_CRUDE,105.02,481266
2023-03-29,GOLD_OUNCE,106.68,470038
2023-03-29,US_10Y_BOND,112.5,118020
2023-03-29,GLOBAL_REIT,107.65,109523
2023-03-29,BITCOIN_INDEX,33329.73,350356
2023-03-30,BRENT_CRUDE,107.97,133254
2023-03-30,GOLD_OUNCE,105.73,398276
2023-03-30,US_10Y_BOND,107.08,493362
2023-03-30,GLOBAL_REIT,114.36,385741
2023-03-30,BITCOIN_INDEX,33024.37,150916
2023-03-31,BRENT_CRUDE,105.87,317564
2023-03-31,GOLD_OUNCE,103.42,432721
2023-03-31,US_10Y_BOND,108.09,388190
2023-03-31,GLOBAL_REIT,103.68,89323
2023-03-31,BITCOIN_INDEX,31555.05,292617
2023-04-03,BRENT_CRUDE,109.21,395520
2023-04-03,GOLD_OUNCE,110.84,200661
2023-04-03,US_10Y_BOND,107.76,135853
2023-04-03,GLOBAL_REIT,112.25,81019
2023-04-03,BITCOIN_INDEX,32637.38,197407
2023-04-04,BRENT_CRUDE,105.66,81870
2023-04-04,GOLD_OUNCE,113.58,199399
2023-04-04,US_10Y_BOND,109.72,97386
2023-04-04,GLOBAL_REIT,107.89,356178
2023-04-04,BITCOIN_INDEX,32954.0,493361
2023-04-05,BRENT_CRUDE,109.7,122631
2023-04-05,GOLD_OUNCE,115.42,253571
2023-04-05,US_10Y_BOND,115.59,466115
2023-04-05,GLOBAL_REIT,112.27,171306
2023-04-05,BITCOIN_INDEX,33651.53,245443
2023-04-06,BRENT_CRUDE,104.52,92667
2023-04-06,GOLD_OUNCE,109.87,106861
2023-04-06,US_10Y_BOND,108.71,159017
2023-04-06,GLOBAL_REIT,108.6,164957
2023-04-06,BITCOIN_INDEX,33658.19,188995
2023-04-07,BRENT_CRUDE,101.5,458283
2023-04-07,GOLD_OUNCE,114.91,465907
2023-04-07,US_10Y_BOND,111.39,123410
2023-04-07,GLOBAL_REIT,105.39,209512
2023-04-07,BITCOIN_INDEX,31492.42,54007
2023-04-10,BRENT_CRUDE,107.51,281926
2023-04-10,GOLD_OUNCE,111.73,167498
2023-04-10,US_10Y_BOND,113.04,221289
2023-04-10,GLOBAL_REIT,109.35,252825
2023-04-10,BITCOIN_INDEX,34640.36,241346
2023-04-11,BRENT_CRUDE,116.75,423398
2023-04-11,GOLD_OUNCE,111.11,255266
2023-04-11,US_10Y_BOND,113.33,275928
2023-04-11,GLOBAL_REIT,114.03,150275
2023-04-11,BITCOIN_INDEX,34479.13,78752
2023-04-12,BRENT_CRUDE,114.81,185124
2023-04-12,GOLD_OUNCE,112.95,335945
2023-04-12,US_10Y_BOND,111.32,291568
2023-04-12,GLOBAL_REIT,109.59,405716
2023-04-12,BITCOIN_INDEX,33336.0,184870
2023-04-13,BRENT_CRUDE,108.85,190404
2023-04-13,GOLD_OUNCE,114.14,455613
2023-04-13,US_10Y_BOND,113.7,332096
2023-04-13,GLOBAL_REIT,109.49,486381
2023-04-13,BITCOIN_INDEX,31913.01,446534
2023-04-14,BRENT_CRUDE,114.26,420329
2023-04-14,GOLD_OUNCE,112.04,455490
2023-04-14,US_10Y_BOND,114.7,451294
2023-04-14,GLOBAL_REIT,113.48,91407
2023-04-14,BITCOIN_INDEX,33595.36,247954
2023-04-17,BRENT_CRUDE,113.11,406356
2023-04-17,GOLD_OUNCE,114.7,230258
2023-04-17,US_10Y_BOND,113.42,217979
2023-04-17,GLOBAL_REIT,112.37,375831
2023-04-17,BITCOIN_INDEX,33298.75,185530
2023-04-18,BRENT_CRUDE,108.27,397754
2023-04-18,GOLD_OUNCE,112.16,77230
2023-04-18,US_10Y_BOND,110.14,68718
2023-04-18,GLOBAL_REIT,117.21,434061
2023-04-18,BITCOIN_INDEX,36093.43,379413
2023-04-19,BRENT_CRUDE,112.08,344783
2023-04-19,GOLD_OUNCE,115.71,315118
2023-04-19,US_10Y_BOND,115.39,214537
2023-04-19,GLOBAL_REIT,114.09,486466
2023-04-19,BITCOIN_INDEX,33698.26,210948
2023-04-20,BRENT_CRUDE,112.49,351800
2023-04-20,GOLD_OUNCE,112.19,127820
2023-04-20,US_10Y_BOND,112.77,365020
2023-04-20,GLOBAL_REIT,110.88,480508
2023-04-20,BITCOIN_INDEX,34432.03,487120
2023-04-21,BRENT_CRUDE,113.39,152561
2023-04-21,GOLD_OUNCE,115.33,380678
2023-04-21,US_10Y_BOND,112.66,487542
2023-04-21,GLOBAL_REIT,112.88,391877
2023-04-21,BITCOIN_INDEX,34294.58,71854
2023-04-24,BRENT_CRUDE,114.86,480245
2023-04-24,GOLD_OUNCE,117.33,482014
2023-04-24,US_10Y_BOND,116.84,416500
2023-04-24,GLOBAL_REIT,113.56,483966
2023-04-24,BITCOIN_INDEX,32839.12,61297
2023-04-25,BRENT_CRUDE,115.94,150316
2023-04-25,GOLD_OUNCE,115.47,194406
2023-04-25,US_10Y_BOND,114.54,444066
2023-04-25,GLOBAL_REIT,109.11,278979
2023-04-25,BITCOIN_INDEX,33380.25,249023
2023-04-26,BRENT_CRUDE,113.87,174800
2023-04-26,GOLD_OUNCE,116.65,429154
2023-04-26,US_10Y_BOND,111.6,75968
2023-04-26,GLOBAL_REIT,111.71,84781
2023-04-26,BITCOIN_INDEX,35945.04,432659
2023-04-27,BRENT_CRUDE,113.78,127071
2023-04-27,GOLD_OUNCE,109.48,165120
2023-04-27,US_10Y_BOND,113.05,186727
2023-04-27,GLOBAL_REIT,113.45,233944
2023-04-27,BITCOIN_INDEX,34313.58,134073
2023-04-28,BRENT_CRUDE,114.63,440642
2023-04-28,GOLD_OUNCE,115.74,138060
2023-04-28,US_10Y_BOND,113.33,129962
2023-04-28,GLOBAL_REIT,118.23,392560
2023-04-28,BITCOIN_INDEX,33870.12,195145
2023-05-01,BRENT_CRUDE,115.7,253277
2023-05-01,GOLD_OUNCE,115.41,287014
2023-05-01,US_10Y_BOND,113.37,475002
2023-05-01,GLOBAL_REIT,116.46,82141
2023-05-01,BITCOIN_INDEX,36623.1,117205
2023-05-02,BRENT_CRUDE,118.48,332413
2023-05-02,GOLD_OUNCE,113.59,481576
2023-05-02,US_10Y_BOND,115.44,233958
2023-05-02,GLOBAL_REIT,109.93,293772
2023-05-02,BITCOIN_INDEX,34375.78,331161
2023-05-03,BRENT_CRUDE,109.47,86547
2023-05-03,GOLD_OUNCE,117.34,446205
2023-05-03,US_10Y_BOND,117.8,241635
2023-05-03,GLOBAL_REIT,114.55,111924
2023-05-03,BITCOIN_INDEX,33780.56,341351
2023-05-04,BRENT_CRUDE,114.42,87279
2023-05-04,GOLD_OUNCE,113.39,51514
2023-05-04,US_10Y_BOND,110.17,459994
2023-05-04,GLOBAL_REIT,115.81,465366
2023-05-04,BITCOIN_INDEX,34576.56,83615
2023-05-05,BRENT_CRUDE,118.34,89797
2023-05-05,GOLD_OUNCE,109.29,339855
2023-05-05,US_10Y_BOND,112.75,413144
2023-05-05,GLOBAL_REIT,117.06,154179
2023-05-05,BITCOIN_INDEX,35774.02,168127
2023-05-08,BRENT_CRUDE,117.51,102260
2023-05-08,GOLD_OUNCE,116.84,134283
2023-05-08,US_10Y_BOND,112.03,303481
2023-05-08,GLOBAL_REIT,119.68,326666
2023-05-08,BITCOIN_INDEX,35070.59,176043
2023-05-09,BRENT_CRUDE,116.75,293583
2023-05-09,GOLD_OUNCE,113.55,122279
2023-05-09,US_10Y_BOND,117.44,81541
2023-05-09,GLOBAL_REIT,112.44,356267
2023-05-09,BITCOIN_INDEX,34633.4,355156
2023-05-10,BRENT_CRUDE,117.81,220226
2023-05-10,GOLD_OUNCE,115.85,456021
2023-05-10,US_10Y_BOND,120.11,64569
2023-05-10,GLOBAL_REIT,110.22,305345
2023-05-10,BITCOIN_INDEX,35113.24,289978
2023-05-11,BRENT_CRUDE,113.98,314552
2023-05-11,GOLD_OUNCE,112.0,341565
2023-05-11,US_10Y_BOND,107.0,140089
2023-05-11,GLOBAL_REIT,114.21,400272
2023-05-11,BITCOIN_INDEX,33983.27,165795
2023-05-12,BRENT_CRUDE,113.99,355537
2023-05-12,GOLD_OUNCE,113.68,326276
2023-05-12,US_10Y_BOND,111.64,455385
2023-05-12,GLOBAL_REIT,118.52,253296
2023-05-12,BITCOIN_INDEX,35085.2,490674
2023-05-15,BRENT_CRUDE,115.01,347694
2023-05-15,GOLD_OUNCE,115.14,188277
2023-05-15,US_10Y_BOND,116.96,191791
2023-05-15,GLOBAL_REIT,121.2,247827
2023-05-15,BITCOIN_INDEX,35536.66,447697
2023-05-16,BRENT_CRUDE,109.99,53591
2023-05-16,GOLD_OUNCE,113.31,486756
2023-05-16,US_10Y_BOND,116.13,423744
2023-05-16,GLOBAL_REIT,118.36,414630
2023-05-16,BITCOIN_INDEX,34317.04,299683
2023-05-17,BRENT_CRUDE,116.79,94382
2023-05-17,GOLD_OUNCE,114.15,273455
2023-05-17,US_10Y_BOND,119.18,245915
2023-05-17,GLOBAL_REIT,115.59,74050
2023-05-17,BITCOIN_INDEX,32783.73,496349
2023-05-18,BRENT_CRUDE,116.98,375922
2023-05-18,GOLD_OUNCE,114.36,180474
2023-05-18,US_10Y_BOND,112.53,80350
2023-05-18,GLOBAL_REIT,117.18,363612
2023-05-18,BITCOIN_INDEX,33519.17,380721
2023-05-19,BRENT_CRUDE,112.52,355667
2023-05-19,GOLD_OUNCE,116.75,355837
2023-05-19,US_10Y_BOND,114.57,452038
2023-05-19,GLOBAL_REIT,112.86,97034
2023-05-19,BITCOIN_INDEX,33573.94,187060
2023-05-22,BRENT_CRUDE,114.94,401350
2023-05-22,GOLD_OUNCE,119.37,299069
2023-05-22,US_10Y_BOND,114.55,319515
2023-05-22,GLOBAL_REIT,114.04,169586
2023-05-22,BITCOIN_INDEX,33773.7,330632
2023-05-23,BRENT_CRUDE,111.84,115728
2023-05-23,GOLD_OUNCE,112.68,209006
2023-05-23,US_10Y_BOND,119.36,413254
2023-05-23,GLOBAL_REIT,107.29,445169
2023-05-23,BITCOIN_INDEX,34431.73,215713
2023-05-24,BRENT_CRUDE,114.31,143603
2023-05-24,GOLD_OUNCE,117.72,325768
2023-05-24,US_10Y_BOND,112.03,88938
2023-05-24,GLOBAL_REIT,112.91,158763
2023-05-24,BITCOIN_INDEX,34927.98,437774
2023-05-25,BRENT_CRUDE,115.62,171566
2023-05-25,GOLD_OUNCE,110.6,330242
2023-05-25,US_10Y_BOND,116.21,449244
2023-05-25,GLOBAL_REIT,115.69,361113
2023-05-25,BITCOIN_INDEX,34824.25,396623
2023-05-26,BRENT_CRUDE,117.55,201615
2023-05-26,GOLD_OUNCE,109.21,486529
2023-05-26,US_10Y_BOND,114.39,401573
2023-05-26,GLOBAL_REIT,116.63,459359
2023-05-26,BITCOIN_INDEX,34599.91,266772
2023-05-29,BRENT_CRUDE,109.22,397216
2023-05-29,GOLD_OUNCE,118.17,231346
2023-05-29,US_10Y_BOND,111.18,99983
2023-05-29,GLOBAL_REIT,113.85,352356
2023-05-29,BITCOIN_INDEX,33664.71,107027
2023-05-30,BRENT_CRUDE,117.88,116192
2023-05-30,GOLD_OUNCE,118.51,231837
2023-05-30,US_10Y_BOND,112.74,333410
2023-05-30,GLOBAL_REIT,118.67,430799
2023-05-30,BITCOIN_INDEX,33638.87,271081
2023-05-31,BRENT_CRUDE,116.04,337124
2023-05-31,GOLD_OUNCE,107.4,458195
2023-05-31,US_10Y_BOND,110.23,103228
2023-05-31,GLOBAL_REIT,113.49,223251
2023-05-31,BITCOIN_INDEX,33852.09,394014
2023-06-01,BRENT_CRUDE,112.55,155896
2023-06-01,GOLD_OUNCE,111.13,382822
2023-06-01,US_10Y_BOND,112.36,418494
2023-06-01,GLOBAL_REIT,108.5,461925
2023-06-01,BITCOIN_INDEX,33445.01,307393
2023-06-02,BRENT_CRUDE,117.8,360360
2023-06-02,GOLD_OUNCE,114.14,416566
2023-06-02,US_10Y_BOND,110.93,445042
2023-06-02,GLOBAL_REIT,112.87,344791
2023-06-02,BITCOIN_INDEX,34570.92,54298
2023-06-05,BRENT_CRUDE,109.72,483037
2023-06-05,GOLD_OUNCE,120.24,455769
2023-06-05,US_10Y_BOND,117.42,63347
2023-06-05,GLOBAL_REIT,110.11,156116
2023-06-05,BITCOIN_INDEX,33861.76,475909
2023-06-06,BRENT_CRUDE,110.47,425581
2023-06-06,GOLD_OUNCE,114.18,241984
2023-06-06,US_10Y_BOND,112.0,207542
2023-06-06,GLOBAL_REIT,116.25,462962
2023-06-06,BITCOIN_INDEX,33483.74,210956
2023-06-07,BRENT_CRUDE,114.79,71169
2023-06-07,GOLD_OUNCE,111.71,402740
2023-06-07,US_10Y_BOND,105.48,251114
2023-06-07,GLOBAL_REIT,109.57,238410
2023-06-07,BITCOIN_INDEX,33661.77,271155
2023-06-08,BRENT_CRUDE,111.81,424730
2023-06-08,GOLD_OUNCE,109.03,314291
2023-06-08,US_10Y_BOND,115.28,350067
2023-06-08,GLOBAL_REIT,111.47,496687
2023-06-08,BITCOIN_INDEX,33222.85,336765
2023-06-09,BRENT_CRUDE,107.77,144266
2023-06-09,GOLD_OUNCE,108.98,230738
2023-06-09,US_10Y_BOND,110.34,213828
2023-06-09,GLOBAL_REIT,110.5,323149
2023-06-09,BITCOIN_INDEX,33559.04,255074
2023-06-12,BRENT_CRUDE,106.93,196144
2023-06-12,GOLD_OUNCE,111.07,91188
2023-06-12,US_10Y_BOND,114.83,183093
2023-06-12,GLOBAL_REIT,108.91,273059
2023-06-12,BITCOIN_INDEX,32838.12,266659
2023-06-13,BRENT_CRUDE,113.07,154487
2023-06-13,GOLD_OUNCE,103.31,101718
2023-06-13,US_10Y_BOND,112.82,111987
2023-06-13,GLOBAL_REIT,111.02,367166
2023-06-13,BITCOIN_INDEX,31617.76,433899
2023-06-14,BRENT_CRUDE,108.72,255421
2023-06-14,GOLD_OUNCE,106.03,86562
2023-06-14,US_10Y_BOND,116.58,317707
2023-06-14,GLOBAL_REIT,107.87,318115
2023-06-14,BITCOIN_INDEX,32949.3,54441
2023-06-15,BRENT_CRUDE,111.85,67067
2023-06-15,GOLD_OUNCE,107.96,341006
2023-06-15,US_10Y_BOND,114.88,252687
2023-06-15,GLOBAL_REIT,104.52,329169
2023-06-15,BITCOIN_INDEX,32005.41,90069
2023-06-16,BRENT_CRUDE,108.67,384999
2023-06-16,GOLD_OUNCE,111.35,384362
2023-06-16,US_10Y_BOND,108.21,72253
2023-06-16,GLOBAL_REIT,107.63,317517
2023-06-16,BITCOIN_INDEX,32036.29,414422
2023-06-19,BRENT_CRUDE,105.7,295381
2023-06-19,GOLD_OUNCE,107.81,265101
2023-06-19,US_10Y_BOND,109.72,210119
2023-06-19,GLOBAL_REIT,103.2,204437
2023-06-19,BITCOIN_INDEX,33014.64,249851
2023-06-20,BRENT_CRUDE,103.68,138346
2023-06-20,GOLD_OUNCE,108.52,151293
2023-06-20,US_10Y_BOND,107.11,239204
2023-06-20,GLOBAL_REIT,110.11,375740
2023-06-20,BITCOIN_INDEX,30829.63,265691
2023-06-21,BRENT_CRUDE,107.26,70207
2023-06-21,GOLD_OUNCE,104.16,197480
2023-06-21,US_10Y_BOND,108.91,86022
2023-06-21,GLOBAL_REIT,108.86,118025
2023-06-21,BITCOIN_INDEX,33373.92,163382
2023-06-22,BRENT_CRUDE,106.43,159899
2023-06-22,GOLD_OUNCE,105.97,212125
2023-06-22,US_10Y_BOND,108.8,182941
2023-06-22,GLOBAL_REIT,108.09,340913
2023-06-22,BITCOIN_INDEX,33466.36,108065
2023-06-23,BRENT_CRUDE,106.89,368077
2023-06-23,GOLD_OUNCE,109.02,479581
2023-06-23,US_10Y_BOND,115.17,102762
2023-06-23,GLOBAL_REIT,116.3,225624
2023-06-23,BITCOIN_INDEX,32471.28,239431
2023-06-26,BRENT_CRUDE,108.89,295924
2023-06-26,GOLD_OUNCE,105.84,178883
2023-06-26,US_10Y_BOND,105.55,223180
2023-06-26,GLOBAL_REIT,106.4,285725
2023-06-26,BITCOIN_INDEX,32756.47,122911
2023-06-27,BRENT_CRUDE,107.89,247958
2023-06-27,GOLD_OUNCE,111.56,476233
2023-06-27,US_10Y_BOND,107.56,464815
2023-06-27,GLOBAL_REIT,108.92,304151
2023-06-27,BITCOIN_INDEX,31689.75,89034
2023-06-28,BRENT_CRUDE,109.78,497366
2023-06-28,GOLD_OUNCE,104.65,123396
2023-06-28,US_10Y_BOND,104.12,201865
2023-06-28,GLOBAL_REIT,108.44,498407
2023-06-28,BITCOIN_INDEX,30438.08,73629
2023-06-29,BRENT_CRUDE,104.42,58925
2023-06-29,GOLD_OUNCE,106.69,337359
2023-06-29,US_10Y_BOND,105.29,203726
2023-06-29,GLOBAL_REIT,106.21,125937
2023-06-29,BITCOIN_INDEX,31483.87,250120
2023-06-30,BRENT_CRUDE,106.62,452633
2023-06-30,GOLD_OUNCE,107.46,466902
2023-06-30,US_10Y_BOND,105.52,257720
2023-06-30,GLOBAL_REIT,100.91,495741
2023-06-30,BITCOIN_INDEX,31974.01,175242
2023-07-03,BRENT_CRUDE,102.73,190869
2023-07-03,GOLD_OUNCE,107.9,96738
2023-07-03,US_10Y_BOND,100.09,116777
2023-07-03,GLOBAL_REIT,105.88,152000
2023-07-03,BITCOIN_INDEX,31459.34,223665
2023-07-04,BRENT_CRUDE,99.3,83970
2023-07-04,GOLD_OUNCE,108.7,308405
2023-07-04,US_10Y_BOND,104.86,488543
2023-07-04,GLOBAL_REIT,114.53,283594
2023-07-04,BITCOIN_INDEX,32100.69,196393
2023-07-05,BRENT_CRUDE,107.1,70144
2023-07-05,GOLD_OUNCE,99.47,314953
2023-07-05,US_10Y_BOND,101.26,147810
2023-07-05,GLOBAL_REIT,107.83,146024
2023-07-05,BITCOIN_INDEX,30336.21,497849
2023-07-06,BRENT_CRUDE,100.07,496259
2023-07-06,GOLD_OUNCE,101.7,271357
2023-07-06,US_10Y_BOND,101.55,116952
2023-07-06,GLOBAL_REIT,95.75,196080
2023-07-06,BITCOIN_INDEX,31093.12,420172
2023-07-07,BRENT_CRUDE,103.91,292030
2023-07-07,GOLD_OUNCE,102.09,316156
2023-07-07,US_10Y_BOND,100.25,270350
2023-07-07,GLOBAL_REIT,106.72,326774
2023-07-07,BITCOIN_INDEX,31293.07,214451
2023-07-10,BRENT_CRUDE,105.4,238046
2023-07-10,GOLD_OUNCE,102.84,442243
2023-07-10,US_10Y_BOND,99.89,239389
2023-07-10,GLOBAL_REIT,104.05,76930
2023-07-10,BITCOIN_INDEX,31209.55,235464
2023-07-11,BRENT_CRUDE,99.74,295325
2023-07-11,GOLD_OUNCE,107.09,317506
2023-07-11,US_10Y_BOND,101.02,62808
2023-07-11,GLOBAL_REIT,98.52,117331
2023-07-11,BITCOIN_INDEX,33007.74,115805
2023-07-12,BRENT_CRUDE,102.72,390028
2023-07-12,GOLD_OUNCE,103.43,224448
2023-07-12,US_10Y_BOND,100.74,117414
2023-07-12,GLOBAL_REIT,102.57,224009
2023-07-12,BITCOIN_INDEX,31789.59,210180
2023-07-13,BRENT_CRUDE,99.59,63204
2023-07-13,GOLD_OUNCE,98.06,276080
2023-07-13,US_10Y_BOND,101.24,62834
2023-07-13,GLOBAL_REIT,101.37,446567
2023-07-13,BITCOIN_INDEX,29041.52,388585
2023-07-14,BRENT_CRUDE,99.74,195293
2023-07-14,GOLD_OUNCE,98.33,268979
2023-07-14,US_10Y_BOND,98.88,92027
2023-07-14,GLOBAL_REIT,99.91,251139
2023-07-14,BITCOIN_INDEX,31443.79,50834
2023-07-17,BRENT_CRUDE,99.78,247952
2023-07-17,GOLD_OUNCE,103.9,392623
2023-07-17,US_10Y_BOND,99.34,309080
2023-07-17,GLOBAL_REIT,98.15,257259
2023-07-17,BITCOIN_INDEX,29448.5,185090
2023-07-18,BRENT_CRUDE,96.66,496386
2023-07-18,GOLD_OUNCE,96.18,420186
2023-07-18,US_10Y_BOND,97.49,239527
2023-07-18,GLOBAL_REIT,104.81,318060
2023-07-18,BITCOIN_INDEX,27936.92,315750
2023-07-19,BRENT_CRUDE,97.01,128043
2023-07-19,GOLD_OUNCE,96.14,395184
2023-07-19,US_10Y_BOND,103.36,344029
2023-07-19,GLOBAL_REIT,100.34,96871
2023-07-19,BITCOIN_INDEX,29723.75,187225
2023-07-20,BRENT_CRUDE,92.61,143286
2023-07-20,GOLD_OUNCE,99.51,205349
2023-07-20,US_10Y_BOND,100.07,394255
2023-07-20,GLOBAL_REIT,93.92,148058
2023-07-20,BITCOIN_INDEX,28748.81,163215
2023-07-21,BRENT_CRUDE,97.81,431468
2023-07-21,GOLD_OUNCE,99.97,146397
2023-07-21,US_10Y_BOND,100.78,78362
2023-07-21,GLOBAL_REIT,97.84,462395
2023-07-21,BITCOIN_INDEX,28338.63,357522
2023-07-24,BRENT_CRUDE,96.54,408606
2023-07-24,GOLD_OUNCE,94.18,118082
2023-07-24,US_10Y_BOND,100.91,226639
2023-07-24,GLOBAL_REIT,97.29,401851
2023-07-24,BITCOIN_INDEX,27841.76,347058
2023-07-25,BRENT_CRUDE,93.89,480720
2023-07-25,GOLD_OUNCE,96.38,171666
2023-07-25,US_10Y_BOND,99.5,396729
2023-07-25,GLOBAL_REIT,92.9,492868
2023-07-25,BITCOIN_INDEX,27967.74,313012
2023-07-26,BRENT_CRUDE,95.69,57765
2023-07-26,GOLD_OUNCE,96.09,226995
2023-07-26,US_10Y_BOND,92.41,216183
2023-07-26,GLOBAL_REIT,97.91,471394
2023-07-26,BITCOIN_INDEX,29776.76,250403
2023-07-27,BRENT_CRUDE,94.09,352412
2023-07-27,GOLD_OUNCE,94.82,428783
2023-07-27,US_10Y_BOND,96.45,286824
2023-07-27,GLOBAL_REIT,95.48,114836
2023-07-27,BITCOIN_INDEX,29054.74,62682
2023-07-28,BRENT_CRUDE,102.06,229659
2023-07-28,GOLD_OUNCE,96.29,176918
2023-07-28,US_10Y_BOND,99.79,467888
2023-07-28,GLOBAL_REIT,93.09,209587
2023-07-28,BITCOIN_INDEX,27882.88,452542
2023-07-31,BRENT_CRUDE,100.99,489318
2023-07-31,GOLD_OUNCE,95.22,402483
2023-07-31,US_10Y_BOND,96.43,386751
2023-07-31,GLOBAL_REIT,93.3,154677
2023-07-31,BITCOIN_INDEX,29566.12,157276
2023-08-01,BRENT_CRUDE,91.52,143684
2023-08-01,GOLD_OUNCE,96.53,83757
2023-08-01,US_10Y_BOND,95.58,250658
2023-08-01,GLOBAL_REIT,99.32,498288
2023-08-01,BITCOIN_INDEX,29229.45,357211
2023-08-02,BRENT_CRUDE,88.05,93513
2023-08-02,GOLD_OUNCE,96.61,187902
2023-08-02,US_10Y_BOND,96.34,92446
2023-08-02,GLOBAL_REIT,95.09,293065
2023-08-02,BITCOIN_INDEX,29124.24,297253
2023-08-03,BRENT_CRUDE,89.87,467019
2023-08-03,GOLD_OUNCE,93.47,136741
2023-08-03,US_10Y_BOND,91.93,291551
2023-08-03,GLOBAL_REIT,97.29,176228
2023-08-03,BITCOIN_INDEX,27711.68,52837
2023-08-04,BRENT_CRUDE,91.06,416382
2023-08-04,GOLD_OUNCE,92.54,232516
2023-08-04,US_10Y_BOND,87.93,280178
2023-08-04,GLOBAL_REIT,92.91,395029
2023-08-04,BITCOIN_INDEX,28109.51,182730
2023-08-07,BRENT_CRUDE,92.61,53139
2023-08-07,GOLD_OUNCE,90.75,73604
2023-08-07,US_10Y_BOND,94.31,465804
2023-08-07,GLOBAL_REIT,92.12,399609
2023-08-07,BITCOIN_INDEX,27934.41,429799
2023-08-08,BRENT_CRUDE,92.55,366535
2023-08-08,GOLD_OUNCE,94.96,393007
2023-08-08,US_10Y_BOND,95.43,296401
2023-08-08,GLOBAL_REIT,96.33,265637
2023-08-08,BITCOIN_INDEX,27818.8,146220
2023-08-09,BRENT_CRUDE,91.11,289712
2023-08-09,GOLD_OUNCE,92.54,474803
2023-08-09,US_10Y_BOND,89.46,375217
2023-08-09,GLOBAL_REIT,90.06,274152
2023-08-09,BITCOIN_INDEX,25927.48,495823
2023-08-10,BRENT_CRUDE,92.0,212868
2023-08-10,GOLD_OUNCE,90.16,85246
2023-08-10,US_10Y_BOND,91.84,389083
2023-08-10,GLOBAL_REIT,93.44,158173
2023-08-10,BITCOIN_INDEX,28014.8,243873
2023-08-11,BRENT_CRUDE,92.58,307380
2023-08-11,GOLD_OUNCE,96.87,402904
2023-08-11,US_10Y_BOND,89.05,60947
2023-08-11,GLOBAL_REIT,91.74,476231
2023-08-11,BITCOIN_INDEX,27344.39,424598
2023-08-14,BRENT_CRUDE,86.61,353420
2023-08-14,GOLD_OUNCE,92.21,435435
2023-08-14,US_10Y_BOND,86.19,391551
2023-08-14,GLOBAL_REIT,86.9,211147
2023-08-14,BITCOIN_INDEX,27272.65,300967
2023-08-15,BRENT_CRUDE,84.23,310731
2023-08-15,GOLD_OUNCE,86.98,74552
2023-08-15,US_10Y_BOND,89.01,97856
2023-08-15,GLOBAL_REIT,89.38,84570
2023-08-15,BITCOIN_INDEX,27541.51,330588
2023-08-16,BRENT_CRUDE,93.79,68664
2023-08-16,GOLD_OUNCE,95.09,257215
2023-08-16,US_10Y_BOND,94.65,382030
2023-08-16,GLOBAL_REIT,83.28,177260
2023-08-16,BITCOIN_INDEX,28210.84,465150
2023-08-17,BRENT_CRUDE,88.54,451095
2023-08-17,GOLD_OUNCE,96.34,288097
2023-08-17,US_10Y_BOND,82.16,440922
2023-08-17,GLOBAL_REIT,88.04,123282
2023-08-17,BITCOIN_INDEX,27639.61,220538
2023-08-18,BRENT_CRUDE,89.49,169662
2023-08-18,GOLD_OUNCE,88.99,131543
2023-08-18,US_10Y_BOND,87.91,317798
2023-08-18,GLOBAL_REIT,84.27,197452
2023-08-18,BITCOIN_INDEX,25462.88,308423
2023-08-21,BRENT_CRUDE,88.76,233517
2023-08-21,GOLD_OUNCE,88.0,249716
2023-08-21,US_10Y_BOND,92.16,316478
2023-08-21,GLOBAL_REIT,86.77,358113
2023-08-21,BITCOIN_INDEX,27427.36,93842
2023-08-22,BRENT_CRUDE,88.79,249220
2023-08-22,GOLD_OUNCE,81.45,452384
2023-08-22,US_10Y_BOND,84.9,148700
2023-08-22,GLOBAL_REIT,93.12,157857
2023-08-22,BITCOIN_INDEX,24923.8,169361
2023-08-23,BRENT_CRUDE,89.95,277581
2023-08-23,GOLD_OUNCE,88.9,404874
2023-08-23,US_10Y_BOND,90.65,320307
2023-08-23,GLOBAL_REIT,86.36,466691
2023-08-23,BITCOIN_INDEX,28041.36,275872
2023-08-24,BRENT_CRUDE,91.7,192285
2023-08-24,GOLD_OUNCE,95.82,154057
2023-08-24,US_10Y_BOND,88.44,180173
2023-08-24,GLOBAL_REIT,86.75,225139
2023-08-24,BITCOIN_INDEX,26473.48,93685
2023-08-25,BRENT_CRUDE,89.97,409825
2023-08-25,GOLD_OUNCE,88.64,279491
2023-08-25,US_10Y_BOND,82.69,157135
2023-08-25,GLOBAL_REIT,86.86,93802
2023-08-25,BITCOIN_INDEX,25987.98,174032
2023-08-28,BRENT_CRUDE,87.75,349962
2023-08-28,GOLD_OUNCE,90.61,120356
2023-08-28,US_10Y_BOND,87.55,446514
2023-08-28,GLOBAL_REIT,81.96,69299
2023-08-28,BITCOIN_INDEX,25601.93,255570
2023-08-29,BRENT_CRUDE,87.08,332990
2023-08-29,GOLD_OUNCE,85.22,124958
2023-08-29,US_10Y_BOND,88.29,261529
2023-08-29,GLOBAL_REIT,81.84,86315
2023-08-29,BITCOIN_INDEX,24438.99,398377
2023-08-30,BRENT_CRUDE,89.35,263790
2023-08-30,GOLD_OUNCE,83.71,325300
2023-08-30,US_10Y_BOND,89.12,409108
2023-08-30,GLOBAL_REIT,83.32,293017
2023-08-30,BITCOIN_INDEX,25725.9,112323
2023-08-31,BRENT_CRUDE,83.32,51008
2023-08-31,GOLD_OUNCE,85.46,493855
2023-08-31,US_10Y_BOND,85.92,392743
2023-08-31,GLOBAL_REIT,83.62,424329
2023-08-31,BITCOIN_INDEX,27459.32,277187
2023-09-01,BRENT_CRUDE,89.58,337176
2023-09-01,GOLD_OUNCE,91.46,153544
2023-09-01,US_10Y_BOND,84.85,314436
2023-09-01,GLOBAL_REIT,85.93,256666
2023-09-01,BITCOIN_INDEX,25245.39,246565
2023-09-04,BRENT_CRUDE,88.12,131335
2023-09-04,GOLD_OUNCE,89.34,394449
2023-09-04,US_10Y_BOND,87.2,474889
2023-09-04,GLOBAL_REIT,83.33,251397
2023-09-04,BITCOIN_INDEX,25203.41,497247
2023-09-05,BRENT_CRUDE,82.03,474954
2023-09-05,GOLD_OUNCE,84.83,223663
2023-09-05,US_10Y_BOND,89.01,429420
2023-09-05,GLOBAL_REIT,87.99,419576
2023-09-05,BITCOIN_INDEX,26220.9,231723
2023-09-06,BRENT_CRUDE,88.67,350279
2023-09-06,GOLD_OUNCE,84.46,183428
2023-09-06,US_10Y_BOND,88.83,204668
2023-09-06,GLOBAL_REIT,83.88,400536
2023-09-06,BITCOIN_INDEX,25806.96,112483
2023-09-07,BRENT_CRUDE,84.8,309617
2023-09-07,GOLD_OUNCE,84.61,178505
2023-09-07,US_10Y_BOND,87.48,431240
2023-09-07,GLOBAL_REIT,85.09,433485
2023-09-07,BITCOIN_INDEX,26640.98,400354
2023-09-08,BRENT_CRUDE,86.18,478956
2023-09-08,GOLD_OUNCE,81.51,280719
2023-09-08,US_10Y_BOND,91.24,423322
2023-09-08,GLOBAL_REIT,85.98,391931
2023-09-08,BITCOIN_INDEX,25913.87,194170
2023-09-11,BRENT_CRUDE,88.42,403670
2023-09-11,GOLD_OUNCE,85.13,357921
2023-09-11,US_10Y_BOND,86.07,291374
2023-09-11,GLOBAL_REIT,82.3,474210
2023-09-11,BITCOIN_INDEX,24631.81,122673
2023-09-12,BRENT_CRUDE,88.39,432289
2023-09-12,GOLD_OUNCE,91.5,304314
2023-09-12,US_10Y_BOND,83.65,98355
2023-09-12,GLOBAL_REIT,84.82,212697
2023-09-12,BITCOIN_INDEX,25082.74,353209
2023-09-13,BRENT_CRUDE,86.13,436144
2023-09-13,GOLD_OUNCE,85.46,273462
2023-09-13,US_10Y_BOND,91.36,101340
2023-09-13,GLOBAL_REIT,85.2,499950
2023-09-13,BITCOIN_INDEX,26358.24,485310
2023-09-14,BRENT_CRUDE,85.25,311739
2023-09-14,GOLD_OUNCE,85.63,318939
2023-09-14,US_10Y_BOND,82.39,405136
2023-09-14,GLOBAL_REIT,84.98,465246
2023-09-14,BITCOIN_INDEX,24973.34,496084
2023-09-15,BRENT_CRUDE,85.94,115812
2023-09-15,GOLD_OUNCE,84.34,428528
2023-09-15,US_10Y_BOND,82.57,176437
2023-09-15,GLOBAL_REIT,89.9,155856
2023-09-15,BITCOIN_INDEX,26130.76,389723
2023-09-18,BRENT_CRUDE,85.96,425656
2023-09-18,GOLD_OUNCE,82.77,406219
2023-09-18,US_10Y_BOND,87.04,194931
2023-09-18,GLOBAL_REIT,82.03,346331
2023-09-18,BITCOIN_INDEX,24794.94,99149
2023-09-19,BRENT_CRUDE,84.85,182930
2023-09-19,GOLD_OUNCE,85.35,70729
2023-09-19,US_10Y_BOND,83.56,216322
2023-09-19,GLOBAL_REIT,80.47,172858
2023-09-19,BITCOIN_INDEX,25211.97,180848
2023-09-20,BRENT_CRUDE,89.39,187156
2023-09-20,GOLD_OUNCE,79.54,333858
2023-09-20,US_10Y_BOND,86.5,495254
2023-09-20,GLOBAL_REIT,84.36,68638
2023-09-20,BITCOIN_INDEX,24335.34,264884
2023-09-21,BRENT_CRUDE,88.9,119522
2023-09-21,GOLD_OUNCE,83.0,84901
2023-09-21,US_10Y_BOND,90.11,158904
2023-09-21,GLOBAL_REIT,85.53,96593
2023-09-21,BITCOIN_INDEX,25767.17,367601
2023-09-22,BRENT_CRUDE,84.23,139144
2023-09-22,GOLD_OUNCE,88.01,498976
2023-09-22,US_10Y_BOND,88.12,226200
2023-09-22,GLOBAL_REIT,84.56,453992
2023-09-22,BITCOIN_INDEX,26494.12,91220
2023-09-25,BRENT_CRUDE,86.03,418685
2023-09-25,GOLD_OUNCE,84.2,187445
2023-09-25,US_10Y_BOND,80.03,54642
2023-09-25,GLOBAL_REIT,89.25,61746
2023-09-25,BITCOIN_INDEX,25638.05,175652
2023-09-26,BRENT_CRUDE,83.35,114776
2023-09-26,GOLD_OUNCE,87.26,123723
2023-09-26,US_10Y_BOND,86.08,146628
2023-09-26,GLOBAL_REIT,86.08,284462
2023-09-26,BITCOIN_INDEX,28012.1,299605
2023-09-27,BRENT_CRUDE,82.9,218154
2023-09-27,GOLD_OUNCE,87.48,90181
2023-09-27,US_10Y_BOND,89.32,94433
2023-09-27,GLOBAL_REIT,84.49,174021
2023-09-27,BITCOIN_INDEX,24830.53,393042
2023-09-28,BRENT_CRUDE,84.53,404126
2023-09-28,GOLD_OUNCE,86.19,278257
2023-09-28,US_10Y_BOND,88.84,168148
2023-09-28,GLOBAL_REIT,83.19,486849
2023-09-28,BITCOIN_INDEX,27379.9,485680
2023-09-29,BRENT_CRUDE,84.65,215587
2023-09-29,GOLD_OUNCE,87.65,433702
2023-09-29,US_10Y_BOND,88.21,175824
2023-09-29,GLOBAL_REIT,88.55,425006
2023-09-29,BITCOIN_INDEX,24339.32,439439
2023-10-02,BRENT_CRUDE,91.96,227394
2023-10-02,GOLD_OUNCE,84.15,316732
2023-10-02,US_10Y_BOND,91.84,68245
2023-10-02,GLOBAL_REIT,92.52,271723
2023-10-02,BITCOIN_INDEX,24226.21,431334
2023-10-03,BRENT_CRUDE,87.81,231557
2023-10-03,GOLD_OUNCE,84.65,362537
2023-10-03,US_10Y_BOND,85.8,304058
2023-10-03,GLOBAL_REIT,88.5,87859
2023-10-03,BITCOIN_INDEX,24784.68,286669
2023-10-04,BRENT_CRUDE,84.64,297829
2023-10-04,GOLD_OUNCE,87.85,260680
2023-10-04,US_10Y_BOND,86.96,155012
2023-10-04,GLOBAL_REIT,88.62,115638
2023-10-04,BITCOIN_INDEX,25356.68,332265
2023-10-05,BRENT_CRUDE,82.76,272097
2023-10-05,GOLD_OUNCE,92.87,347252
2023-10-05,US_10Y_BOND,83.69,358006
2023-10-05,GLOBAL_REIT,83.2,292231
2023-10-05,BITCOIN_INDEX,25177.86,386383
2023-10-06,BRENT_CRUDE,86.81,284945
2023-10-06,GOLD_OUNCE,87.05,317956
2023-10-06,US_10Y_BOND,82.02,464053
2023-10-06,GLOBAL_REIT,83.61,103159
2023-10-06,BITCOIN_INDEX,26817.61,433932
2023-10-09,BRENT_CRUDE,85.48,77959
2023-10-09,GOLD_OUNCE,87.42,370339
2023-10-09,US_10Y_BOND,83.98,350695
2023-10-09,GLOBAL_REIT,88.1,175515
2023-10-09,BITCOIN_INDEX,25156.38,284178
2023-10-10,BRENT_CRUDE,83.14,412004
2023-10-10,GOLD_OUNCE,80.92,447788
2023-10-10,US_10Y_BOND,86.6,74790
2023-10-10,GLOBAL_REIT,88.47,164096
2023-10-10,BITCOIN_INDEX,26565.53,139232
2023-10-11,BRENT_CRUDE,87.36,70705
2023-10-11,GOLD_OUNCE,89.99,450874
2023-10-11,US_10Y_BOND,82.92,339479
2023-10-11,GLOBAL_REIT,83.1,347589
2023-10-11,BITCOIN_INDEX,25213.0,298521
2023-10-12,BRENT_CRUDE,85.96,331330
2023-10-12,GOLD_OUNCE,86.97,340563
2023-10-12,US_10Y_BOND,90.55,74483
2023-10-12,GLOBAL_REIT,86.19,334499
2023-10-12,BITCOIN_INDEX,26772.68,462223
2023-10-13,BRENT_CRUDE,88.9,366623
2023-10-13,GOLD_OUNCE,90.79,464407
2023-10-13,US_10Y_BOND,88.66,346416
2023-10-13,GLOBAL_REIT,91.02,116270
2023-10-13,BITCOIN_INDEX,24516.54,244386
2023-10-16,BRENT_CRUDE,86.81,348011
2023-10-16,GOLD_OUNCE,82.77,239194
2023-10-16,US_10Y_BOND,84.82,469049
2023-10-16,GLOBAL_REIT,84.64,130675
2023-10-16,BITCOIN_INDEX,27385.05,328315
2023-10-17,BRENT_CRUDE,87.29,145742
2023-10-17,GOLD_OUNCE,94.35,62849
2023-10-17,US_10Y_BOND,87.02,404570
2023-10-17,GLOBAL_REIT,82.87,434189
2023-10-17,BITCOIN_INDEX,27584.74,497008
2023-10-18,BRENT_CRUDE,87.08,372474
2023-10-18,GOLD_OUNCE,89.58,202164
2023-10-18,US_10Y_BOND,89.0,55042
2023-10-18,GLOBAL_REIT,88.24,403554
2023-10-18,BITCOIN_INDEX,26767.98,415621
2023-10-19,BRENT_CRUDE,91.33,292961
2023-10-19,GOLD_OUNCE,81.73,149097
2023-10-19,US_10Y_BOND,88.92,104064
2023-10-19,GLOBAL_REIT,85.52,205739
2023-10-19,BITCOIN_INDEX,27100.86,442403
2023-10-20,BRENT_CRUDE,86.23,310061
2023-10-20,GOLD_OUNCE,86.29,153768
2023-10-20,US_10Y_BOND,84.88,168918
2023-10-20,GLOBAL_REIT,89.02,225974
2023-10-20,BITCOIN_INDEX,25139.78,337676
2023-10-23,BRENT_CRUDE,85.2,414520
2023-10-23,GOLD_OUNCE,89.43,262487
2023-10-23,US_10Y_BOND,88.42,408635
2023-10-23,GLOBAL_REIT,88.39,366346
2023-10-23,BITCOIN_INDEX,25023.46,257234
2023-10-24,BRENT_CRUDE,89.8,336417
2023-10-24,GOLD_OUNCE,90.05,174530
2023-10-24,US_10Y_BOND,92.66,69232
2023-10-24,GLOBAL_REIT,91.06,122196
2023-10-24,BITCOIN_INDEX,25934.35,266692
2023-10-25,BRENT_CRUDE,86.76,351097
2023-10-25,GOLD_OUNCE,93.29,311482
2023-10-25,US_10Y_BOND,92.74,361426
2023-10-25,GLOBAL_REIT,89.54,212268
2023-10-25,BITCOIN_INDEX,27553.2,406257
2023-10-26,BRENT_CRUDE,92.74,338430
2023-10-26,GOLD_OUNCE,85.77,344368
2023-10-26,US_10Y_BOND,86.7,108905
2023-10-26,GLOBAL_REIT,88.97,333667
2023-10-26,BITCOIN_INDEX,28118.47,274578
2023-10-27,BRENT_CRUDE,95.87,332001
2023-10-27,GOLD_OUNCE,91.15,162639
2023-10-27,US_10Y_BOND,87.39,471851
2023-10-27,GLOBAL_REIT,87.81,142149
2023-10-27,BITCOIN_INDEX,26864.83,378441
2023-10-30,BRENT_CRUDE,89.89,449608
2023-10-30,GOLD_OUNCE,88.1,313574
2023-10-30,US_10Y_BOND,90.24,144470
2023-10-30,GLOBAL_REIT,85.55,396402
2023-10-30,BITCOIN_INDEX,27127.63,131222
2023-10-31,BRENT_CRUDE,89.11,478228
2023-10-31,GOLD_OUNCE,88.99,378420
2023-10-31,US_10Y_BOND,92.73,351947
2023-10-31,GLOBAL_REIT,92.89,138245
2023-10-31,BITCOIN_INDEX,29672.36,469461
2023-11-01,BRENT_CRUDE,90.54,126240
2023-11-01,GOLD_OUNCE,88.27,249732
2023-11-01,US_10Y_BOND,92.12,140060
2023-11-01,GLOBAL_REIT,90.44,237697
2023-11-01,BITCOIN_INDEX,28209.59,233504
2023-11-02,BRENT_CRUDE,93.53,75908
2023-11-02,GOLD_OUNCE,94.01,80189
2023-11-02,US_10Y_BOND,85.94,174012
2023-11-02,GLOBAL_REIT,96.94,406679
2023-11-02,BITCOIN_INDEX,27800.47,147261
2023-11-03,BRENT_CRUDE,86.9,381296
2023-11-03,GOLD_OUNCE,91.75,444974
2023-11-03,US_10Y_BOND,92.49,474739
2023-11-03,GLOBAL_REIT,96.44,104500
2023-11-03,BITCOIN_INDEX,28265.52,170969
2023-11-06,BRENT_CRUDE,93.94,280500
2023-11-06,GOLD_OUNCE,93.0,53336
2023-11-06,US_10Y_BOND,92.45,195526
2023-11-06,GLOBAL_REIT,88.56,64730
2023-11-06,BITCOIN_INDEX,28097.55,363022
2023-11-07,BRENT_CRUDE,90.7,232047
2023-11-07,GOLD_OUNCE,91.49,104926
2023-11-07,US_10Y_BOND,95.24,427754
2023-11-07,GLOBAL_REIT,91.32,476411
2023-11-07,BITCOIN_INDEX,26410.89,240850
2023-11-08,BRENT_CRUDE,93.17,296278
2023-11-08,GOLD_OUNCE,88.18,233807
2023-11-08,US_10Y_BOND,94.12,118671
2023-11-08,GLOBAL_REIT,95.99,306480
2023-11-08,BITCOIN_INDEX,28019.84,331096
2023-11-09,BRENT_CRUDE,89.54,441171
2023-11-09,GOLD_OUNCE,96.85,431586
2023-11-09,US_10Y_BOND,98.5,76283
2023-11-09,GLOBAL_REIT,93.56,424621
2023-11-09,BITCOIN_INDEX,27721.94,262504
2023-11-10,BRENT_CRUDE,90.4,341774
2023-11-10,GOLD_OUNCE,95.16,449528
2023-11-10,US_10Y_BOND,98.32,199377
2023-11-10,GLOBAL_REIT,90.5,406723
2023-11-10,BITCOIN_INDEX,26644.52,239021
2023-11-13,BRENT_CRUDE,94.6,91052
2023-11-13,GOLD_OUNCE,91.02,349095
2023-11-13,US_10Y_BOND,95.21,253571
2023-11-13,GLOBAL_REIT,96.1,423052
2023-11-13,BITCOIN_INDEX,28878.13,247927
2023-11-14,BRENT_CRUDE,97.51,218648
2023-11-14,GOLD_OUNCE,100.6,429233
2023-11-14,US_10Y_BOND,98.24,342611
2023-11-14,GLOBAL_REIT,98.5,434127
2023-11-14,BITCOIN_INDEX,27607.58,395622
2023-11-15,BRENT_CRUDE,96.45,463777
2023-11-15,GOLD_OUNCE,99.98,173175
2023-11-15,US_10Y_BOND,94.61,474170
2023-11-15,GLOBAL_REIT,98.59,400941
2023-11-15,BITCOIN_INDEX,30591.23,415954
2023-11-16,BRENT_CRUDE,93.97,392465
2023-11-16,GOLD_OUNCE,92.4,71413
2023-11-16,US_10Y_BOND,97.8,119669
2023-11-16,GLOBAL_REIT,96.47,391661
2023-11-16,BITCOIN_INDEX,30371.23,83230
2023-11-17,BRENT_CRUDE,93.93,178951
2023-11-17,GOLD_OUNCE,100.81,303573
2023-11-17,US_10Y_BOND,96.83,70351
2023-11-17,GLOBAL_REIT,95.15,302770
2023-11-17,BITCOIN_INDEX,29236.05,273752
2023-11-20,BRENT_CRUDE,96.63,445521
2023-11-20,GOLD_OUNCE,97.75,411186
2023-11-20,US_10Y_BOND,101.14,362725
2023-11-20,GLOBAL_REIT,103.78,114795
2023-11-20,BITCOIN_INDEX,29256.45,345420
2023-11-21,BRENT_CRUDE,99.5,323040
2023-11-21,GOLD_OUNCE,101.14,183160
2023-11-21,US_10Y_BOND,99.46,387026
2023-11-21,GLOBAL_REIT,96.33,236369
2023-11-21,BITCOIN_INDEX,29705.0,427078
2023-11-22,BRENT_CRUDE,98.44,269887
2023-11-22,GOLD_OUNCE,93.06,328104
2023-11-22,US_10Y_BOND,90.79,183164
2023-11-22,GLOBAL_REIT,99.51,463823
2023-11-22,BITCOIN_INDEX,28883.71,375430
2023-11-23,BRENT_CRUDE,102.2,424514
2023-11-23,GOLD_OUNCE,97.22,115385
2023-11-23,US_10Y_BOND,97.68,140039
2023-11-23,GLOBAL_REIT,101.39,396501
2023-11-23,BITCOIN_INDEX,29497.34,50829
2023-11-24,BRENT_CRUDE,97.16,78024
2023-11-24,GOLD_OUNCE,101.28,391896
2023-11-24,US_10Y_BOND,107.14,241408
2023-11-24,GLOBAL_REIT,97.65,80227
2023-11-24,BITCOIN_INDEX,30683.35,68639
2023-11-27,BRENT_CRUDE,102.21,219072
2023-11-27,GOLD_OUNCE,106.81,310168
2023-11-27,US_10Y_BOND,103.94,361823
2023-11-27,GLOBAL_REIT,100.23,300480
2023-11-27,BITCOIN_INDEX,30511.51,364585
2023-11-28,BRENT_CRUDE,95.85,330835
2023-11-28,GOLD_OUNCE,105.22,342550
2023-11-28,US_10Y_BOND,96.98,277691
2023-11-28,GLOBAL_REIT,102.17,447960
2023-11-28,BITCOIN_INDEX,30645.32,363737
2023-11-29,BRENT_CRUDE,103.19,118975
2023-11-29,GOLD_OUNCE,98.55,417778
2023-11-29,US_10Y_BOND,101.2,180969
2023-11-29,GLOBAL_REIT,103.51,451623
2023-11-29,BITCOIN_INDEX,30962.54,389223
2023-11-30,BRENT_CRUDE,108.03,194262
2023-11-30,GOLD_OUNCE,105.98,129648
2023-11-30,US_10Y_BOND,101.38,470278
2023-11-30,GLOBAL_REIT,101.28,123994
2023-11-30,BITCOIN_INDEX,29856.59,488880
2023-12-01,BRENT_CRUDE,104.26,214963
2023-12-01,GOLD_OUNCE,97.37,417406
2023-12-01,US_10Y_BOND,97.78,148230
2023-12-01,GLOBAL_REIT,103.93,149126
2023-12-01,BITCOIN_INDEX,31655.92,79433
2023-12-04,BRENT_CRUDE,100.89,450080
2023-12-04,GOLD_OUNCE,105.05,108403
2023-12-04,US_10Y_BOND,107.58,345966
2023-12-04,GLOBAL_REIT,105.77,192213
2023-12-04,BITCOIN_INDEX,31190.29,279592
2023-12-05,BRENT_CRUDE,104.84,321481
2023-12-05,GOLD_OUNCE,105.37,453385
2023-12-05,US_10Y_BOND,103.76,155973
2023-12-05,GLOBAL_REIT,102.17,201077
2023-12-05,BITCOIN_INDEX,31174.05,264269
2023-12-06,BRENT_CRUDE,102.49,189760
2023-12-06,GOLD_OUNCE,106.83,464118
2023-12-06,US_10Y_BOND,104.26,276907
2023-12-06,GLOBAL_REIT,101.54,75800
2023-12-06,BITCOIN_INDEX,30994.21,110372
2023-12-07,BRENT_CRUDE,102.18,265132
2023-12-07,GOLD_OUNCE,109.16,295911
2023-12-07,US_10Y_BOND,107.13,220847
2023-12-07,GLOBAL_REIT,103.32,238739
2023-12-07,BITCOIN_INDEX,30840.37,465851
2023-12-08,BRENT_CRUDE,103.75,379538
2023-12-08,GOLD_OUNCE,100.93,367341
2023-12-08,US_10Y_BOND,105.4,454450
2023-12-08,GLOBAL_REIT,101.42,359702
2023-12-08,BITCOIN_INDEX,31451.0,465652
2023-12-11,BRENT_CRUDE,108.03,381297
2023-12-11,GOLD_OUNCE,109.83,262052
2023-12-11,US_10Y_BOND,103.91,154882
2023-12-11,GLOBAL_REIT,103.69,100159
2023-12-11,BITCOIN_INDEX,30336.07,129994
2023-12-12,BRENT_CRUDE,107.72,309958
2023-12-12,GOLD_OUNCE,105.85,233823
2023-12-12,US_10Y_BOND,103.67,346283
2023-12-12,GLOBAL_REIT,104.0,431746
2023-12-12,BITCOIN_INDEX,32737.52,368027
2023-12-13,BRENT_CRUDE,99.77,76233
2023-12-13,GOLD_OUNCE,110.21,358078
2023-12-13,US_10Y_BOND,103.77,74006
2023-12-13,GLOBAL_REIT,108.59,172137
2023-12-13,BITCOIN_INDEX,30893.61,416484
2023-12-14,BRENT_CRUDE,107.88,408343
2023-12-14,GOLD_OUNCE,106.18,447865
2023-12-14,US_10Y_BOND,110.59,434072
2023-12-14,GLOBAL_REIT,106.05,229980
2023-12-14,BITCOIN_INDEX,33287.25,145801
2023-12-15,BRENT_CRUDE,106.01,379757
2023-12-15,GOLD_OUNCE,109.29,432415
2023-12-15,US_10Y_BOND,109.96,236000
2023-12-15,GLOBAL_REIT,106.41,115723
2023-12-15,BITCOIN_INDEX,32181.38,339887
2023-12-18,BRENT_CRUDE,103.56,159559
2023-12-18,GOLD_OUNCE,108.47,204836
2023-12-18,US_10Y_BOND,109.94,81307
2023-12-18,GLOBAL_REIT,112.18,391972
2023-12-18,BITCOIN_INDEX,33061.66,105513
2023-12-19,BRENT_CRUDE,104.51,499064
2023-12-19,GOLD_OUNCE,108.59,293598
2023-12-19,US_10Y_BOND,107.13,88672
2023-12-19,GLOBAL_REIT,107.86,411000
2023-12-19,BITCOIN_INDEX,32208.54,68518
2023-12-20,BRENT_CRUDE,111.44,169491
2023-12-20,GOLD_OUNCE,112.38,84871
2023-12-20,US_10Y_BOND,107.73,100122
2023-12-20,GLOBAL_REIT,110.02,356682
2023-12-20,BITCOIN_INDEX,32427.21,72682
2023-12-21,BRENT_CRUDE,104.39,496842
2023-12-21,GOLD_OUNCE,104.17,461557
2023-12-21,US_10Y_BOND,105.34,198259
2023-12-21,GLOBAL_REIT,106.54,479958
2023-12-21,BITCOIN_INDEX,32551.91,88318
2023-12-22,BRENT_CRUDE,109.94,77632
2023-12-22,GOLD_OUNCE,113.89,50766
2023-12-22,US_10Y_BOND,109.45,358896
2023-12-22,GLOBAL_REIT,109.58,247350
2023-12-22,BITCOIN_INDEX,33472.87,323735
2023-12-25,BRENT_CRUDE,106.34,376853
2023-12-25,GOLD_OUNCE,110.37,196850
2023-12-25,US_10Y_BOND,111.65,392878
2023-12-25,GLOBAL_REIT,108.5,342996
2023-12-25,BITCOIN_INDEX,32866.43,159400
2023-12-26,BRENT_CRUDE,109.22,264271
2023-12-26,GOLD_OUNCE,108.89,72435
2023-12-26,US_10Y_BOND,110.51,181848
2023-12-26,GLOBAL_REIT,113.03,359152
2023-12-26,BITCOIN_INDEX,33428.55,141122
2023-12-27,BRENT_CRUDE,114.1,99629
2023-12-27,GOLD_OUNCE,109.22,59037
2023-12-27,US_10Y_BOND,112.03,339305
2023-12-27,GLOBAL_REIT,111.27,425239
2023-12-27,BITCOIN_INDEX,34005.42,261741
2023-12-28,BRENT_CRUDE,112.56,62890
2023-12-28,GOLD_OUNCE,114.3,476940
2023-12-28,US_10Y_BOND,108.98,143143
2023-12-28,GLOBAL_REIT,115.47,130998
2023-12-28,BITCOIN_INDEX,32875.67,297786
2023-12-29,BRENT_CRUDE,109.61,357685
2023-12-29,GOLD_OUNCE,112.6,203563
2023-12-29,US_10Y_BOND,105.43,363429
2023-12-29,GLOBAL_REIT,111.0,396674
2023-12-29,BITCOIN_INDEX,32698.81,294008
