Date,Ticker,Open,High,Low,Close,Volume,Sector
2021-01-04,AAPL,130.44,133.05,127.4,130.0,112660813,Technology
2021-01-05,AAPL,127.1,129.82,124.9,127.61,73033171,Technology
2021-01-06,AAPL,124.86,125.74,124.23,125.11,65962140,Technology
2021-01-07,AAPL,122.58,124.06,120.88,122.36,111533065,Technology
2021-01-08,AAPL,124.79,126.82,122.23,124.25,62706948,Technology
2021-01-11,AAPL,126.23,126.88,125.38,126.03,76716468,Technology
2021-01-12,AAPL,126.39,127.71,125.28,126.6,75552865,Technology
2021-01-13,AAPL,121.62,123.23,120.08,121.69,89989498,Technology
2021-01-14,AAPL,121.59,123.57,119.76,121.73,74452807,Technology
2021-01-15,AAPL,120.57,121.65,119.67,120.75,103637485,Technology
2021-01-18,AAPL,123.63,125.65,121.4,123.42,73424676,Technology
2021-01-19,AAPL,124.8,126.52,122.99,124.71,88313838,Technology
2021-01-20,AAPL,126.76,128.45,125.08,126.77,93144653,Technology
2021-01-21,AAPL,127.54,130.05,125.53,128.04,104102732,Technology
2021-01-22,AAPL,126.12,127.56,125.23,126.67,117576741,Technology
2021-01-25,AAPL,127.88,130.93,125.4,128.44,85873579,Technology
2021-01-26,AAPL,128.58,129.6,127.58,128.6,108895545,Technology
2021-01-27,AAPL,130.24,132.75,127.56,130.07,80557387,Technology
2021-01-28,AAPL,128.03,130.07,126.23,128.27,113634506,Technology
2021-01-29,AAPL,131.04,133.41,128.6,130.96,78825535,Technology
2021-02-01,AAPL,126.94,128.74,125.75,127.54,108041340,Technology
2021-02-02,AAPL,132.08,133.87,130.53,132.31,87531066,Technology
2021-02-03,AAPL,130.36,133.11,128.11,130.85,110530531,Technology
2021-02-04,AAPL,128.9,131.28,125.96,128.33,83150535,Technology
2021-02-05,AAPL,124.43,125.62,123.4,124.59,79308269,Technology
2021-02-08,AAPL,124.41,125.36,123.33,124.28,87859137,Technology
2021-02-09,AAPL,124.59,127.43,122.35,125.18,97810141,Technology
2021-02-10,AAPL,126.27,128.35,123.87,125.94,112221401,Technology
2021-02-11,AAPL,129.56,131.62,126.95,129.01,79293067,Technology
2021-02-12,AAPL,127.94,130.17,126.33,128.56,59913976,Technology
2021-02-15,AAPL,126.77,128.37,125.68,127.28,74982576,Technology
2021-02-16,AAPL,127.83,129.42,126.85,128.44,113603596,Technology
2021-02-17,AAPL,127.5,128.15,126.55,127.2,68552799,Technology
2021-02-18,AAPL,127.91,130.3,125.03,127.41,98407118,Technology
2021-02-19,AAPL,126.64,129.19,124.73,127.27,118099858,Technology
2021-02-22,AAPL,128.96,131.3,126.12,128.45,98725049,Technology
2021-02-23,AAPL,129.7,131.02,127.88,129.19,76845257,Technology
2021-02-24,AAPL,131.73,134.04,129.96,132.26,114356359,Technology
2021-02-25,AAPL,132.46,133.77,131.52,132.83,92708982,Technology
2021-02-26,AAPL,136.1,138.34,133.7,135.94,73311967,Technology
2021-03-01,AAPL,135.37,136.05,134.34,135.02,118119835,Technology
2021-03-02,AAPL,137.36,139.77,135.0,137.41,113274152,Technology
2021-03-03,AAPL,136.6,138.12,135.05,136.57,87889221,Technology
2021-03-04,AAPL,138.1,139.72,136.11,137.72,90842749,Technology
2021-03-05,AAPL,136.17,137.83,134.84,136.5,61745965,Technology
2021-03-08,AAPL,134.56,136.77,132.71,134.92,68313968,Technology
2021-03-09,AAPL,137.42,139.45,135.14,137.17,104253216,Technology
2021-03-10,AAPL,140.73,142.5,138.42,140.18,115212393,Technology
2021-03-11,AAPL,139.65,142.04,137.07,139.46,77571396,Technology
2021-03-12,AAPL,137.71,140.75,134.99,138.02,71558086,Technology
2021-03-15,AAPL,138.08,140.3,136.47,138.69,117720420,Technology
2021-03-16,AAPL,138.54,140.46,136.55,138.46,98519878,Technology
2021-03-17,AAPL,138.25,140.63,136.53,138.9,95932521,Technology
2021-03-18,AAPL,140.01,142.34,137.81,140.13,104559086,Technology
2021-03-19,AAPL,142.06,143.66,140.87,142.46,69104310,Technology
2021-03-22,AAPL,143.4,144.92,141.39,142.9,108760767,Technology
2021-03-23,AAPL,140.78,142.29,139.14,140.65,102388570,Technology
2021-03-24,AAPL,142.33,144.03,141.1,142.8,117339711,Technology
2021-03-25,AAPL,141.65,143.67,138.96,140.97,79596481,Technology
2021-03-26,AAPL,141.2,143.79,139.0,141.59,75041410,Technology
2021-03-29,AAPL,140.17,142.2,138.39,140.42,69473483,Technology
2021-03-30,AAPL,136.71,138.58,135.49,137.35,101413205,Technology
2021-03-31,AAPL,134.79,137.02,133.12,135.34,69715792,Technology
2021-04-01,AAPL,135.34,136.22,134.31,135.19,65105516,Technology
2021-04-02,AAPL,135.22,138.09,133.01,135.87,74337859,Technology
2021-04-05,AAPL,136.07,138.57,133.28,135.77,63841615,Technology
2021-04-06,AAPL,137.52,139.91,135.14,137.53,109883590,Technology
2021-04-07,AAPL,135.3,137.2,133.16,135.05,118613342,Technology
2021-04-08,AAPL,137.3,138.46,135.97,137.13,86889122,Technology
2021-04-09,AAPL,133.22,134.62,132.48,133.87,66594100,Technology
2021-04-12,AAPL,133.72,135.69,131.66,133.63,92429058,Technology
2021-04-13,AAPL,136.41,137.2,135.66,136.45,114515057,Technology
2021-04-14,AAPL,136.69,138.19,135.02,136.52,105899211,Technology
2021-04-15,AAPL,133.45,135.69,131.18,133.42,110548140,Technology
2021-04-16,AAPL,136.2,137.68,134.2,135.67,73793516,Technology
2021-04-19,AAPL,136.83,138.7,135.57,137.44,106837119,Technology
2021-04-20,AAPL,135.0,136.89,133.48,135.37,73291521,Technology
2021-04-21,AAPL,133.16,135.63,130.26,132.72,92435087,Technology
2021-04-22,AAPL,129.44,131.31,127.6,129.47,82804159,Technology
2021-04-23,AAPL,126.99,129.86,124.61,127.47,84397583,Technology
2021-04-26,AAPL,126.55,127.84,125.26,126.55,86729096,Technology
2021-04-27,AAPL,126.83,128.92,125.21,127.29,90031919,Technology
2021-04-28,AAPL,128.01,129.53,126.9,128.42,63357636,Technology
2021-04-29,AAPL,129.76,131.98,127.63,129.85,96785299,Technology
2021-04-30,AAPL,130.63,132.71,128.32,130.4,87494792,Technology
2021-05-03,AAPL,129.04,130.6,127.64,129.2,97582903,Technology
2021-05-04,AAPL,131.35,132.98,129.26,130.89,111544768,Technology
2021-05-05,AAPL,131.56,133.04,130.57,132.04,97008855,Technology
2021-05-06,AAPL,127.93,129.77,126.71,128.55,112374238,Technology
2021-05-07,AAPL,125.9,126.96,124.31,125.36,102187349,Technology
2021-05-10,AAPL,124.85,127.28,122.8,125.22,73434568,Technology
2021-05-11,AAPL,126.69,128.74,125.07,127.11,77673185,Technology
2021-05-12,AAPL,124.95,126.61,123.72,125.38,71708378,Technology
2021-05-13,AAPL,123.65,126.15,121.57,124.06,61193214,Technology
2021-05-14,AAPL,129.47,131.34,127.0,128.86,79207221,Technology
2021-05-17,AAPL,133.8,134.71,132.8,133.71,113428075,Technology
2021-05-18,AAPL,134.35,136.6,131.94,134.19,78245861,Technology
2021-05-19,AAPL,134.52,136.84,132.75,135.07,99897252,Technology
2021-05-20,AAPL,135.03,137.17,132.27,134.4,74993642,Technology
2021-05-21,AAPL,132.27,132.97,131.51,132.21,101554035,Technology
2021-05-24,AAPL,128.8,131.38,126.63,129.2,75074295,Technology
2021-05-25,AAPL,131.78,133.67,130.11,132.0,110700433,Technology
2021-05-26,AAPL,128.07,129.62,126.14,127.69,94046875,Technology
2021-05-27,AAPL,124.59,126.87,122.52,124.8,108969289,Technology
2021-05-28,AAPL,126.54,127.69,125.33,126.48,72233423,Technology
2021-05-31,AAPL,126.42,128.19,124.89,126.65,75368854,Technology
2021-06-01,AAPL,126.04,128.94,123.58,126.47,106345887,Technology
2021-06-02,AAPL,128.0,131.16,125.47,128.62,101092131,Technology
2021-06-03,AAPL,128.49,130.22,127.36,129.08,83471929,Technology
2021-06-04,AAPL,129.19,132.29,126.73,129.82,94479198,Technology
2021-06-07,AAPL,132.95,134.61,130.8,132.46,64498102,Technology
2021-06-08,AAPL,130.2,132.18,127.99,129.97,99310261,Technology
2021-06-09,AAPL,129.58,132.06,126.69,129.16,61997377,Technology
2021-06-10,AAPL,128.61,130.29,127.06,128.74,77953759,Technology
2021-06-11,AAPL,125.01,126.62,123.54,125.15,85223867,Technology
2021-06-14,AAPL,128.24,131.31,125.72,128.77,114372736,Technology
2021-06-15,AAPL,131.38,132.98,129.62,131.22,108895886,Technology
2021-06-16,AAPL,132.7,134.17,131.32,132.79,83866349,Technology
2021-06-17,AAPL,134.5,135.93,132.51,133.93,108821328,Technology
2021-06-18,AAPL,134.12,135.54,133.23,134.65,84958236,Technology
2021-06-21,AAPL,131.63,132.48,130.62,131.47,68049650,Technology
2021-06-22,AAPL,132.96,135.34,131.25,133.62,78337482,Technology
2021-06-23,AAPL,133.88,135.93,131.85,133.9,117707034,Technology
2021-06-24,AAPL,132.71,135.31,130.31,132.9,62206449,Technology
2021-06-25,AAPL,134.55,136.93,131.63,134.0,108327329,Technology
2021-06-28,AAPL,139.21,140.17,137.56,138.52,74885761,Technology
2021-06-29,AAPL,140.37,142.6,137.58,139.8,73523383,Technology
2021-06-30,AAPL,139.14,142.01,136.55,139.41,117596586,Technology
2021-07-01,AAPL,141.21,142.51,139.27,140.57,62685906,Technology
2021-07-02,AAPL,138.65,140.82,136.44,138.61,87933686,Technology
2021-07-05,AAPL,139.02,140.18,137.57,138.73,70853164,Technology
2021-07-06,AAPL,137.41,139.58,135.58,137.75,116359472,Technology
2021-07-07,AAPL,139.22,140.4,138.46,139.64,73917481,Technology
2021-07-08,AAPL,141.83,143.8,140.24,142.21,88735270,Technology
2021-07-09,AAPL,139.19,141.71,136.39,138.9,94007737,Technology
2021-07-12,AAPL,136.76,137.63,135.64,136.5,69401649,Technology
2021-07-13,AAPL,134.23,136.83,131.98,134.57,84314399,Technology
2021-07-14,AAPL,136.38,137.78,134.5,135.89,67029395,Technology
2021-07-15,AAPL,138.5,140.87,136.63,139.0,101435352,Technology
2021-07-16,AAPL,135.39,138.0,132.87,135.48,88541489,Technology
2021-07-19,AAPL,136.22,138.8,133.61,136.19,88512107,Technology
2021-07-20,AAPL,137.21,139.09,135.08,136.95,65859560,Technology
2021-07-21,AAPL,141.79,144.34,139.33,141.88,63804736,Technology
2021-07-22,AAPL,141.26,143.8,138.89,141.43,65471865,Technology
2021-07-23,AAPL,140.95,142.99,138.38,140.42,112321333,Technology
2021-07-26,AAPL,142.28,145.04,139.01,141.76,59627384,Technology
2021-07-27,AAPL,147.14,148.71,145.1,146.67,81292053,Technology
2021-07-28,AAPL,146.9,148.96,144.68,146.74,81219005,Technology
2021-07-29,AAPL,144.97,147.66,142.28,144.97,87154660,Technology
2021-07-30,AAPL,147.59,150.55,144.64,147.6,70114695,Technology
2021-08-02,AAPL,143.97,145.8,141.7,143.52,105723189,Technology
2021-08-03,AAPL,144.35,146.78,141.63,144.05,74625960,Technology
2021-08-04,AAPL,145.48,148.09,142.31,144.91,71052085,Technology
2021-08-05,AAPL,144.53,145.54,142.85,143.85,111165275,Technology
2021-08-06,AAPL,144.26,146.91,141.06,143.7,91730366,Technology
2021-08-09,AAPL,142.1,144.19,139.95,142.04,62546777,Technology
2021-08-10,AAPL,142.95,145.26,140.63,142.94,98038689,Technology
2021-08-11,AAPL,141.49,143.27,139.72,141.5,69721452,Technology
2021-08-12,AAPL,143.6,145.41,142.28,144.09,71142144,Technology
2021-08-13,AAPL,143.86,147.19,141.04,144.36,75521590,Technology
2021-08-16,AAPL,145.4,147.42,143.23,145.24,68661460,Technology
2021-08-17,AAPL,147.59,150.09,144.68,147.17,73620403,Technology
2021-08-18,AAPL,146.27,147.63,144.27,145.63,108627451,Technology
2021-08-19,AAPL,142.52,145.33,140.32,143.12,84386712,Technology
2021-08-20,AAPL,146.71,149.14,144.75,147.17,86169481,Technology
2021-08-23,AAPL,148.22,150.56,146.14,148.48,105966216,Technology
2021-08-24,AAPL,148.08,150.95,145.47,148.34,109400100,Technology
2021-08-25,AAPL,147.79,148.76,146.32,147.29,68588650,Technology
2021-08-26,AAPL,144.91,145.81,143.8,144.7,87580273,Technology
2021-08-27,AAPL,145.14,148.05,142.44,145.34,76585559,Technology
2021-08-30,AAPL,147.33,149.23,145.49,147.39,79993468,Technology
2021-08-31,AAPL,144.31,146.53,141.72,143.94,110252546,Technology
2021-09-01,AAPL,143.87,147.04,141.05,144.21,102107562,Technology
2021-09-02,AAPL,140.65,142.19,138.87,140.4,87820910,Technology
2021-09-03,AAPL,138.67,141.43,135.6,138.35,116173232,Technology
2021-09-06,AAPL,143.89,146.41,140.8,143.31,107957942,Technology
2021-09-07,AAPL,141.12,143.15,139.44,141.47,81534050,Technology
2021-09-08,AAPL,139.93,140.67,139.16,139.9,89550939,Technology
2021-09-09,AAPL,137.75,139.52,135.33,137.1,113731513,Technology
2021-09-10,AAPL,135.54,136.73,134.53,135.72,84725392,Technology
2021-09-13,AAPL,138.75,140.19,136.9,138.34,90680241,Technology
2021-09-14,AAPL,135.4,137.24,133.09,134.92,107452725,Technology
2021-09-15,AAPL,139.11,140.08,137.84,138.81,85408449,Technology
2021-09-16,AAPL,134.48,136.36,133.21,135.09,88491348,Technology
2021-09-17,AAPL,134.93,136.67,133.54,135.27,100832967,Technology
2021-09-20,AAPL,138.92,141.58,136.62,139.28,62442122,Technology
2021-09-21,AAPL,134.95,138.01,132.56,135.61,115258193,Technology
2021-09-22,AAPL,135.83,138.03,133.87,136.07,74165435,Technology
2021-09-23,AAPL,135.92,136.98,135.22,136.28,67694833,Technology
2021-09-24,AAPL,139.99,142.45,138.0,140.46,90953475,Technology
2021-09-27,AAPL,139.5,141.72,137.57,139.78,61586364,Technology
2021-09-28,AAPL,136.19,137.6,135.43,136.84,103477917,Technology
2021-09-29,AAPL,138.19,139.54,136.43,137.78,85188103,Technology
2021-09-30,AAPL,139.88,141.53,138.21,139.86,101925371,Technology
2021-10-01,AAPL,140.51,142.32,139.23,141.04,92585411,Technology
2021-10-04,AAPL,139.31,140.77,137.93,139.39,97993329,Technology
2021-10-05,AAPL,138.67,140.39,136.78,138.5,91879900,Technology
2021-10-06,AAPL,140.71,142.98,138.16,140.42,91284298,Technology
2021-10-07,AAPL,137.55,139.64,134.96,137.04,85220141,Technology
2021-10-08,AAPL,135.21,136.72,133.34,134.85,94161953,Technology
2021-10-11,AAPL,131.75,132.55,130.44,131.24,61331594,Technology
2021-10-12,AAPL,131.12,133.25,128.66,130.78,116210109,Technology
2021-10-13,AAPL,130.86,131.62,129.97,130.73,84956513,Technology
2021-10-14,AAPL,130.67,132.52,129.37,131.21,92977920,Technology
2021-10-15,AAPL,128.02,130.1,126.46,128.53,95943125,Technology
2021-10-18,AAPL,130.86,132.96,128.41,130.51,113369704,Technology
2021-10-19,AAPL,131.56,133.03,129.51,130.97,110993049,Technology
2021-10-20,AAPL,132.15,133.85,130.9,132.6,85405669,Technology
2021-10-21,AAPL,133.02,134.49,131.45,132.92,94211480,Technology
2021-10-22,AAPL,134.36,136.54,132.17,134.35,65736947,Technology
2021-10-25,AAPL,132.78,135.41,130.41,133.03,117292198,Technology
2021-10-26,AAPL,134.51,135.42,132.99,133.9,64915202,Technology
2021-10-27,AAPL,132.84,134.58,131.72,133.45,101454232,Technology
2021-10-28,AAPL,132.37,134.81,130.02,132.46,114747063,Technology
2021-10-29,AAPL,133.61,135.46,131.59,133.44,109802442,Technology
2021-11-01,AAPL,134.43,135.9,133.16,134.63,113404139,Technology
2021-11-02,AAPL,135.82,138.33,132.68,135.18,113159379,Technology
2021-11-03,AAPL,136.66,137.6,135.28,136.22,83885389,Technology
2021-11-04,AAPL,133.52,136.21,130.87,133.56,92453246,Technology
2021-11-05,AAPL,136.22,138.23,134.46,136.46,63963814,Technology
2021-11-08,AAPL,138.1,140.65,135.14,137.68,67801843,Technology
2021-11-09,AAPL,138.79,141.1,136.31,138.62,83844055,Technology
2021-11-10,AAPL,138.2,139.42,136.49,137.7,101161201,Technology
2021-11-11,AAPL,139.38,141.22,137.39,139.23,64918437,Technology
2021-11-12,AAPL,136.67,138.75,135.02,137.09,71898828,Technology
2021-11-15,AAPL,141.54,143.65,138.86,140.96,83523518,Technology
2021-11-16,AAPL,141.33,142.48,139.97,141.12,111335629,Technology
2021-11-17,AAPL,140.83,143.11,138.03,140.31,91425002,Technology
2021-11-18,AAPL,134.92,137.61,132.72,135.41,80222339,Technology
2021-11-19,AAPL,135.91,137.38,134.42,135.89,114780043,Technology
2021-11-22,AAPL,133.2,136.11,130.79,133.69,69780984,Technology
2021-11-23,AAPL,131.48,133.13,130.12,131.76,96078871,Technology
2021-11-24,AAPL,136.13,138.65,132.99,135.5,98389375,Technology
2021-11-25,AAPL,138.76,141.2,136.29,138.73,71895453,Technology
2021-11-26,AAPL,137.55,139.32,135.7,137.47,103676225,Technology
2021-11-29,AAPL,137.55,138.87,136.41,137.73,81159634,Technology
2021-11-30,AAPL,134.49,137.18,131.88,134.57,104428091,Technology
2021-12-01,AAPL,134.42,136.93,132.23,134.74,93526246,Technology
2021-12-02,AAPL,135.44,137.96,132.95,135.47,115734491,Technology
2021-12-03,AAPL,136.64,138.35,135.52,137.22,112541505,Technology
2021-12-06,AAPL,138.83,141.29,135.7,138.15,99923912,Technology
2021-12-07,AAPL,139.0,141.65,135.91,138.55,109743366,Technology
2021-12-08,AAPL,140.22,142.29,138.32,140.39,115106205,Technology
2021-12-09,AAPL,142.23,143.86,140.54,142.17,86043801,Technology
2021-12-10,AAPL,142.51,144.47,140.59,142.55,62354069,Technology
2021-12-13,AAPL,144.84,147.56,142.2,144.92,94542147,Technology
2021-12-14,AAPL,141.26,142.98,140.26,141.97,74094760,Technology
2021-12-15,AAPL,139.39,142.13,137.22,139.95,113578802,Technology
2021-12-16,AAPL,139.85,141.41,138.7,140.26,70299723,Technology
2021-12-17,AAPL,136.34,137.05,135.26,135.97,111564554,Technology
2021-12-20,AAPL,136.76,139.14,134.82,137.19,76474040,Technology
2021-12-21,AAPL,137.62,139.29,135.34,137.0,74217406,Technology
2021-12-22,AAPL,139.61,141.92,137.38,139.69,77221917,Technology
2021-12-23,AAPL,138.98,141.23,137.33,139.58,107021898,Technology
2021-12-24,AAPL,139.56,140.77,138.05,139.25,63566728,Technology
2021-12-27,AAPL,142.65,145.86,139.89,143.09,112023153,Technology
2021-12-28,AAPL,145.49,147.98,142.33,144.81,87934494,Technology
2021-12-29,AAPL,145.49,148.0,143.18,145.68,70469910,Technology
2021-12-30,AAPL,143.13,145.28,141.46,143.61,117931655,Technology
2021-12-31,AAPL,144.31,145.24,143.25,144.18,96774599,Technology
2022-01-03,AAPL,141.43,143.28,139.35,141.2,66412756,Technology
2022-01-04,AAPL,142.52,144.72,140.62,142.82,115440475,Technology
2022-01-05,AAPL,140.92,143.24,137.96,140.26,61734586,Technology
2022-01-06,AAPL,140.7,142.44,139.39,141.13,60163697,Technology
2022-01-07,AAPL,144.35,145.6,142.85,144.09,73249790,Technology
2022-01-10,AAPL,141.81,143.6,139.48,141.26,100778596,Technology
2022-01-11,AAPL,142.65,144.39,141.09,142.83,86616280,Technology
2022-01-12,AAPL,145.53,146.64,144.23,145.34,81167092,Technology
2022-01-13,AAPL,147.92,150.55,144.92,147.54,95825533,Technology
2022-01-14,AAPL,143.56,145.49,142.06,143.98,105681035,Technology
2022-01-17,AAPL,144.39,146.57,142.61,144.79,71112889,Technology
2022-01-18,AAPL,147.92,149.03,146.41,147.51,73124737,Technology
2022-01-19,AAPL,143.72,145.64,141.87,143.79,93986848,Technology
2022-01-20,AAPL,147.43,150.11,144.22,146.89,86339026,Technology
2022-01-21,AAPL,147.39,148.27,146.62,147.5,95568515,Technology
2022-01-24,AAPL,145.19,147.13,143.03,144.97,68667506,Technology
2022-01-25,AAPL,142.03,144.57,139.94,142.48,104156176,Technology
2022-01-26,AAPL,141.74,143.17,140.01,141.44,62348003,Technology
2022-01-27,AAPL,137.39,138.92,135.59,137.11,72998795,Technology
2022-01-28,AAPL,138.16,140.5,135.64,137.98,94459925,Technology
2022-01-31,AAPL,138.88,140.33,137.45,138.9,95042283,Technology
2022-02-01,AAPL,142.14,143.86,140.15,141.86,85304967,Technology
2022-02-02,AAPL,141.39,142.94,140.25,141.8,59845324,Technology
2022-02-03,AAPL,140.96,142.3,139.27,140.61,106752681,Technology
2022-02-04,AAPL,143.93,145.09,142.12,143.27,89392966,Technology
2022-02-07,AAPL,146.79,149.54,143.74,146.49,102484788,Technology
2022-02-08,AAPL,149.6,150.96,148.66,150.02,60024482,Technology
2022-02-09,AAPL,150.63,153.23,148.26,150.86,106305824,Technology
2022-02-10,AAPL,149.57,151.08,147.59,149.09,67276546,Technology
2022-02-11,AAPL,153.7,155.11,152.53,153.94,83804999,Technology
2022-02-14,AAPL,150.51,152.05,148.57,150.11,65268607,Technology
2022-02-15,AAPL,151.23,152.78,149.17,150.72,63474426,Technology
2022-02-16,AAPL,150.91,153.8,147.31,150.18,64769806,Technology
2022-02-17,AAPL,150.48,152.08,149.07,150.67,105695286,Technology
2022-02-18,AAPL,150.83,152.93,148.51,150.61,104571834,Technology
2022-02-21,AAPL,147.0,148.0,145.52,146.51,101484378,Technology
2022-02-22,AAPL,147.02,149.03,144.45,146.45,101168228,Technology
2022-02-23,AAPL,147.35,148.63,146.17,147.45,88895550,Technology
2022-02-24,AAPL,152.12,153.01,150.55,151.43,67150347,Technology
2022-02-25,AAPL,146.61,148.88,144.33,146.6,61025118,Technology
2022-02-28,AAPL,149.81,152.64,146.46,149.28,90693346,Technology
2022-03-01,AAPL,148.83,150.66,147.57,149.4,81121852,Technology
2022-03-02,AAPL,153.22,154.57,151.86,153.21,117001353,Technology
2022-03-03,AAPL,155.43,157.55,152.72,154.83,98227290,Technology
2022-03-04,AAPL,158.58,160.5,156.1,158.02,87546402,Technology
2022-03-07,AAPL,156.08,159.23,153.27,156.41,67164377,Technology
2022-03-08,AAPL,153.98,156.73,151.11,153.85,112400997,Technology
2022-03-09,AAPL,152.83,156.45,149.92,153.52,89307673,Technology
2022-03-10,AAPL,151.45,153.06,149.65,151.26,106718676,Technology
2022-03-11,AAPL,152.9,154.31,151.4,152.81,101669350,Technology
2022-03-14,AAPL,154.96,156.05,153.39,154.47,95563521,Technology
2022-03-15,AAPL,158.33,161.63,155.28,158.58,65934683,Technology
2022-03-16,AAPL,156.9,159.53,154.92,157.55,117186828,Technology
2022-03-17,AAPL,161.43,162.33,160.12,161.02,90743592,Technology
2022-03-18,AAPL,157.26,159.61,155.6,157.95,96518931,Technology
2022-03-21,AAPL,159.29,161.84,157.1,159.64,113658191,Technology
2022-03-22,AAPL,155.55,157.12,154.06,155.63,91853866,Technology
2022-03-23,AAPL,158.95,159.98,157.24,158.27,81784901,Technology
2022-03-24,AAPL,158.37,159.53,157.39,158.55,95212051,Technology
2022-03-25,AAPL,157.11,159.11,154.81,156.8,62801294,Technology
2022-03-28,AAPL,161.99,163.49,159.97,161.47,64253674,Technology
2022-03-29,AAPL,163.89,167.49,160.97,164.56,109150025,Technology
2022-03-30,AAPL,163.9,165.61,162.02,163.72,68596783,Technology
2022-03-31,AAPL,166.89,168.37,165.89,167.37,67107302,Technology
2022-04-01,AAPL,166.07,167.68,164.44,166.05,94531188,Technology
2022-04-04,AAPL,170.83,173.71,167.69,170.56,95721120,Technology
2022-04-05,AAPL,173.33,175.32,171.39,173.38,84163989,Technology
2022-04-06,AAPL,174.75,178.31,171.67,175.22,59840395,Technology
2022-04-07,AAPL,172.69,175.77,170.14,173.21,112461850,Technology
2022-04-08,AAPL,174.59,178.47,171.47,175.33,65830110,Technology
2022-04-11,AAPL,175.39,177.57,173.02,175.2,75857046,Technology
2022-04-12,AAPL,174.91,177.67,171.99,174.74,78827034,Technology
2022-04-13,AAPL,170.59,171.51,169.24,170.16,72277843,Technology
2022-04-14,AAPL,172.71,175.88,169.68,172.85,93836107,Technology
2022-04-15,AAPL,171.57,174.67,167.86,170.95,81605414,Technology
2022-04-18,AAPL,174.39,175.81,172.5,173.91,85268272,Technology
2022-04-19,AAPL,175.22,176.6,173.13,174.51,71287199,Technology
2022-04-20,AAPL,174.12,175.9,173.18,174.96,96527763,Technology
2022-04-21,AAPL,178.12,181.12,175.46,178.46,78540653,Technology
2022-04-22,AAPL,181.9,183.74,179.74,181.57,62958960,Technology
2022-04-25,AAPL,179.76,183.67,176.36,180.26,118980555,Technology
2022-04-26,AAPL,178.87,180.22,177.04,178.39,72793046,Technology
2022-04-27,AAPL,177.85,178.95,176.09,177.19,110595699,Technology
2022-04-28,AAPL,174.69,176.62,172.41,174.34,92645422,Technology
2022-04-29,AAPL,175.76,179.22,172.63,176.09,90658507,Technology
2022-05-02,AAPL,171.92,174.28,169.81,172.17,112541576,Technology
2022-05-03,AAPL,172.08,173.98,170.79,172.69,93826117,Technology
2022-05-04,AAPL,169.68,172.73,167.16,170.2,82747687,Technology
2022-05-05,AAPL,176.6,180.45,173.21,177.05,99267461,Technology
2022-05-06,AAPL,178.83,181.8,175.95,178.92,115282796,Technology
2022-05-09,AAPL,178.94,181.89,176.07,179.02,93375444,Technology
2022-05-10,AAPL,180.87,183.65,177.92,180.7,111782506,Technology
2022-05-11,AAPL,180.84,183.08,178.97,181.2,72223413,Technology
2022-05-12,AAPL,178.51,180.33,177.52,179.33,111268283,Technology
2022-05-13,AAPL,184.98,187.79,181.88,184.68,96071247,Technology
2022-05-16,AAPL,184.75,188.07,181.47,184.79,111289444,Technology
2022-05-17,AAPL,188.53,190.49,185.78,187.73,101070090,Technology
2022-05-18,AAPL,188.03,189.7,186.25,187.91,91215318,Technology
2022-05-19,AAPL,188.5,189.83,187.0,188.33,78229744,Technology
2022-05-20,AAPL,192.15,193.26,190.18,191.29,97668676,Technology
2022-05-23,AAPL,198.29,201.89,194.35,197.94,80740529,Technology
2022-05-24,AAPL,200.87,203.42,197.98,200.52,116635013,Technology
2022-05-25,AAPL,200.33,202.09,197.82,199.58,114482629,Technology
2022-05-26,AAPL,201.72,204.76,197.83,200.85,83173775,Technology
2022-05-27,AAPL,200.71,204.58,196.44,200.3,61999343,Technology
2022-05-30,AAPL,200.46,204.22,196.73,200.49,86889455,Technology
2022-05-31,AAPL,196.5,199.85,193.85,197.19,87415379,Technology
2022-06-01,AAPL,193.42,197.75,190.04,194.36,75738571,Technology
2022-06-02,AAPL,193.65,194.79,192.67,193.81,102834772,Technology
2022-06-03,AAPL,194.89,198.2,190.74,194.03,95706024,Technology
2022-06-06,AAPL,200.67,202.44,198.06,199.82,105631287,Technology
2022-06-07,AAPL,201.2,203.94,198.08,200.81,114496823,Technology
2022-06-08,AAPL,198.68,202.06,195.56,198.94,101925178,Technology
2022-06-09,AAPL,196.09,197.41,194.99,196.31,83676220,Technology
2022-06-10,AAPL,194.9,197.3,193.44,195.83,67436183,Technology
2022-06-13,AAPL,198.0,200.93,194.47,197.4,118298107,Technology
2022-06-14,AAPL,197.06,199.07,194.85,196.86,115260125,Technology
2022-06-15,AAPL,201.37,202.88,199.42,200.93,104421234,Technology
2022-06-16,AAPL,197.54,198.79,195.58,196.83,107879750,Technology
2022-06-17,AAPL,199.68,201.6,198.58,200.5,62423050,Technology
2022-06-20,AAPL,197.3,199.28,195.3,197.28,91174689,Technology
2022-06-21,AAPL,199.63,201.43,197.02,198.81,81411635,Technology
2022-06-22,AAPL,197.79,199.32,196.67,198.19,91101010,Technology
2022-06-23,AAPL,200.1,202.78,197.87,200.55,67313733,Technology
2022-06-24,AAPL,206.33,209.9,201.76,205.31,79107756,Technology
2022-06-27,AAPL,208.14,210.37,205.66,207.89,102247267,Technology
2022-06-28,AAPL,205.3,207.53,202.25,204.47,92820237,Technology
2022-06-29,AAPL,205.08,207.49,202.37,204.78,116191828,Technology
2022-06-30,AAPL,205.43,209.87,201.95,206.38,79272439,Technology
2022-07-01,AAPL,201.06,203.86,198.64,201.43,101161159,Technology
2022-07-04,AAPL,198.36,201.81,194.46,197.9,118365330,Technology
2022-07-05,AAPL,200.54,202.36,197.97,199.79,105114048,Technology
2022-07-06,AAPL,196.92,198.97,194.41,196.46,65692519,Technology
2022-07-07,AAPL,195.9,199.2,192.54,195.84,76891265,Technology
2022-07-08,AAPL,193.99,196.87,190.85,193.72,71964430,Technology
2022-07-11,AAPL,193.62,194.81,192.56,193.75,93385956,Technology
2022-07-12,AAPL,194.4,197.93,190.06,193.57,90963910,Technology
2022-07-13,AAPL,197.05,200.39,193.84,197.17,103891888,Technology
2022-07-14,AAPL,196.22,198.06,194.64,196.47,97236565,Technology
2022-07-15,AAPL,201.92,202.98,200.41,201.47,109214362,Technology
2022-07-18,AAPL,202.07,204.4,199.85,202.18,110151291,Technology
2022-07-19,AAPL,202.55,206.36,199.18,202.98,78776578,Technology
2022-07-20,AAPL,205.59,208.71,202.34,205.46,69152659,Technology
2022-07-21,AAPL,202.78,204.74,200.02,201.97,100446378,Technology
2022-07-22,AAPL,202.87,206.88,198.33,202.33,115547478,Technology
2022-07-25,AAPL,204.72,206.41,202.49,204.17,60702942,Technology
2022-07-26,AAPL,201.23,204.32,198.2,201.29,80132224,Technology
2022-07-27,AAPL,198.84,202.41,194.59,198.14,60826951,Technology
2022-07-28,AAPL,198.36,201.43,195.55,198.62,84231829,Technology
2022-07-29,AAPL,198.82,202.68,195.34,199.2,115611404,Technology
2022-08-01,AAPL,192.65,194.13,190.86,192.34,99490251,Technology
2022-08-02,AAPL,186.78,188.75,185.14,187.11,109170510,Technology
2022-08-03,AAPL,185.22,188.59,182.18,185.54,91270414,Technology
2022-08-04,AAPL,184.84,186.48,183.74,185.38,88406323,Technology
2022-08-05,AAPL,185.26,186.43,183.47,184.63,102221369,Technology
2022-08-08,AAPL,183.21,186.72,179.36,182.86,115453881,Technology
2022-08-09,AAPL,182.71,185.14,180.1,182.53,117629777,Technology
2022-08-10,AAPL,187.33,190.96,184.59,188.21,102566265,Technology
2022-08-11,AAPL,192.59,196.17,188.45,192.02,94238079,Technology
2022-08-12,AAPL,196.24,199.2,192.34,195.28,64894394,Technology
2022-08-15,AAPL,198.11,201.52,195.14,198.54,97585378,Technology
2022-08-16,AAPL,195.74,199.19,192.98,196.42,71801425,Technology
2022-08-17,AAPL,195.52,199.06,192.72,196.25,75278262,Technology
2022-08-18,AAPL,198.3,202.12,194.82,198.64,88539579,Technology
2022-08-19,AAPL,196.89,201.2,193.13,197.43,82682748,Technology
2022-08-22,AAPL,203.06,205.92,199.68,202.54,113148376,Technology
2022-08-23,AAPL,203.53,207.34,199.17,202.97,73085684,Technology
2022-08-24,AAPL,205.75,207.1,204.64,205.99,67922156,Technology
2022-08-25,AAPL,205.82,209.04,202.27,205.49,62116312,Technology
2022-08-26,AAPL,205.15,209.28,201.55,205.67,85217510,Technology
2022-08-29,AAPL,204.38,207.59,201.31,204.52,85756624,Technology
2022-08-30,AAPL,204.06,205.48,202.84,204.26,105008449,Technology
2022-08-31,AAPL,201.24,205.18,197.47,201.41,84703356,Technology
2022-09-01,AAPL,205.89,209.09,201.79,204.98,75390125,Technology
2022-09-02,AAPL,208.09,210.5,205.07,207.48,95776767,Technology
2022-09-05,AAPL,206.7,208.08,205.07,206.44,70611403,Technology
2022-09-06,AAPL,206.41,209.02,203.74,206.35,111634100,Technology
2022-09-07,AAPL,205.02,207.92,202.57,205.47,73242497,Technology
2022-09-08,AAPL,203.48,207.85,199.79,204.15,84839179,Technology
2022-09-09,AAPL,200.93,202.5,198.82,200.38,87725172,Technology
2022-09-12,AAPL,203.57,205.94,201.48,203.85,110206745,Technology
2022-09-13,AAPL,205.61,208.35,202.43,205.16,112873791,Technology
2022-09-14,AAPL,207.73,211.95,203.88,208.09,116170850,Technology
2022-09-15,AAPL,210.69,212.08,209.56,210.95,112800032,Technology
2022-09-16,AAPL,215.32,217.78,213.36,215.81,77506025,Technology
2022-09-19,AAPL,216.84,220.05,213.76,216.97,102740722,Technology
2022-09-20,AAPL,214.45,218.4,210.14,214.08,71665769,Technology
2022-09-21,AAPL,220.17,224.88,215.99,220.69,68418710,Technology
2022-09-22,AAPL,217.35,218.73,215.83,217.21,66268866,Technology
2022-09-23,AAPL,220.44,222.44,218.88,220.88,76258354,Technology
2022-09-26,AAPL,218.52,221.59,214.77,217.83,104800304,Technology
2022-09-27,AAPL,216.61,219.1,214.67,217.16,116964596,Technology
2022-09-28,AAPL,216.45,217.56,214.53,215.63,71383846,Technology
2022-09-29,AAPL,211.59,215.99,207.53,211.92,85700930,Technology
2022-09-30,AAPL,209.77,213.04,206.32,209.59,78417390,Technology
2022-10-03,AAPL,214.61,217.47,211.27,214.12,62018929,Technology
2022-10-04,AAPL,211.34,212.52,210.25,211.43,67344278,Technology
2022-10-05,AAPL,210.19,213.94,207.04,210.79,85254640,Technology
2022-10-06,AAPL,213.07,214.77,211.27,212.97,66405180,Technology
2022-10-07,AAPL,207.49,209.54,206.38,208.43,116278377,Technology
2022-10-10,AAPL,208.48,209.97,206.57,208.05,63541609,Technology
2022-10-11,AAPL,205.69,207.05,204.31,205.67,87159820,Technology
2022-10-12,AAPL,208.46,212.48,203.54,207.54,105886714,Technology
2022-10-13,AAPL,210.83,213.89,207.87,210.93,80692622,Technology
2022-10-14,AAPL,207.25,211.23,203.06,207.04,93954815,Technology
2022-10-17,AAPL,210.27,213.02,208.49,211.23,115738720,Technology
2022-10-18,AAPL,213.05,215.24,210.98,213.17,66321076,Technology
2022-10-19,AAPL,212.93,217.7,209.19,213.94,109122450,Technology
2022-10-20,AAPL,216.22,217.76,213.86,215.39,102921471,Technology
2022-10-21,AAPL,218.18,219.81,216.41,218.04,78103050,Technology
2022-10-24,AAPL,220.9,222.6,218.42,220.11,83509604,Technology
2022-10-25,AAPL,222.12,225.31,219.68,222.86,82292407,Technology
2022-10-26,AAPL,227.32,231.74,223.21,227.63,116120411,Technology
2022-10-27,AAPL,231.15,236.42,226.71,231.97,70050019,Technology
2022-10-28,AAPL,229.3,233.67,225.19,229.55,59760251,Technology
2022-10-31,AAPL,227.31,229.38,225.02,227.09,107056324,Technology
2022-11-01,AAPL,226.15,228.62,224.57,227.03,114364512,Technology
2022-11-02,AAPL,224.16,227.81,220.32,223.96,105266614,Technology
2022-11-03,AAPL,223.4,225.95,220.27,222.82,81622277,Technology
2022-11-04,AAPL,222.8,224.73,220.36,222.29,84470501,Technology
2022-11-07,AAPL,222.24,226.97,217.86,222.58,114342781,Technology
2022-11-08,AAPL,221.22,226.0,217.02,221.79,106994160,Technology
2022-11-09,AAPL,223.0,225.56,219.52,222.07,86282394,Technology
2022-11-10,AAPL,224.1,227.79,220.48,224.17,73054144,Technology
2022-11-11,AAPL,222.56,224.51,220.78,222.73,104451932,Technology
2022-11-14,AAPL,219.89,222.99,216.39,219.48,76298417,Technology
2022-11-15,AAPL,214.11,217.72,211.49,215.09,108143178,Technology
2022-11-16,AAPL,219.4,223.96,215.05,219.6,60152337,Technology
2022-11-17,AAPL,220.4,222.06,218.4,220.06,95918719,Technology
2022-11-18,AAPL,217.99,222.21,214.32,218.53,104936098,Technology
2022-11-21,AAPL,217.66,221.39,214.33,218.05,91956544,Technology
2022-11-22,AAPL,213.97,215.61,212.43,214.07,111931241,Technology
2022-11-23,AAPL,218.39,220.86,215.19,217.65,94620075,Technology
2022-11-24,AAPL,216.89,218.6,215.0,216.71,89606008,Technology
2022-11-25,AAPL,209.35,212.46,207.05,210.15,84294165,Technology
2022-11-28,AAPL,209.89,212.02,208.61,210.74,84247033,Technology
2022-11-29,AAPL,208.98,210.98,206.1,208.09,81854495,Technology
2022-11-30,AAPL,205.21,208.57,201.79,205.15,101393097,Technology
2022-12-01,AAPL,204.46,206.28,201.75,203.56,91040265,Technology
2022-12-02,AAPL,198.56,202.3,195.09,198.83,65462575,Technology
2022-12-05,AAPL,199.49,203.51,196.48,200.48,87779932,Technology
2022-12-06,AAPL,198.22,199.78,196.41,197.97,117775482,Technology
2022-12-07,AAPL,200.01,202.4,196.99,199.38,89713159,Technology
2022-12-08,AAPL,196.54,198.98,193.27,195.7,112452969,Technology
2022-12-09,AAPL,194.13,197.8,190.87,194.53,91928000,Technology
2022-12-12,AAPL,189.5,191.19,187.92,189.61,88310677,Technology
2022-12-13,AAPL,192.29,195.65,188.18,191.53,84169893,Technology
2022-12-14,AAPL,194.7,195.73,192.98,194.0,69869581,Technology
2022-12-15,AAPL,193.42,197.12,190.65,194.34,83270635,Technology
2022-12-16,AAPL,195.88,200.56,192.0,196.67,84709742,Technology
2022-12-19,AAPL,199.35,201.27,196.64,198.55,111225736,Technology
2022-12-20,AAPL,196.51,199.03,194.83,197.34,96814734,Technology
2022-12-21,AAPL,197.49,199.47,195.17,197.15,61411125,Technology
2022-12-22,AAPL,191.95,193.29,190.25,191.59,72136053,Technology
2022-12-23,AAPL,194.85,199.21,191.37,195.71,72321177,Technology
2022-12-26,AAPL,198.66,202.76,194.69,198.79,101326456,Technology
2022-12-27,AAPL,200.44,201.99,198.67,200.22,102703311,Technology
2022-12-28,AAPL,201.32,203.28,198.71,200.66,95403345,Technology
2022-12-29,AAPL,200.99,203.17,198.69,200.87,93817270,Technology
2022-12-30,AAPL,202.41,204.13,200.9,202.61,79934119,Technology
2023-01-02,AAPL,200.83,203.04,198.1,200.31,88211035,Technology
2023-01-03,AAPL,200.95,205.22,197.11,201.37,84234362,Technology
2023-01-04,AAPL,203.45,206.87,199.94,203.36,92048174,Technology
2023-01-05,AAPL,202.16,203.54,200.99,202.37,75608657,Technology
2023-01-06,AAPL,203.68,208.15,199.61,204.07,112127543,Technology
2023-01-09,AAPL,206.42,209.88,203.29,206.75,91840295,Technology
2023-01-10,AAPL,214.09,217.86,209.51,213.27,69043435,Technology
2023-01-11,AAPL,216.2,218.75,214.02,216.56,62001665,Technology
2023-01-12,AAPL,219.62,222.69,215.78,218.84,82203676,Technology
2023-01-13,AAPL,223.35,226.95,219.48,223.07,81851099,Technology
2023-01-16,AAPL,221.16,222.73,219.13,220.7,110346627,Technology
2023-01-17,AAPL,219.24,223.67,215.89,220.3,72365857,Technology
2023-01-18,AAPL,217.84,219.16,216.37,217.69,104510421,Technology
2023-01-19,AAPL,210.69,212.09,208.58,209.98,92552784,Technology
2023-01-20,AAPL,209.95,213.17,205.75,208.96,64479018,Technology
2023-01-23,AAPL,210.48,215.18,206.58,211.27,82881048,Technology
2023-01-24,AAPL,219.36,223.26,214.59,218.47,89629114,Technology
2023-01-25,AAPL,216.23,219.24,212.78,215.78,109049140,Technology
2023-01-26,AAPL,212.26,213.71,210.16,211.6,88135930,Technology
2023-01-27,AAPL,208.45,211.06,206.0,208.61,89798089,Technology
2023-01-30,AAPL,210.16,214.19,206.03,210.06,116214063,Technology
2023-01-31,AAPL,212.84,214.48,210.72,212.36,107828252,Technology
2023-02-01,AAPL,212.22,215.44,208.77,211.99,93106360,Technology
2023-02-02,AAPL,213.07,216.89,208.59,212.39,66776178,Technology
2023-02-03,AAPL,216.17,220.2,212.34,216.36,74594961,Technology
2023-02-06,AAPL,211.78,215.74,207.96,211.92,107597699,Technology
2023-02-07,AAPL,213.36,216.34,211.45,214.42,88979821,Technology
2023-02-08,AAPL,221.02,222.46,219.03,220.46,75926470,Technology
2023-02-09,AAPL,221.73,225.24,219.15,222.65,76556225,Technology
2023-02-10,AAPL,221.28,225.76,217.58,222.05,98005993,Technology
2023-02-13,AAPL,224.07,228.27,219.47,223.67,107755790,Technology
2023-02-14,AAPL,227.08,229.16,225.57,227.65,112725061,Technology
2023-02-15,AAPL,221.85,225.34,218.06,221.54,98994120,Technology
2023-02-16,AAPL,219.24,222.71,216.78,220.24,106174271,Technology
2023-02-17,AAPL,221.3,224.72,217.94,221.36,113035697,Technology
2023-02-20,AAPL,216.01,218.63,213.84,216.46,111431381,Technology
2023-02-21,AAPL,218.22,221.92,214.49,218.19,67278716,Technology
2023-02-22,AAPL,221.52,223.34,219.35,221.17,82409953,Technology
2023-02-23,AAPL,222.01,225.91,217.14,221.02,107435397,Technology
2023-02-24,AAPL,222.97,225.35,219.96,222.33,80410779,Technology
2023-02-27,AAPL,220.36,223.05,218.71,221.39,82450144,Technology
2023-02-28,AAPL,224.55,229.32,220.38,225.14,71787533,Technology
2023-03-01,AAPL,225.06,230.55,220.66,226.13,106254037,Technology
2023-03-02,AAPL,225.78,229.06,223.56,226.83,114109251,Technology
2023-03-03,AAPL,223.4,224.98,221.7,223.28,75806225,Technology
2023-03-06,AAPL,221.7,224.03,220.37,222.7,66375623,Technology
2023-03-07,AAPL,221.59,222.94,219.67,221.01,88391189,Technology
2023-03-08,AAPL,228.96,231.47,226.64,229.15,114772330,Technology
2023-03-09,AAPL,229.32,233.6,224.56,228.83,112138601,Technology
2023-03-10,AAPL,223.14,225.6,220.95,223.41,96015874,Technology
2023-03-13,AAPL,223.31,226.56,220.1,223.35,83339141,Technology
2023-03-14,AAPL,234.92,239.57,229.54,234.17,85381321,Technology
2023-03-15,AAPL,230.6,234.81,226.93,231.13,65460074,Technology
2023-03-16,AAPL,228.51,231.08,226.16,228.73,60483958,Technology
2023-03-17,AAPL,223.72,227.9,219.87,224.04,94034880,Technology
2023-03-20,AAPL,233.16,235.35,231.74,233.92,112436776,Technology
2023-03-21,AAPL,230.69,233.95,226.41,229.66,118925627,Technology
2023-03-22,AAPL,224.91,227.74,222.53,225.36,110572185,Technology
2023-03-23,AAPL,231.17,235.79,226.26,230.87,106810872,Technology
2023-03-24,AAPL,224.6,228.69,220.84,224.93,93669087,Technology
2023-03-27,AAPL,220.57,224.43,216.31,220.16,60759246,Technology
2023-03-28,AAPL,216.52,219.47,214.34,217.29,73361846,Technology
2023-03-29,AAPL,211.96,216.91,208.02,212.95,72578142,Technology
2023-03-30,AAPL,214.91,216.98,212.59,214.66,91279050,Technology
2023-03-31,AAPL,209.61,212.06,207.88,210.32,73589483,Technology
2023-04-03,AAPL,213.78,216.96,211.1,214.27,115882348,Technology
2023-04-04,AAPL,212.86,216.36,210.31,213.8,102891351,Technology
2023-04-05,AAPL,208.97,211.05,206.58,208.65,76135865,Technology
2023-04-06,AAPL,208.98,211.81,205.58,208.41,114716520,Technology
2023-04-07,AAPL,207.7,209.9,205.85,208.04,87123852,Technology
2023-04-10,AAPL,207.9,211.83,203.15,207.07,64847757,Technology
2023-04-11,AAPL,203.35,204.78,201.93,203.36,65843846,Technology
2023-04-12,AAPL,209.65,212.53,207.51,210.39,97344401,Technology
2023-04-13,AAPL,211.57,215.64,206.47,210.52,81826847,Technology
2023-04-14,AAPL,214.66,217.66,210.91,213.9,66488993,Technology
2023-04-17,AAPL,216.89,220.42,213.56,217.09,71765696,Technology
2023-04-18,AAPL,214.14,217.42,211.78,215.05,100876725,Technology
2023-04-19,AAPL,215.22,217.53,213.33,215.63,66704337,Technology
2023-04-20,AAPL,215.39,219.27,211.52,215.4,93542739,Technology
2023-04-21,AAPL,215.83,218.95,212.91,216.02,70955529,Technology
2023-04-24,AAPL,214.44,218.72,210.97,215.24,65680490,Technology
2023-04-25,AAPL,217.2,221.24,213.8,217.83,77752978,Technology
2023-04-26,AAPL,225.63,228.48,222.89,225.74,101660457,Technology
2023-04-27,AAPL,228.48,231.76,224.88,228.15,101986232,Technology
2023-04-28,AAPL,228.07,230.63,225.93,228.48,85560865,Technology
2023-05-01,AAPL,229.84,232.05,226.53,228.73,107936089,Technology
2023-05-02,AAPL,229.9,232.77,228.18,231.04,62045604,Technology
2023-05-03,AAPL,227.28,230.14,225.31,228.16,91233617,Technology
2023-05-04,AAPL,230.44,234.56,225.79,229.9,72328739,Technology
2023-05-05,AAPL,230.17,232.7,227.62,230.15,107707248,Technology
2023-05-08,AAPL,223.87,227.81,219.04,222.96,89800092,Technology
2023-05-09,AAPL,219.83,224.09,216.44,220.69,93134693,Technology
2023-05-10,AAPL,214.29,216.31,212.42,214.44,97226005,Technology
2023-05-11,AAPL,220.96,223.92,219.0,221.95,60108914,Technology
2023-05-12,AAPL,224.78,227.09,223.58,225.89,66066125,Technology
2023-05-15,AAPL,223.66,226.22,221.74,224.29,118214397,Technology
2023-05-16,AAPL,228.99,232.05,226.79,229.85,91960971,Technology
2023-05-17,AAPL,235.4,239.61,230.78,234.98,77116884,Technology
2023-05-18,AAPL,233.06,236.19,229.44,232.56,102822217,Technology
2023-05-19,AAPL,239.89,243.49,235.42,239.0,111271274,Technology
2023-05-22,AAPL,240.81,244.28,237.51,240.98,97673432,Technology
2023-05-23,AAPL,242.7,248.12,238.51,243.91,118523822,Technology
2023-05-24,AAPL,251.61,253.63,249.66,251.68,111385769,Technology
2023-05-25,AAPL,247.84,249.98,245.76,247.9,67388639,Technology
2023-05-26,AAPL,246.06,249.56,243.37,246.86,81135851,Technology
2023-05-29,AAPL,245.52,248.12,241.73,244.32,118691375,Technology
2023-05-30,AAPL,245.48,247.13,243.28,244.93,62578856,Technology
2023-05-31,AAPL,243.55,245.84,242.22,244.51,116946396,Technology
2023-06-01,AAPL,248.36,253.88,243.61,249.12,69119503,Technology
2023-06-02,AAPL,248.26,250.4,246.08,248.22,93397425,Technology
2023-06-05,AAPL,242.85,244.87,240.21,242.23,77918413,Technology
2023-06-06,AAPL,236.48,240.93,231.66,236.11,85462896,Technology
2023-06-07,AAPL,230.02,233.9,225.43,229.29,76783655,Technology
2023-06-08,AAPL,230.53,232.86,227.21,229.53,69302091,Technology
2023-06-09,AAPL,229.55,230.95,228.26,229.66,107171989,Technology
2023-06-12,AAPL,227.71,231.48,223.0,226.76,91225439,Technology
2023-06-13,AAPL,226.57,228.04,224.9,226.37,105814539,Technology
2023-06-14,AAPL,224.97,227.15,223.53,225.71,60231294,Technology
2023-06-15,AAPL,218.88,221.92,215.01,218.04,99404467,Technology
2023-06-16,AAPL,220.38,225.72,216.03,221.35,113228564,Technology
2023-06-19,AAPL,215.68,219.8,211.97,216.08,117424829,Technology
2023-06-20,AAPL,222.07,224.14,219.15,221.21,111904540,Technology
2023-06-21,AAPL,231.28,235.06,227.35,231.13,66640163,Technology
2023-06-22,AAPL,231.77,235.11,228.76,232.1,106636913,Technology
2023-06-23,AAPL,235.1,238.95,230.31,234.14,60382394,Technology
2023-06-26,AAPL,230.84,234.8,225.89,229.83,106463376,Technology
2023-06-27,AAPL,225.44,227.96,223.87,226.39,60740291,Technology
2023-06-28,AAPL,226.14,229.4,222.59,225.85,118221365,Technology
2023-06-29,AAPL,224.85,227.7,222.38,225.23,96653283,Technology
2023-06-30,AAPL,215.48,219.23,210.81,214.54,107285887,Technology
2023-07-03,AAPL,211.8,214.21,209.1,211.51,110449809,Technology
2023-07-04,AAPL,215.61,218.89,212.95,216.22,69598544,Technology
2023-07-05,AAPL,218.48,219.57,216.91,218.0,66110283,Technology
2023-07-06,AAPL,213.94,216.23,212.09,214.37,92842601,Technology
2023-07-07,AAPL,213.87,216.22,211.16,213.5,62810500,Technology
2023-07-10,AAPL,214.93,216.4,213.46,214.93,79549404,Technology
2023-07-11,AAPL,217.29,220.29,215.24,218.23,112795290,Technology
2023-07-12,AAPL,217.53,221.72,214.18,218.36,63370234,Technology
2023-07-13,AAPL,215.31,219.54,210.7,214.92,84338636,Technology
2023-07-14,AAPL,214.7,218.03,210.83,214.15,105907751,Technology
2023-07-17,AAPL,216.07,218.85,213.44,216.22,60156171,Technology
2023-07-18,AAPL,218.72,222.85,214.36,218.49,71587659,Technology
2023-07-19,AAPL,218.18,222.28,213.2,217.28,118356457,Technology
2023-07-20,AAPL,222.88,226.92,217.76,221.78,74058828,Technology
2023-07-21,AAPL,224.24,228.19,219.58,223.52,73240951,Technology
2023-07-24,AAPL,227.37,228.84,224.82,226.29,77113460,Technology
2023-07-25,AAPL,224.75,229.95,220.69,225.87,60750976,Technology
2023-07-26,AAPL,227.91,231.25,225.18,228.51,100545556,Technology
2023-07-27,AAPL,228.45,232.51,225.37,229.42,69176383,Technology
2023-07-28,AAPL,229.72,232.93,227.23,230.44,106637229,Technology
2023-07-31,AAPL,230.65,234.19,228.06,231.59,88318402,Technology
2023-08-01,AAPL,225.65,227.93,224.21,226.49,73756785,Technology
2023-08-02,AAPL,229.01,233.11,223.96,228.04,108662334,Technology
2023-08-03,AAPL,227.65,230.45,225.37,228.17,92174763,Technology
2023-08-04,AAPL,231.94,235.61,227.15,230.8,67328457,Technology
2023-08-07,AAPL,230.52,231.84,228.75,230.07,109017434,Technology
2023-08-08,AAPL,225.03,229.01,220.66,224.63,116263940,Technology
2023-08-09,AAPL,226.59,229.46,222.8,225.66,117084822,Technology
2023-08-10,AAPL,219.25,223.56,215.37,219.67,71174831,Technology
2023-08-11,AAPL,229.82,232.97,226.78,229.93,111726621,Technology
2023-08-14,AAPL,230.53,232.59,229.03,231.09,104232037,Technology
2023-08-15,AAPL,229.77,231.66,228.29,230.18,82535745,Technology
2023-08-16,AAPL,232.11,236.25,228.78,232.91,110705967,Technology
2023-08-17,AAPL,237.04,239.82,233.29,236.06,87338259,Technology
2023-08-18,AAPL,228.4,231.31,226.32,229.22,59722833,Technology
2023-08-21,AAPL,225.6,229.43,222.67,226.49,82807801,Technology
2023-08-22,AAPL,220.71,224.27,217.66,221.21,69925845,Technology
2023-08-23,AAPL,220.95,224.62,216.31,219.97,65476204,Technology
2023-08-24,AAPL,220.23,221.85,217.61,219.22,61748161,Technology
2023-08-25,AAPL,215.31,220.64,211.08,216.38,111483285,Technology
2023-08-28,AAPL,219.82,221.93,216.76,218.86,78358244,Technology
2023-08-29,AAPL,217.63,221.79,214.41,218.55,73918623,Technology
2023-08-30,AAPL,220.99,224.66,217.26,220.93,114714159,Technology
2023-08-31,AAPL,219.13,221.63,215.82,218.32,86212848,Technology
2023-09-01,AAPL,219.78,224.11,214.46,218.77,79083633,Technology
2023-09-04,AAPL,219.04,223.05,214.29,218.28,72035483,Technology
2023-09-05,AAPL,215.13,219.15,212.04,216.05,109284287,Technology
2023-09-06,AAPL,216.6,219.19,214.95,217.53,83313036,Technology
2023-09-07,AAPL,217.5,220.47,213.77,216.73,117467430,Technology
2023-09-08,AAPL,216.08,219.55,213.58,217.03,104072376,Technology
2023-09-11,AAPL,224.53,227.68,221.5,224.65,77901498,Technology
2023-09-12,AAPL,229.99,233.25,227.11,230.36,104542206,Technology
2023-09-13,AAPL,230.52,233.55,226.63,229.65,91840862,Technology
2023-09-14,AAPL,224.99,226.92,222.28,224.2,92654533,Technology
2023-09-15,AAPL,215.35,217.09,213.34,215.08,80784147,Technology
2023-09-18,AAPL,214.68,218.57,210.89,214.78,102723260,Technology
2023-09-19,AAPL,213.85,215.45,212.47,214.07,118002865,Technology
2023-09-20,AAPL,209.43,213.74,205.84,210.14,76026960,Technology
2023-09-21,AAPL,205.36,207.4,203.01,205.05,104541188,Technology
2023-09-22,AAPL,208.62,212.01,205.21,208.6,107743822,Technology
2023-09-25,AAPL,209.44,212.66,207.02,210.23,93084289,Technology
2023-09-26,AAPL,215.28,219.43,210.51,214.65,93932688,Technology
2023-09-27,AAPL,216.04,219.22,211.95,215.11,84986396,Technology
2023-09-28,AAPL,218.99,221.17,215.78,217.95,110874866,Technology
2023-09-29,AAPL,217.05,219.27,214.91,217.13,84197148,Technology
2023-10-02,AAPL,222.2,223.81,219.59,221.19,83556589,Technology
2023-10-03,AAPL,221.31,226.02,217.3,222.0,92098313,Technology
2023-10-04,AAPL,221.93,223.12,220.16,221.35,94064376,Technology
2023-10-05,AAPL,227.19,231.49,223.92,228.21,72056780,Technology
2023-10-06,AAPL,222.34,224.17,220.98,222.81,96832620,Technology
2023-10-09,AAPL,225.94,228.99,222.64,225.69,92180450,Technology
2023-10-10,AAPL,221.88,224.47,219.86,222.45,67655051,Technology
2023-10-11,AAPL,219.72,223.62,215.57,219.46,70597405,Technology
2023-10-12,AAPL,220.69,222.38,218.19,219.87,103692486,Technology
2023-10-13,AAPL,223.21,226.75,219.89,223.42,75087546,Technology
2023-10-16,AAPL,225.85,230.3,220.75,225.18,77455863,Technology
2023-10-17,AAPL,225.62,229.62,221.05,225.04,77176292,Technology
2023-10-18,AAPL,224.39,227.67,221.83,225.1,66107620,Technology
2023-10-19,AAPL,220.85,224.87,217.35,221.36,108293532,Technology
2023-10-20,AAPL,220.41,225.76,216.02,221.35,87645589,Technology
2023-10-23,AAPL,217.96,221.67,213.63,217.33,104719830,Technology
2023-10-24,AAPL,216.17,218.48,213.96,216.27,94900617,Technology
2023-10-25,AAPL,220.02,224.72,215.71,220.4,114427061,Technology
2023-10-26,AAPL,226.09,228.13,222.96,224.99,99380689,Technology
2023-10-27,AAPL,221.07,223.71,218.18,220.82,75715604,Technology
2023-10-30,AAPL,221.98,224.87,219.96,222.84,66285992,Technology
2023-10-31,AAPL,225.36,227.66,222.47,224.77,95674284,Technology
2023-11-01,AAPL,237.16,238.71,234.78,236.33,95281373,Technology
2023-11-02,AAPL,239.3,243.95,234.25,238.89,69922904,Technology
2023-11-03,AAPL,236.16,239.02,232.96,235.81,61181749,Technology
2023-11-06,AAPL,230.75,232.82,229.54,231.61,74474033,Technology
2023-11-07,AAPL,234.56,237.27,231.88,234.59,67712642,Technology
2023-11-08,AAPL,236.39,239.96,232.59,236.16,77020613,Technology
2023-11-09,AAPL,234.41,236.63,233.19,235.4,82805839,Technology
2023-11-10,AAPL,236.47,238.49,234.74,236.76,96876864,Technology
2023-11-13,AAPL,236.36,240.13,233.24,237.0,79957438,Technology
2023-11-14,AAPL,238.08,241.46,233.85,237.22,104316199,Technology
2023-11-15,AAPL,237.35,240.84,234.19,237.68,81220551,Technology
2023-11-16,AAPL,237.3,242.74,232.98,238.4,118284967,Technology
2023-11-17,AAPL,233.18,236.67,229.28,232.76,61760871,Technology
2023-11-20,AAPL,231.91,235.22,228.64,231.95,65793844,Technology
2023-11-21,AAPL,232.88,235.02,229.84,231.97,92224310,Technology
2023-11-22,AAPL,223.34,226.81,220.84,224.3,101990230,Technology
2023-11-23,AAPL,228.98,232.54,225.17,228.72,89860627,Technology
2023-11-24,AAPL,229.25,231.89,226.4,229.04,73387029,Technology
2023-11-27,AAPL,228.49,232.86,223.93,228.29,78015950,Technology
2023-11-28,AAPL,232.23,234.96,228.8,231.52,69116155,Technology
2023-11-29,AAPL,231.46,233.63,228.88,231.05,78271607,Technology
2023-11-30,AAPL,226.04,230.71,222.22,226.88,104879827,Technology
2023-12-01,AAPL,229.69,232.2,228.31,230.81,112944299,Technology
2023-12-04,AAPL,232.87,236.42,229.68,233.22,73339380,Technology
2023-12-05,AAPL,232.56,235.87,229.23,232.54,118500067,Technology
2023-12-06,AAPL,233.34,237.95,228.43,233.03,85850795,Technology
2023-12-07,AAPL,232.74,235.62,229.45,232.32,65543685,Technology
2023-12-08,AAPL,229.47,232.74,227.19,230.45,63864965,Technology
2023-12-11,AAPL,225.39,227.21,223.6,225.42,106194072,Technology
2023-12-12,AAPL,223.28,226.4,220.54,223.65,64400002,Technology
2023-12-13,AAPL,226.72,230.25,223.71,227.24,96088583,Technology
2023-12-14,AAPL,229.09,234.5,224.59,229.98,72121461,Technology
2023-12-15,AAPL,239.02,241.91,235.03,237.91,105422681,Technology
2023-12-18,AAPL,237.69,242.49,233.3,238.09,118526289,Technology
2023-12-19,AAPL,235.93,238.54,234.39,236.99,110408356,Technology
2023-12-20,AAPL,239.03,244.55,234.51,240.01,66248931,Technology
2023-12-21,AAPL,238.76,241.03,237.45,239.71,71960479,Technology
2023-12-22,AAPL,237.96,242.61,232.92,237.56,105823905,Technology
2023-12-25,AAPL,234.84,238.75,230.85,234.76,106950594,Technology
2023-12-26,AAPL,232.53,236.21,229.29,232.96,92886051,Technology
2023-12-27,AAPL,226.98,229.93,223.31,226.25,117912769,Technology
2023-12-28,AAPL,227.99,230.54,224.85,227.39,65435898,Technology
2023-12-29,AAPL,223.82,227.84,220.09,224.11,61843714,Technology
2021-01-04,MSFT,220.24,222.54,217.7,220.0,23504253,Technology
2021-01-05,MSFT,218.8,223.87,214.67,219.73,40530141,Technology
2021-01-06,MSFT,214.76,218.49,211.41,215.13,29205757,Technology
2021-01-07,MSFT,214.59,218.05,210.92,214.37,35104501,Technology
2021-01-08,MSFT,218.24,220.64,215.87,218.27,41787217,Technology
2021-01-11,MSFT,220.24,222.23,218.43,220.42,27128286,Technology
2021-01-12,MSFT,222.4,226.06,218.16,221.81,27141354,Technology
2021-01-13,MSFT,215.88,218.29,214.54,216.94,29976461,Technology
2021-01-14,MSFT,214.59,216.98,211.17,213.55,30865843,Technology
2021-01-15,MSFT,212.45,214.33,209.75,211.62,31312426,Technology
2021-01-18,MSFT,216.77,220.69,213.74,217.65,29041244,Technology
2021-01-19,MSFT,216.81,220.96,212.47,216.62,28234538,Technology
2021-01-20,MSFT,221.04,224.22,216.97,220.14,26753802,Technology
2021-01-21,MSFT,225.31,228.14,221.46,224.28,24620319,Technology
2021-01-22,MSFT,220.59,224.07,216.86,220.34,35273177,Technology
2021-01-25,MSFT,221.49,224.18,219.22,221.9,35368403,Technology
2021-01-26,MSFT,221.67,223.68,219.84,221.85,24951667,Technology
2021-01-27,MSFT,224.82,225.97,222.62,223.77,30065762,Technology
2021-01-28,MSFT,224.0,229.2,219.62,224.81,33334702,Technology
2021-01-29,MSFT,230.82,232.67,228.31,230.15,37457762,Technology
2021-02-01,MSFT,228.0,229.53,225.54,227.06,25087222,Technology
2021-02-02,MSFT,238.0,241.38,233.49,236.85,39530327,Technology
2021-02-03,MSFT,238.66,243.67,234.04,239.04,23217088,Technology
2021-02-04,MSFT,240.35,242.23,238.47,240.35,37657823,Technology
2021-02-05,MSFT,233.23,234.92,231.17,232.86,27795129,Technology
2021-02-08,MSFT,233.07,235.43,230.34,232.69,30806987,Technology
2021-02-09,MSFT,232.82,237.63,228.82,233.62,37588913,Technology
2021-02-10,MSFT,235.23,237.36,233.83,235.95,34779144,Technology
2021-02-11,MSFT,238.16,243.01,233.92,238.75,27871023,Technology
2021-02-12,MSFT,236.18,239.95,233.1,236.86,38034281,Technology
2021-02-15,MSFT,234.54,239.28,230.65,235.37,30740424,Technology
2021-02-16,MSFT,238.47,242.83,234.51,238.86,34295243,Technology
2021-02-17,MSFT,237.57,238.94,235.94,237.31,24205712,Technology
2021-02-18,MSFT,239.57,244.11,235.39,239.92,26912631,Technology
2021-02-19,MSFT,241.02,246.37,236.77,242.11,29328784,Technology
2021-02-22,MSFT,245.43,248.55,242.84,245.96,40146840,Technology
2021-02-23,MSFT,245.68,250.77,241.68,246.76,36008436,Technology
2021-02-24,MSFT,252.43,255.69,248.17,251.42,27571857,Technology
2021-02-25,MSFT,257.26,260.76,253.76,257.26,31280779,Technology
2021-02-26,MSFT,262.71,266.61,259.6,263.49,36869908,Technology
2021-03-01,MSFT,267.05,270.19,262.7,265.83,26476976,Technology
2021-03-02,MSFT,266.42,270.48,261.21,265.25,34932624,Technology
2021-03-03,MSFT,263.91,268.68,258.3,263.05,28562472,Technology
2021-03-04,MSFT,266.77,271.44,263.03,267.69,32246043,Technology
2021-03-05,MSFT,261.26,263.47,258.42,260.62,32089226,Technology
2021-03-08,MSFT,255.87,259.32,253.01,256.46,41972668,Technology
2021-03-09,MSFT,259.79,262.57,258.21,260.98,25562405,Technology
2021-03-10,MSFT,262.7,267.84,256.33,261.45,34753482,Technology
2021-03-11,MSFT,258.86,264.33,254.15,259.6,41412883,Technology
2021-03-12,MSFT,255.58,258.43,253.75,256.6,23356442,Technology
2021-03-15,MSFT,251.43,254.85,247.32,250.73,28700010,Technology
2021-03-16,MSFT,249.39,254.46,244.48,249.55,24159419,Technology
2021-03-17,MSFT,250.81,253.82,247.36,250.36,38476741,Technology
2021-03-18,MSFT,254.67,257.7,251.41,254.43,26614238,Technology
2021-03-19,MSFT,256.41,260.18,251.42,255.17,22030125,Technology
2021-03-22,MSFT,257.34,262.05,252.47,257.18,26294071,Technology
2021-03-23,MSFT,252.55,257.47,247.67,252.59,27965495,Technology
2021-03-24,MSFT,256.95,259.6,254.97,257.61,38489829,Technology
2021-03-25,MSFT,250.86,254.43,246.28,249.83,25871337,Technology
2021-03-26,MSFT,246.65,249.56,244.97,247.87,31665102,Technology
2021-03-29,MSFT,246.77,251.7,241.37,246.29,27476286,Technology
2021-03-30,MSFT,242.89,247.3,237.81,242.21,21323718,Technology
2021-03-31,MSFT,240.68,245.32,236.53,241.16,24143142,Technology
2021-04-01,MSFT,241.34,243.45,239.31,241.42,29922226,Technology
2021-04-02,MSFT,240.89,243.94,238.64,241.68,37006846,Technology
2021-04-05,MSFT,242.38,247.19,236.91,241.71,27214676,Technology
2021-04-06,MSFT,240.94,243.72,238.85,241.62,23870596,Technology
2021-04-07,MSFT,237.2,240.35,233.81,236.95,35815555,Technology
2021-04-08,MSFT,238.83,242.97,235.2,239.33,27936531,Technology
2021-04-09,MSFT,236.57,240.54,232.97,236.93,25465086,Technology
2021-04-12,MSFT,238.05,241.12,235.52,238.59,22854567,Technology
2021-04-13,MSFT,240.73,244.93,235.69,239.88,25614756,Technology
2021-04-14,MSFT,239.07,240.5,237.08,238.5,25442101,Technology
2021-04-15,MSFT,233.09,236.66,230.55,234.11,25751661,Technology
2021-04-16,MSFT,237.75,241.77,233.03,237.03,25348781,Technology
2021-04-19,MSFT,238.55,241.83,236.16,239.43,22557625,Technology
2021-04-20,MSFT,240.47,245.25,235.33,240.1,32384026,Technology
2021-04-21,MSFT,239.24,243.18,234.5,238.43,37941010,Technology
2021-04-22,MSFT,229.97,231.9,228.76,230.69,34753011,Technology
2021-04-23,MSFT,231.05,233.51,227.49,229.94,34973500,Technology
2021-04-26,MSFT,226.92,232.0,222.53,227.6,39143097,Technology
2021-04-27,MSFT,228.81,231.06,225.46,227.7,24311462,Technology
2021-04-28,MSFT,232.19,235.15,228.56,231.51,30085492,Technology
2021-04-29,MSFT,232.0,234.79,228.1,230.88,29931471,Technology
2021-04-30,MSFT,231.25,235.55,228.0,232.28,38686411,Technology
2021-05-03,MSFT,231.81,235.45,228.4,232.03,21339560,Technology
2021-05-04,MSFT,229.6,233.92,226.41,230.72,21025275,Technology
2021-05-05,MSFT,231.5,235.53,228.2,232.22,25029638,Technology
2021-05-06,MSFT,229.38,233.82,225.99,230.41,27581516,Technology
2021-05-07,MSFT,226.01,227.65,224.19,225.83,34897068,Technology
2021-05-10,MSFT,226.56,230.71,222.98,227.12,22874244,Technology
2021-05-11,MSFT,228.49,230.07,227.08,228.66,40862732,Technology
2021-05-12,MSFT,226.85,229.28,224.97,227.4,23118664,Technology
2021-05-13,MSFT,226.28,229.47,222.69,225.87,34501555,Technology
2021-05-14,MSFT,230.48,234.64,226.35,230.51,23823597,Technology
2021-05-17,MSFT,236.54,238.75,233.95,236.16,33875561,Technology
2021-05-18,MSFT,234.78,237.82,231.31,234.35,34385207,Technology
2021-05-19,MSFT,237.19,241.51,232.67,236.99,37350628,Technology
2021-05-20,MSFT,237.18,239.25,234.69,236.76,39946076,Technology
2021-05-21,MSFT,236.24,238.79,233.04,235.58,36220575,Technology
2021-05-24,MSFT,236.88,238.28,235.3,236.69,23733976,Technology
2021-05-25,MSFT,242.67,247.4,237.2,241.92,23304199,Technology
2021-05-26,MSFT,237.56,239.18,235.72,237.34,28242672,Technology
2021-05-27,MSFT,233.36,234.65,231.97,233.26,29144747,Technology
2021-05-28,MSFT,238.92,240.48,236.65,238.2,40216612,Technology
2021-05-31,MSFT,237.65,241.54,233.02,236.89,25546301,Technology
2021-06-01,MSFT,238.55,241.39,236.41,239.25,37066332,Technology
2021-06-02,MSFT,242.11,246.76,236.95,241.59,39510802,Technology
2021-06-03,MSFT,243.02,246.84,239.48,243.29,29940993,Technology
2021-06-04,MSFT,246.55,249.23,245.04,247.71,35604987,Technology
2021-06-07,MSFT,250.56,253.46,247.53,250.43,32710886,Technology
2021-06-08,MSFT,245.92,248.23,243.67,245.98,30885964,Technology
2021-06-09,MSFT,245.79,248.45,242.35,245.0,30474444,Technology
2021-06-10,MSFT,246.46,249.92,242.04,245.49,39190906,Technology
2021-06-11,MSFT,241.43,246.43,237.0,241.99,21734632,Technology
2021-06-14,MSFT,246.61,249.36,244.41,247.16,40096566,Technology
2021-06-15,MSFT,250.19,254.94,246.5,251.24,23842950,Technology
2021-06-16,MSFT,251.89,253.74,249.71,251.56,36443694,Technology
2021-06-17,MSFT,252.36,256.88,246.75,251.25,25235795,Technology
2021-06-18,MSFT,251.55,254.63,249.12,252.2,28533992,Technology
2021-06-21,MSFT,249.91,254.59,245.05,249.72,36502029,Technology
2021-06-22,MSFT,251.53,255.84,248.42,252.72,22348105,Technology
2021-06-23,MSFT,252.02,255.31,248.18,251.47,25521941,Technology
2021-06-24,MSFT,247.69,251.61,243.01,246.92,29649847,Technology
2021-06-25,MSFT,249.49,253.77,245.45,249.73,35245363,Technology
2021-06-28,MSFT,253.74,257.92,248.34,252.5,28253329,Technology
2021-06-29,MSFT,254.73,258.43,251.89,255.58,25285534,Technology
2021-06-30,MSFT,256.75,260.7,251.74,255.68,29286703,Technology
2021-07-01,MSFT,256.73,259.26,254.75,257.28,30556085,Technology
2021-07-02,MSFT,255.36,258.44,252.97,256.04,36455674,Technology
2021-07-05,MSFT,254.55,255.85,253.15,254.45,37669102,Technology
2021-07-06,MSFT,250.75,253.01,248.24,250.49,35046902,Technology
2021-07-07,MSFT,250.73,254.59,247.01,250.87,28278137,Technology
2021-07-08,MSFT,252.49,256.92,247.42,251.84,27746358,Technology
2021-07-09,MSFT,246.02,248.7,244.41,247.08,22979795,Technology
2021-07-12,MSFT,243.41,247.87,240.06,244.51,28075464,Technology
2021-07-13,MSFT,238.72,243.11,234.83,239.21,37029469,Technology
2021-07-14,MSFT,243.28,247.85,239.34,243.9,36305265,Technology
2021-07-15,MSFT,251.71,256.06,247.63,251.97,25418830,Technology
2021-07-16,MSFT,244.23,247.36,240.09,243.21,34431951,Technology
2021-07-19,MSFT,245.19,247.05,242.88,244.74,29971263,Technology
2021-07-20,MSFT,246.35,249.77,242.36,245.77,31813894,Technology
2021-07-21,MSFT,254.8,259.19,249.86,254.24,33916540,Technology
2021-07-22,MSFT,254.59,256.44,251.9,253.74,40654017,Technology
2021-07-23,MSFT,249.89,251.68,248.13,249.92,26436663,Technology
2021-07-26,MSFT,252.94,257.07,248.26,252.38,23958587,Technology
2021-07-27,MSFT,256.59,262.08,251.93,257.41,37742439,Technology
2021-07-28,MSFT,260.42,263.96,257.33,260.87,24323024,Technology
2021-07-29,MSFT,258.96,260.91,256.6,258.54,32559038,Technology
2021-07-30,MSFT,259.89,262.68,258.11,260.9,22518522,Technology
2021-08-02,MSFT,257.2,261.36,252.51,256.66,22227050,Technology
2021-08-03,MSFT,255.36,259.86,251.94,256.42,39978661,Technology
2021-08-04,MSFT,258.31,263.12,253.0,257.8,40449967,Technology
2021-08-05,MSFT,257.45,261.87,252.2,256.61,32963864,Technology
2021-08-06,MSFT,254.29,257.46,251.85,255.01,27871200,Technology
2021-08-09,MSFT,251.55,256.02,247.92,252.38,26431444,Technology
2021-08-10,MSFT,257.31,261.1,254.22,258.0,33361517,Technology
2021-08-11,MSFT,257.2,262.05,251.72,256.56,34994958,Technology
2021-08-12,MSFT,257.75,261.32,254.21,257.78,24917841,Technology
2021-08-13,MSFT,259.74,265.19,254.96,260.39,22917486,Technology
2021-08-16,MSFT,264.14,269.31,259.85,265.0,28809815,Technology
2021-08-17,MSFT,265.3,267.71,263.86,266.27,24637276,Technology
2021-08-18,MSFT,265.47,267.01,263.51,265.05,38577163,Technology
2021-08-19,MSFT,262.47,265.25,258.72,261.49,25480278,Technology
2021-08-20,MSFT,266.37,269.94,263.74,267.3,34031743,Technology
2021-08-23,MSFT,267.05,270.07,263.74,266.75,36995173,Technology
2021-08-24,MSFT,270.19,273.75,266.29,269.85,40640256,Technology
2021-08-25,MSFT,270.34,273.29,267.78,270.72,36071770,Technology
2021-08-26,MSFT,268.99,273.68,265.18,269.86,28899093,Technology
2021-08-27,MSFT,270.34,273.81,267.09,270.56,24743770,Technology
2021-08-30,MSFT,272.46,277.6,266.62,271.75,31108472,Technology
2021-08-31,MSFT,270.76,274.88,265.59,269.69,23859656,Technology
2021-09-01,MSFT,268.99,271.35,266.53,268.88,37779217,Technology
2021-09-02,MSFT,263.8,265.26,261.07,262.53,30553038,Technology
2021-09-03,MSFT,261.53,264.79,258.81,262.07,24661490,Technology
2021-09-06,MSFT,269.76,274.31,264.01,268.54,29686539,Technology
2021-09-07,MSFT,265.5,270.62,259.54,264.64,31102073,Technology
2021-09-08,MSFT,262.13,266.26,258.17,262.3,32733191,Technology
2021-09-09,MSFT,254.8,256.3,252.81,254.3,22109317,Technology
2021-09-10,MSFT,254.36,258.75,249.16,253.54,25978623,Technology
2021-09-13,MSFT,259.66,262.27,257.1,259.71,33529921,Technology
2021-09-14,MSFT,254.2,256.57,251.61,253.97,27253528,Technology
2021-09-15,MSFT,255.67,258.45,254.18,256.95,23124172,Technology
2021-09-16,MSFT,256.57,260.9,251.08,255.39,29966290,Technology
2021-09-17,MSFT,254.39,258.53,251.16,255.29,32571658,Technology
2021-09-20,MSFT,259.42,261.28,257.27,259.13,40598432,Technology
2021-09-21,MSFT,254.52,256.54,251.84,253.85,21493550,Technology
2021-09-22,MSFT,250.61,254.27,247.95,251.59,28401984,Technology
2021-09-23,MSFT,252.81,255.05,250.89,253.13,29767978,Technology
2021-09-24,MSFT,261.52,264.01,258.63,261.11,40295893,Technology
2021-09-27,MSFT,260.27,263.94,257.4,261.07,26685177,Technology
2021-09-28,MSFT,255.62,260.17,250.89,255.44,30555231,Technology
2021-09-29,MSFT,260.28,262.3,258.39,260.41,26848332,Technology
2021-09-30,MSFT,266.9,272.01,260.79,265.88,22761953,Technology
2021-10-01,MSFT,268.55,272.72,265.13,269.29,29626318,Technology
2021-10-04,MSFT,267.31,272.16,262.39,267.24,28018521,Technology
2021-10-05,MSFT,266.44,268.6,263.48,265.64,34114878,Technology
2021-10-06,MSFT,265.75,269.7,262.56,266.5,28019173,Technology
2021-10-07,MSFT,265.49,270.64,260.29,265.44,29414684,Technology
2021-10-08,MSFT,265.48,268.88,261.35,264.74,28142287,Technology
2021-10-11,MSFT,260.31,262.31,258.09,260.09,34969286,Technology
2021-10-12,MSFT,258.6,262.66,253.58,257.62,28794656,Technology
2021-10-13,MSFT,263.84,265.46,261.03,262.64,30135250,Technology
2021-10-14,MSFT,263.07,266.84,258.86,262.63,32476787,Technology
2021-10-15,MSFT,256.3,258.37,253.58,255.65,37878791,Technology
2021-10-18,MSFT,262.32,265.84,258.83,262.35,23392701,Technology
2021-10-19,MSFT,262.23,264.29,260.59,262.65,27527769,Technology
2021-10-20,MSFT,259.47,264.48,253.75,258.74,34858410,Technology
2021-10-21,MSFT,262.27,266.51,258.92,263.15,41547590,Technology
2021-10-22,MSFT,265.78,269.67,262.96,266.83,31369776,Technology
2021-10-25,MSFT,266.11,270.93,260.28,265.08,21230284,Technology
2021-10-26,MSFT,269.36,274.92,264.43,269.98,21818419,Technology
2021-10-27,MSFT,265.67,270.38,260.02,264.71,33520852,Technology
2021-10-28,MSFT,264.92,268.53,260.49,264.09,37512500,Technology
2021-10-29,MSFT,266.55,271.44,261.52,266.41,41320588,Technology
2021-11-01,MSFT,265.52,271.86,260.22,266.54,38840418,Technology
2021-11-02,MSFT,263.93,267.53,260.63,264.23,33874518,Technology
2021-11-03,MSFT,267.51,269.07,265.93,267.49,39288701,Technology
2021-11-04,MSFT,259.87,262.19,257.74,260.06,40729098,Technology
2021-11-05,MSFT,260.28,263.63,257.31,260.65,30251269,Technology
2021-11-08,MSFT,269.41,272.86,265.61,269.05,37814548,Technology
2021-11-09,MSFT,267.72,270.87,263.73,266.87,32208133,Technology
2021-11-10,MSFT,268.7,271.41,265.58,268.28,36072167,Technology
2021-11-11,MSFT,262.51,267.21,259.0,263.68,24567540,Technology
2021-11-12,MSFT,257.53,260.48,255.14,258.09,35141836,Technology
2021-11-15,MSFT,264.56,265.96,262.5,263.89,26572191,Technology
2021-11-16,MSFT,261.79,264.32,259.19,261.72,25534437,Technology
2021-11-17,MSFT,261.44,267.33,256.66,262.53,30332029,Technology
2021-11-18,MSFT,256.69,261.24,251.84,256.39,27138919,Technology
2021-11-19,MSFT,260.91,263.86,257.42,260.37,41438475,Technology
2021-11-22,MSFT,254.77,259.86,250.08,255.17,41962155,Technology
2021-11-23,MSFT,248.96,251.4,247.7,250.14,38300650,Technology
2021-11-24,MSFT,252.11,255.24,250.1,253.22,25980109,Technology
2021-11-25,MSFT,256.59,259.51,253.08,256.0,34111046,Technology
2021-11-26,MSFT,258.8,261.02,256.57,258.79,40450496,Technology
2021-11-29,MSFT,259.73,264.67,255.26,260.19,41627555,Technology
2021-11-30,MSFT,257.53,262.7,253.5,258.66,21738374,Technology
2021-12-01,MSFT,258.9,260.85,256.37,258.31,24858517,Technology
2021-12-02,MSFT,258.72,263.07,255.44,259.78,40338609,Technology
2021-12-03,MSFT,260.64,263.29,256.94,259.58,40842388,Technology
2021-12-06,MSFT,261.87,263.29,260.54,261.96,21517777,Technology
2021-12-07,MSFT,264.55,269.48,259.57,264.5,22573824,Technology
2021-12-08,MSFT,263.94,266.01,262.18,264.25,40744918,Technology
2021-12-09,MSFT,267.45,271.57,262.37,266.47,28695589,Technology
2021-12-10,MSFT,268.71,270.23,265.93,267.44,21360632,Technology
2021-12-13,MSFT,268.85,274.37,263.68,269.2,21211898,Technology
2021-12-14,MSFT,267.0,271.1,261.64,265.72,41278140,Technology
2021-12-15,MSFT,263.85,266.65,261.89,264.69,32876317,Technology
2021-12-16,MSFT,261.88,265.69,257.45,261.25,24802057,Technology
2021-12-17,MSFT,259.97,265.01,254.58,259.61,38787985,Technology
2021-12-20,MSFT,266.66,270.39,263.17,266.89,41520841,Technology
2021-12-21,MSFT,268.17,271.85,263.52,267.19,41019140,Technology
2021-12-22,MSFT,271.17,275.27,266.94,271.04,21073727,Technology
2021-12-23,MSFT,272.87,275.22,271.34,273.69,24906177,Technology
2021-12-24,MSFT,271.07,274.0,268.68,271.6,28561375,Technology
2021-12-27,MSFT,274.7,278.93,271.59,275.81,21889600,Technology
2021-12-28,MSFT,279.85,284.08,275.52,279.75,30327028,Technology
2021-12-29,MSFT,282.45,286.55,277.44,281.53,29981551,Technology
2021-12-30,MSFT,282.81,286.94,277.41,281.53,38632114,Technology
2021-12-31,MSFT,281.45,284.66,277.84,281.04,24718489,Technology
2022-01-03,MSFT,281.65,285.43,276.54,280.3,31884617,Technology
2022-01-04,MSFT,284.31,289.95,278.93,284.57,41975741,Technology
2022-01-05,MSFT,283.21,288.4,279.33,284.51,33321850,Technology
2022-01-06,MSFT,285.29,289.24,282.69,286.63,38237919,Technology
2022-01-07,MSFT,293.29,295.97,289.75,292.42,27052569,Technology
2022-01-10,MSFT,288.54,290.82,284.91,287.18,28594551,Technology
2022-01-11,MSFT,294.2,298.32,289.76,293.88,32769943,Technology
2022-01-12,MSFT,300.99,306.62,294.85,300.47,29478393,Technology
2022-01-13,MSFT,303.95,310.39,298.5,304.92,32428971,Technology
2022-01-14,MSFT,302.13,307.95,295.94,301.75,38156337,Technology
2022-01-17,MSFT,306.35,310.89,300.79,305.31,40834245,Technology
2022-01-18,MSFT,307.77,311.6,304.97,308.79,31163805,Technology
2022-01-19,MSFT,302.25,307.79,297.56,303.08,21086130,Technology
2022-01-20,MSFT,305.48,308.58,300.97,304.05,35594316,Technology
2022-01-21,MSFT,300.91,305.17,297.59,301.84,28477883,Technology
2022-01-24,MSFT,290.72,294.07,288.53,291.87,40041589,Technology
2022-01-25,MSFT,286.32,293.02,280.6,287.28,22144973,Technology
2022-01-26,MSFT,280.48,283.38,277.69,280.59,25301246,Technology
2022-01-27,MSFT,276.51,279.98,273.88,277.34,37259471,Technology
2022-01-28,MSFT,278.44,282.81,273.7,278.06,29131574,Technology
2022-01-31,MSFT,281.95,287.2,275.4,280.63,24646425,Technology
2022-02-01,MSFT,286.59,288.98,284.13,286.52,22916261,Technology
2022-02-02,MSFT,289.25,292.59,285.67,289.01,31963544,Technology
2022-02-03,MSFT,284.54,287.38,281.59,284.42,41134820,Technology
2022-02-04,MSFT,287.84,290.17,285.07,287.4,21911330,Technology
2022-02-07,MSFT,290.11,291.85,288.22,289.96,23203722,Technology
2022-02-08,MSFT,294.02,296.56,292.45,294.99,32861832,Technology
2022-02-09,MSFT,296.81,302.33,292.19,297.7,35033448,Technology
2022-02-10,MSFT,292.26,294.52,289.67,291.93,29651153,Technology
2022-02-11,MSFT,298.59,303.01,292.72,297.12,40694156,Technology
2022-02-14,MSFT,289.08,290.54,286.51,287.97,22396306,Technology
2022-02-15,MSFT,293.03,299.34,287.38,293.67,29022731,Technology
2022-02-16,MSFT,293.97,296.99,292.1,295.11,36261551,Technology
2022-02-17,MSFT,293.55,299.18,287.61,293.23,36032850,Technology
2022-02-18,MSFT,293.83,299.37,289.0,294.53,21949822,Technology
2022-02-21,MSFT,291.81,293.72,290.34,292.25,26070748,Technology
2022-02-22,MSFT,288.92,291.57,287.21,289.85,23614476,Technology
2022-02-23,MSFT,289.66,296.15,284.24,290.71,32290617,Technology
2022-02-24,MSFT,297.48,301.61,293.22,297.35,23080185,Technology
2022-02-25,MSFT,293.13,297.33,290.26,294.45,29309068,Technology
2022-02-28,MSFT,301.98,304.34,299.43,301.79,35548976,Technology
2022-03-01,MSFT,297.26,301.32,293.4,297.46,29134001,Technology
2022-03-02,MSFT,300.18,306.33,294.89,301.02,36418585,Technology
2022-03-03,MSFT,301.56,306.74,296.63,301.8,27243312,Technology
2022-03-04,MSFT,301.23,306.11,297.6,302.46,21964530,Technology
2022-03-07,MSFT,296.62,299.54,294.64,297.55,31587713,Technology
2022-03-08,MSFT,294.65,300.67,289.42,295.43,40638402,Technology
2022-03-09,MSFT,296.54,302.27,289.49,295.19,38588817,Technology
2022-03-10,MSFT,293.84,298.19,290.77,295.1,32945193,Technology
2022-03-11,MSFT,296.62,300.59,291.63,295.59,41915812,Technology
2022-03-14,MSFT,290.55,294.67,286.88,291.0,24903935,Technology
2022-03-15,MSFT,293.69,295.18,292.17,293.66,32665892,Technology
2022-03-16,MSFT,288.49,293.5,283.47,288.48,40245835,Technology
2022-03-17,MSFT,290.47,294.66,285.31,289.48,24114336,Technology
2022-03-18,MSFT,291.4,296.6,285.7,290.89,24574893,Technology
2022-03-21,MSFT,292.2,294.49,288.68,290.96,21676522,Technology
2022-03-22,MSFT,290.83,294.85,287.36,291.37,34966626,Technology
2022-03-23,MSFT,295.21,300.82,290.02,295.62,29964943,Technology
2022-03-24,MSFT,296.11,301.95,289.44,295.27,39841286,Technology
2022-03-25,MSFT,292.45,296.63,289.06,293.23,29649132,Technology
2022-03-28,MSFT,298.55,304.44,293.85,299.72,26679851,Technology
2022-03-29,MSFT,308.49,310.46,306.73,308.7,38376360,Technology
2022-03-30,MSFT,309.13,310.79,306.93,308.59,40582413,Technology
2022-03-31,MSFT,308.97,311.61,305.73,308.37,41477139,Technology
2022-04-01,MSFT,309.09,315.93,303.08,309.91,23106952,Technology
2022-04-04,MSFT,318.28,320.58,315.35,317.64,36240936,Technology
2022-04-05,MSFT,321.73,327.13,316.87,322.26,24565315,Technology
2022-04-06,MSFT,320.56,325.01,316.16,320.61,36305517,Technology
2022-04-07,MSFT,322.03,326.3,318.29,322.55,27163050,Technology
2022-04-08,MSFT,327.67,331.12,324.99,328.44,22991439,Technology
2022-04-11,MSFT,327.93,332.82,324.58,329.46,24914690,Technology
2022-04-12,MSFT,331.5,337.46,326.13,332.08,35032977,Technology
2022-04-13,MSFT,331.49,336.71,326.0,331.22,41132652,Technology
2022-04-14,MSFT,336.36,338.15,333.77,335.56,41134519,Technology
2022-04-15,MSFT,330.72,337.77,324.79,331.82,27863226,Technology
2022-04-18,MSFT,337.42,339.98,334.52,337.08,35955947,Technology
2022-04-19,MSFT,339.62,342.93,336.18,339.49,35509331,Technology
2022-04-20,MSFT,339.43,343.27,334.4,338.23,37202548,Technology
2022-04-21,MSFT,343.87,345.92,341.4,343.45,25941836,Technology
2022-04-22,MSFT,355.67,360.42,349.32,354.05,39460302,Technology
2022-04-25,MSFT,349.89,354.5,346.02,350.62,25922520,Technology
2022-04-26,MSFT,347.04,352.9,342.53,348.38,32534775,Technology
2022-04-27,MSFT,349.1,351.48,347.35,349.72,25618620,Technology
2022-04-28,MSFT,352.93,359.84,345.24,352.13,28342720,Technology
2022-04-29,MSFT,358.2,360.49,355.85,358.14,25482405,Technology
2022-05-02,MSFT,348.39,352.94,342.7,347.23,33931643,Technology
2022-05-03,MSFT,346.93,351.96,341.76,346.79,40472578,Technology
2022-05-04,MSFT,342.71,349.21,336.17,342.67,27420949,Technology
2022-05-05,MSFT,346.04,351.26,341.92,347.13,34363230,Technology
2022-05-06,MSFT,351.06,356.87,346.67,352.46,25150603,Technology
2022-05-09,MSFT,353.28,357.59,347.63,351.92,32894205,Technology
2022-05-10,MSFT,345.1,350.92,339.85,345.66,32999639,Technology
2022-05-11,MSFT,349.75,353.85,345.1,349.19,22062086,Technology
2022-05-12,MSFT,346.9,351.92,342.6,347.61,27849886,Technology
2022-05-13,MSFT,355.94,364.0,349.03,357.07,27536150,Technology
2022-05-16,MSFT,362.64,367.23,356.76,361.33,29750071,Technology
2022-05-17,MSFT,364.01,369.89,356.86,362.72,27510343,Technology
2022-05-18,MSFT,357.43,361.84,353.54,357.94,38489971,Technology
2022-05-19,MSFT,358.15,360.87,356.12,358.84,35267579,Technology
2022-05-20,MSFT,360.33,365.42,355.47,360.56,32338912,Technology
2022-05-23,MSFT,368.6,371.8,365.66,368.86,31535762,Technology
2022-05-24,MSFT,369.69,377.44,362.84,370.58,39224398,Technology
2022-05-25,MSFT,371.55,378.81,366.1,373.34,36217258,Technology
2022-05-26,MSFT,378.25,380.34,374.3,376.38,39325370,Technology
2022-05-27,MSFT,371.55,375.97,368.04,372.45,29010262,Technology
2022-05-30,MSFT,371.37,375.69,367.53,371.84,27683807,Technology
2022-05-31,MSFT,366.78,373.29,361.53,368.02,38765607,Technology
2022-06-01,MSFT,371.11,377.58,364.73,371.2,38907329,Technology
2022-06-02,MSFT,371.06,376.11,367.83,372.86,34003366,Technology
2022-06-03,MSFT,369.74,374.13,365.1,369.49,39886127,Technology
2022-06-06,MSFT,375.07,382.4,367.25,374.57,37045167,Technology
2022-06-07,MSFT,372.58,376.19,370.25,373.85,36397300,Technology
2022-06-08,MSFT,365.52,369.91,361.33,365.72,27480761,Technology
2022-06-09,MSFT,359.79,366.02,354.71,360.93,34165241,Technology
2022-06-10,MSFT,359.65,363.98,356.91,361.23,27937511,Technology
2022-06-13,MSFT,361.58,364.64,357.13,360.18,22154022,Technology
2022-06-14,MSFT,357.23,359.96,354.33,357.06,31102411,Technology
2022-06-15,MSFT,358.23,362.05,356.19,360.0,41749426,Technology
2022-06-16,MSFT,359.39,365.23,354.04,359.87,30879077,Technology
2022-06-17,MSFT,369.76,373.66,366.43,370.33,34629933,Technology
2022-06-20,MSFT,369.48,377.41,362.74,370.65,38647591,Technology
2022-06-21,MSFT,370.82,374.42,368.29,371.88,21780681,Technology
2022-06-22,MSFT,374.95,377.62,370.73,373.39,30648213,Technology
2022-06-23,MSFT,375.1,377.41,371.08,373.38,39458838,Technology
2022-06-24,MSFT,382.39,388.63,374.53,380.74,25622717,Technology
2022-06-27,MSFT,387.03,393.82,379.52,386.3,39264944,Technology
2022-06-28,MSFT,383.48,390.58,376.98,384.07,37262369,Technology
2022-06-29,MSFT,387.46,391.6,384.0,388.13,23266020,Technology
2022-06-30,MSFT,386.7,394.88,379.34,387.51,31933071,Technology
2022-07-01,MSFT,388.92,393.15,382.93,387.14,28036032,Technology
2022-07-04,MSFT,383.23,389.62,375.5,381.87,30147736,Technology
2022-07-05,MSFT,385.0,389.11,379.95,384.05,40170815,Technology
2022-07-06,MSFT,380.21,387.47,374.0,381.25,39654462,Technology
2022-07-07,MSFT,390.23,394.45,385.71,389.93,38460148,Technology
2022-07-08,MSFT,395.73,398.83,391.52,394.61,33519418,Technology
2022-07-11,MSFT,391.39,399.91,384.19,392.68,29834326,Technology
2022-07-12,MSFT,384.67,393.29,377.94,386.53,23356228,Technology
2022-07-13,MSFT,389.66,398.28,381.92,390.52,41486407,Technology
2022-07-14,MSFT,386.11,389.64,383.12,386.65,36810258,Technology
2022-07-15,MSFT,393.06,398.9,386.9,392.74,32127882,Technology
2022-07-18,MSFT,397.1,405.19,390.09,398.16,30291889,Technology
2022-07-19,MSFT,395.79,398.69,392.51,395.41,26261432,Technology
2022-07-20,MSFT,402.95,407.1,398.92,403.07,21562182,Technology
2022-07-21,MSFT,399.03,401.58,395.75,398.29,30008369,Technology
2022-07-22,MSFT,399.91,407.1,391.96,399.13,21170119,Technology
2022-07-25,MSFT,399.31,406.65,393.62,400.94,37399596,Technology
2022-07-26,MSFT,393.29,401.11,385.36,393.17,35338369,Technology
2022-07-27,MSFT,397.08,400.73,393.68,397.33,38978001,Technology
2022-07-28,MSFT,394.7,398.6,391.74,395.63,30354107,Technology
2022-07-29,MSFT,395.86,402.57,389.65,396.35,40482377,Technology
2022-08-01,MSFT,385.05,388.02,382.58,385.55,35888036,Technology
2022-08-02,MSFT,379.78,382.97,376.01,379.19,24448556,Technology
2022-08-03,MSFT,374.02,377.63,371.84,375.44,40529680,Technology
2022-08-04,MSFT,372.42,377.36,366.39,371.32,27985744,Technology
2022-08-05,MSFT,373.09,378.29,367.91,373.11,40860497,Technology
2022-08-08,MSFT,366.11,372.05,359.35,365.27,21973418,Technology
2022-08-09,MSFT,366.35,371.32,361.5,366.47,40484687,Technology
2022-08-10,MSFT,381.5,385.77,378.12,382.38,29638271,Technology
2022-08-11,MSFT,383.83,388.59,380.51,385.26,39005711,Technology
2022-08-12,MSFT,388.98,394.18,382.4,387.58,38453830,Technology
2022-08-15,MSFT,392.87,396.5,389.06,392.68,22747571,Technology
2022-08-16,MSFT,384.99,392.58,377.78,385.36,29267199,Technology
2022-08-17,MSFT,377.72,381.48,374.12,377.87,26286947,Technology
2022-08-18,MSFT,387.84,391.96,382.57,386.68,38519365,Technology
2022-08-19,MSFT,383.87,387.66,380.2,383.99,39350215,Technology
2022-08-22,MSFT,389.37,391.62,385.61,387.86,25602871,Technology
2022-08-23,MSFT,389.24,395.15,383.02,388.92,32611755,Technology
2022-08-24,MSFT,389.02,397.57,382.06,390.58,28287588,Technology
2022-08-25,MSFT,384.63,389.66,378.43,383.44,25545304,Technology
2022-08-26,MSFT,378.42,385.26,371.97,378.8,24967190,Technology
2022-08-29,MSFT,377.02,384.77,370.84,378.57,31810114,Technology
2022-08-30,MSFT,374.88,377.66,372.65,375.42,33622612,Technology
2022-08-31,MSFT,371.46,376.77,366.5,371.81,30010007,Technology
2022-09-01,MSFT,377.41,380.75,374.24,377.58,41018351,Technology
2022-09-02,MSFT,381.24,389.39,374.47,382.6,21625396,Technology
2022-09-05,MSFT,388.46,395.84,380.98,388.36,32294594,Technology
2022-09-06,MSFT,388.52,395.74,382.03,389.24,31120058,Technology
2022-09-07,MSFT,389.35,396.95,381.09,388.68,24228645,Technology
2022-09-08,MSFT,380.39,384.19,377.73,381.52,37100945,Technology
2022-09-09,MSFT,376.42,381.8,372.87,378.23,40827661,Technology
2022-09-12,MSFT,374.47,379.16,371.64,376.32,25979763,Technology
2022-09-13,MSFT,374.78,378.27,371.58,375.07,40328186,Technology
2022-09-14,MSFT,373.53,380.49,366.74,373.69,29628898,Technology
2022-09-15,MSFT,376.15,382.15,371.14,377.12,22095884,Technology
2022-09-16,MSFT,383.7,392.26,376.38,384.91,25166415,Technology
2022-09-19,MSFT,385.65,390.34,380.99,385.68,21387118,Technology
2022-09-20,MSFT,379.78,382.99,377.04,380.24,35358344,Technology
2022-09-21,MSFT,389.27,392.85,385.99,389.57,32704246,Technology
2022-09-22,MSFT,387.96,395.76,380.85,388.64,23804723,Technology
2022-09-23,MSFT,391.07,395.9,385.3,390.11,23307054,Technology
2022-09-26,MSFT,388.11,394.42,383.7,389.99,21704742,Technology
2022-09-27,MSFT,390.18,395.76,385.4,390.97,38747253,Technology
2022-09-28,MSFT,385.91,391.51,380.49,386.09,29566642,Technology
2022-09-29,MSFT,379.0,385.49,374.28,380.75,39748660,Technology
2022-09-30,MSFT,378.93,387.73,371.36,380.14,23528042,Technology
2022-10-03,MSFT,385.06,387.81,381.69,384.44,34890257,Technology
2022-10-04,MSFT,386.64,393.49,378.84,385.67,30443483,Technology
2022-10-05,MSFT,385.79,391.27,379.59,385.06,31767465,Technology
2022-10-06,MSFT,383.41,388.06,378.2,382.85,32706965,Technology
2022-10-07,MSFT,382.89,388.5,376.85,382.46,36103127,Technology
2022-10-10,MSFT,377.12,382.64,371.53,377.05,35317733,Technology
2022-10-11,MSFT,372.48,377.83,368.11,373.44,21029782,Technology
2022-10-12,MSFT,366.66,371.57,361.42,366.33,41413028,Technology
2022-10-13,MSFT,375.61,379.93,371.7,376.01,25237791,Technology
2022-10-14,MSFT,368.1,370.33,364.88,367.1,26243302,Technology
2022-10-17,MSFT,370.49,375.73,364.57,369.8,30895970,Technology
2022-10-18,MSFT,369.93,376.86,363.22,370.14,26983081,Technology
2022-10-19,MSFT,374.35,381.25,366.12,373.0,24444838,Technology
2022-10-20,MSFT,369.76,373.28,367.77,371.28,27017495,Technology
2022-10-21,MSFT,372.33,379.62,364.82,372.11,28838496,Technology
2022-10-24,MSFT,373.02,380.03,366.18,373.19,27620011,Technology
2022-10-25,MSFT,374.13,381.28,365.7,372.83,38717035,Technology
2022-10-26,MSFT,379.33,384.14,373.44,378.24,24766420,Technology
2022-10-27,MSFT,384.78,390.01,377.72,382.93,27110127,Technology
2022-10-28,MSFT,379.25,385.71,372.83,379.29,21835919,Technology
2022-10-31,MSFT,368.12,375.41,362.07,369.34,34260944,Technology
2022-11-01,MSFT,369.84,372.16,365.88,368.19,27126201,Technology
2022-11-02,MSFT,367.79,372.26,364.7,369.16,40866046,Technology
2022-11-03,MSFT,369.45,375.24,362.78,368.56,31487495,Technology
2022-11-04,MSFT,363.54,369.38,359.13,364.96,32756663,Technology
2022-11-07,MSFT,362.6,365.76,357.74,360.88,37728199,Technology
2022-11-08,MSFT,359.83,365.13,355.8,361.09,37491965,Technology
2022-11-09,MSFT,364.8,368.44,362.31,365.94,25441930,Technology
2022-11-10,MSFT,371.58,376.54,365.57,370.52,27600612,Technology
2022-11-11,MSFT,366.7,369.13,364.4,366.83,36710315,Technology
2022-11-14,MSFT,356.52,360.5,353.55,357.52,40891767,Technology
2022-11-15,MSFT,349.71,356.46,341.28,348.0,37960851,Technology
2022-11-16,MSFT,345.54,349.25,342.84,346.54,28144730,Technology
2022-11-17,MSFT,345.67,349.05,340.74,344.1,37570553,Technology
2022-11-18,MSFT,338.23,344.68,332.87,339.3,40100036,Technology
2022-11-21,MSFT,338.4,345.45,332.51,339.54,39294576,Technology
2022-11-22,MSFT,336.73,341.22,333.67,338.15,34793268,Technology
2022-11-23,MSFT,341.22,347.68,336.17,342.61,27695887,Technology
2022-11-24,MSFT,345.12,351.99,337.66,344.51,36331578,Technology
2022-11-25,MSFT,333.24,337.39,330.51,334.65,26814935,Technology
2022-11-28,MSFT,335.39,339.22,332.46,336.28,25047840,Technology
2022-11-29,MSFT,325.35,330.35,320.92,325.91,38227245,Technology
2022-11-30,MSFT,320.29,322.89,317.8,320.4,21286814,Technology
2022-12-01,MSFT,317.51,322.83,313.63,318.93,41532193,Technology
2022-12-02,MSFT,313.49,318.81,308.2,313.52,22818334,Technology
2022-12-05,MSFT,315.55,319.93,310.37,314.74,25005062,Technology
2022-12-06,MSFT,316.17,320.45,310.92,315.18,37133203,Technology
2022-12-07,MSFT,320.52,325.98,313.87,319.31,40691324,Technology
2022-12-08,MSFT,314.42,317.9,310.72,314.2,37603850,Technology
2022-12-09,MSFT,309.69,314.48,303.4,308.16,21287230,Technology
2022-12-12,MSFT,303.12,306.93,299.99,303.79,26508632,Technology
2022-12-13,MSFT,305.71,308.26,302.53,305.07,22779948,Technology
2022-12-14,MSFT,306.53,311.47,301.01,305.94,26266886,Technology
2022-12-15,MSFT,303.74,306.41,300.68,303.35,37005593,Technology
2022-12-16,MSFT,311.54,317.19,304.82,310.45,41262542,Technology
2022-12-19,MSFT,315.8,320.13,310.19,314.51,37978778,Technology
2022-12-20,MSFT,310.14,317.4,304.43,311.66,41283962,Technology
2022-12-21,MSFT,315.51,319.33,310.76,314.57,23671286,Technology
2022-12-22,MSFT,306.12,310.18,302.77,306.82,27124834,Technology
2022-12-23,MSFT,309.15,311.27,306.1,308.21,21194088,Technology
2022-12-26,MSFT,310.99,315.03,307.98,312.01,33369817,Technology
2022-12-27,MSFT,314.71,318.25,311.94,315.47,31255101,Technology
2022-12-28,MSFT,319.1,325.05,314.38,320.31,24685740,Technology
2022-12-29,MSFT,314.95,317.69,310.73,313.46,29340202,Technology
2022-12-30,MSFT,320.17,325.49,315.69,321.0,31299650,Technology
2023-01-02,MSFT,317.73,321.17,315.79,319.22,30843404,Technology
2023-01-03,MSFT,321.32,326.03,317.79,322.49,35439630,Technology
2023-01-04,MSFT,318.95,325.63,312.6,319.28,34115731,Technology
2023-01-05,MSFT,316.73,322.89,309.54,315.68,30734596,Technology
2023-01-06,MSFT,315.17,321.43,310.11,316.35,31754180,Technology
2023-01-09,MSFT,321.88,325.94,318.92,322.97,29951899,Technology
2023-01-10,MSFT,332.16,334.47,329.19,331.5,30581040,Technology
2023-01-11,MSFT,331.34,336.83,327.04,332.52,23935204,Technology
2023-01-12,MSFT,336.85,341.48,330.61,335.22,23021262,Technology
2023-01-13,MSFT,340.19,343.35,335.79,338.94,22517712,Technology
2023-01-16,MSFT,335.69,341.78,329.52,335.61,29573602,Technology
2023-01-17,MSFT,333.06,336.96,329.85,333.74,27421854,Technology
2023-01-18,MSFT,326.86,332.83,320.17,326.13,35064183,Technology
2023-01-19,MSFT,313.89,319.99,308.56,314.65,33978899,Technology
2023-01-20,MSFT,313.09,316.82,308.49,312.21,27494378,Technology
2023-01-23,MSFT,315.3,319.92,309.5,314.1,29445160,Technology
2023-01-24,MSFT,317.72,319.63,315.76,317.67,28265422,Technology
2023-01-25,MSFT,311.83,316.53,305.75,310.43,31197774,Technology
2023-01-26,MSFT,306.2,309.87,302.06,305.73,23173447,Technology
2023-01-27,MSFT,303.09,305.76,299.17,301.83,35068794,Technology
2023-01-30,MSFT,303.45,305.93,301.87,304.35,35339582,Technology
2023-01-31,MSFT,307.25,312.31,301.17,306.21,27135712,Technology
2023-02-01,MSFT,303.57,309.33,297.66,303.41,35627319,Technology
2023-02-02,MSFT,301.01,306.37,296.81,302.15,41225407,Technology
2023-02-03,MSFT,308.26,311.13,306.15,309.02,38086185,Technology
2023-02-06,MSFT,305.57,309.93,300.19,304.54,31830459,Technology
2023-02-07,MSFT,308.46,311.75,303.89,307.16,21761298,Technology
2023-02-08,MSFT,314.66,321.14,309.05,315.51,38823462,Technology
2023-02-09,MSFT,311.03,313.23,308.58,310.78,39650266,Technology
2023-02-10,MSFT,309.15,312.89,304.66,308.39,37898103,Technology
2023-02-13,MSFT,308.51,313.46,302.27,307.2,30383518,Technology
2023-02-14,MSFT,311.41,315.2,309.04,312.82,26175657,Technology
2023-02-15,MSFT,298.39,300.52,296.09,298.22,24883852,Technology
2023-02-16,MSFT,296.05,299.09,294.4,297.43,38462959,Technology
2023-02-17,MSFT,294.42,298.93,290.34,294.84,39778788,Technology
2023-02-20,MSFT,294.74,296.52,291.55,293.33,33942127,Technology
2023-02-21,MSFT,294.55,296.83,291.74,294.02,37031006,Technology
2023-02-22,MSFT,298.24,301.65,293.77,297.17,24165380,Technology
2023-02-23,MSFT,296.42,300.36,293.7,297.63,25428434,Technology
2023-02-24,MSFT,298.75,301.31,294.96,297.51,22640303,Technology
2023-02-27,MSFT,298.45,301.86,294.95,298.35,39872554,Technology
2023-02-28,MSFT,305.49,311.59,298.64,304.72,41386610,Technology
2023-03-01,MSFT,307.07,312.23,300.51,305.65,35852685,Technology
2023-03-02,MSFT,308.28,310.49,306.37,308.58,34578542,Technology
2023-03-03,MSFT,305.18,309.01,302.05,305.87,33125384,Technology
2023-03-06,MSFT,308.26,315.59,302.4,309.7,37153855,Technology
2023-03-07,MSFT,308.55,313.44,302.26,307.13,40544935,Technology
2023-03-08,MSFT,312.96,318.1,307.76,312.9,25289618,Technology
2023-03-09,MSFT,313.97,318.11,309.01,313.14,39809053,Technology
2023-03-10,MSFT,306.32,312.44,301.16,307.26,33593412,Technology
2023-03-13,MSFT,304.66,309.22,301.62,306.16,25204639,Technology
2023-03-14,MSFT,317.83,319.96,314.62,316.74,26428631,Technology
2023-03-15,MSFT,316.63,319.57,312.26,315.18,28960821,Technology
2023-03-16,MSFT,318.5,320.83,316.86,319.19,23505291,Technology
2023-03-17,MSFT,314.76,318.17,312.7,316.1,33458448,Technology
2023-03-20,MSFT,317.35,320.28,314.86,317.79,39102372,Technology
2023-03-21,MSFT,315.91,319.5,311.02,314.6,31456699,Technology
2023-03-22,MSFT,312.6,316.03,308.4,311.82,22536677,Technology
2023-03-23,MSFT,312.15,314.13,309.7,311.68,31225754,Technology
2023-03-24,MSFT,308.65,313.85,302.19,307.37,29155704,Technology
2023-03-27,MSFT,308.73,313.04,304.42,308.73,41613823,Technology
2023-03-28,MSFT,312.18,317.63,305.47,310.9,26341141,Technology
2023-03-29,MSFT,305.66,311.46,300.59,306.38,25383593,Technology
2023-03-30,MSFT,311.9,319.42,305.92,313.41,41273162,Technology
2023-03-31,MSFT,308.88,311.12,305.67,307.9,26794373,Technology
2023-04-03,MSFT,315.66,319.81,312.42,316.56,33295794,Technology
2023-04-04,MSFT,313.34,316.54,309.65,312.85,21328593,Technology
2023-04-05,MSFT,303.68,306.72,301.87,304.9,29798867,Technology
2023-04-06,MSFT,307.76,313.06,301.29,306.57,26141025,Technology
2023-04-07,MSFT,305.54,309.7,300.57,304.72,27065418,Technology
2023-04-10,MSFT,303.35,306.73,299.9,303.28,23832371,Technology
2023-04-11,MSFT,297.52,300.17,295.92,298.56,34163926,Technology
2023-04-12,MSFT,302.67,305.46,300.82,303.61,28094931,Technology
2023-04-13,MSFT,308.26,311.12,306.36,309.21,40136665,Technology
2023-04-14,MSFT,316.73,318.41,314.57,316.24,29072587,Technology
2023-04-17,MSFT,315.92,320.69,310.88,315.64,25693473,Technology
2023-04-18,MSFT,310.65,316.18,305.15,310.68,38273256,Technology
2023-04-19,MSFT,318.83,322.37,313.77,317.29,37180276,Technology
2023-04-20,MSFT,316.32,322.48,310.11,316.27,30947513,Technology
2023-04-21,MSFT,324.29,329.59,317.78,323.06,41247061,Technology
2023-04-24,MSFT,329.87,333.13,325.64,328.89,25423557,Technology
2023-04-25,MSFT,331.76,337.22,327.39,332.83,28295344,Technology
2023-04-26,MSFT,341.59,349.3,335.11,342.8,34280418,Technology
2023-04-27,MSFT,344.46,350.57,339.67,345.77,27845559,Technology
2023-04-28,MSFT,343.52,349.23,338.9,344.6,37813096,Technology
2023-05-01,MSFT,344.98,352.74,338.22,345.97,24925151,Technology
2023-05-02,MSFT,345.5,349.59,340.57,344.65,26913612,Technology
2023-05-03,MSFT,345.63,347.46,343.66,345.49,41088611,Technology
2023-05-04,MSFT,342.91,346.91,339.18,343.18,41346936,Technology
2023-05-05,MSFT,350.41,355.81,344.25,349.64,32816742,Technology
2023-05-08,MSFT,342.72,349.44,335.36,342.07,39795687,Technology
2023-05-09,MSFT,339.55,344.81,333.5,338.75,27098629,Technology
2023-05-10,MSFT,336.38,339.59,332.23,335.43,27230832,Technology
2023-05-11,MSFT,339.21,344.63,334.65,340.06,38156650,Technology
2023-05-12,MSFT,346.53,348.84,343.09,345.39,33657325,Technology
2023-05-15,MSFT,342.77,345.44,339.96,342.63,26932475,Technology
2023-05-16,MSFT,343.68,347.58,340.29,344.19,22329704,Technology
2023-05-17,MSFT,347.72,356.27,340.84,349.36,34912434,Technology
2023-05-18,MSFT,344.67,348.31,340.53,344.17,28481213,Technology
2023-05-19,MSFT,347.68,352.93,341.64,346.88,35501605,Technology
2023-05-22,MSFT,354.21,356.59,351.29,353.66,26879738,Technology
2023-05-23,MSFT,357.2,359.44,355.26,357.5,30104405,Technology
2023-05-24,MSFT,367.04,371.45,361.89,366.29,27485719,Technology
2023-05-25,MSFT,362.68,367.82,359.15,364.28,35423245,Technology
2023-05-26,MSFT,357.75,363.13,352.91,358.29,35808968,Technology
2023-05-29,MSFT,354.67,359.41,350.04,354.78,31737815,Technology
2023-05-30,MSFT,358.74,363.96,352.96,358.17,27068114,Technology
2023-05-31,MSFT,362.04,365.87,359.47,363.29,34427208,Technology
2023-06-01,MSFT,366.31,373.27,359.68,366.64,24559923,Technology
2023-06-02,MSFT,365.35,371.32,358.19,364.14,39492231,Technology
2023-06-05,MSFT,356.18,361.2,349.9,354.9,21323714,Technology
2023-06-06,MSFT,354.17,357.97,351.83,355.62,35964698,Technology
2023-06-07,MSFT,348.46,350.58,346.35,348.47,30926844,Technology
2023-06-08,MSFT,351.58,354.98,346.9,350.28,24579097,Technology
2023-06-09,MSFT,356.87,360.54,352.23,355.89,21638868,Technology
2023-06-12,MSFT,355.19,360.55,348.73,354.07,40577624,Technology
2023-06-13,MSFT,350.95,357.97,344.58,351.59,33313646,Technology
2023-06-14,MSFT,352.05,355.07,349.88,352.9,22978669,Technology
2023-06-15,MSFT,345.2,348.56,340.56,343.91,28290503,Technology
2023-06-16,MSFT,342.51,347.34,337.91,342.74,30637247,Technology
2023-06-19,MSFT,333.41,340.62,326.89,334.09,34173813,Technology
2023-06-20,MSFT,334.18,339.44,330.4,335.65,31275947,Technology
2023-06-21,MSFT,345.14,352.49,339.2,346.53,22461428,Technology
2023-06-22,MSFT,345.15,347.67,341.73,344.24,36203903,Technology
2023-06-23,MSFT,350.35,355.18,345.63,350.46,39654842,Technology
2023-06-26,MSFT,353.49,359.32,346.58,352.39,38078508,Technology
2023-06-27,MSFT,353.29,358.61,348.12,353.44,39158232,Technology
2023-06-28,MSFT,355.32,363.76,348.61,357.02,22082652,Technology
2023-06-29,MSFT,355.93,363.63,349.03,356.72,39340758,Technology
2023-06-30,MSFT,348.37,353.49,344.6,349.7,22689307,Technology
2023-07-03,MSFT,347.91,351.34,345.35,348.78,31258885,Technology
2023-07-04,MSFT,354.51,360.01,347.31,352.79,30271641,Technology
2023-07-05,MSFT,354.76,359.29,350.15,354.68,32328121,Technology
2023-07-06,MSFT,345.93,352.08,341.51,347.64,21036221,Technology
2023-07-07,MSFT,350.66,354.34,348.39,352.06,35802835,Technology
2023-07-10,MSFT,350.13,352.96,345.93,348.75,40500732,Technology
2023-07-11,MSFT,348.11,354.95,339.78,346.59,26709654,Technology
2023-07-12,MSFT,347.73,353.27,343.33,348.86,37930402,Technology
2023-07-13,MSFT,346.09,352.43,338.56,344.88,30100705,Technology
2023-07-14,MSFT,341.67,348.67,336.07,343.05,21845140,Technology
2023-07-17,MSFT,341.28,347.1,335.72,341.53,41906534,Technology
2023-07-18,MSFT,344.91,347.14,341.47,343.69,31079644,Technology
2023-07-19,MSFT,338.38,344.27,331.44,337.31,40235832,Technology
2023-07-20,MSFT,347.82,351.11,342.98,346.26,24185006,Technology
2023-07-21,MSFT,346.25,348.65,344.09,346.49,38394782,Technology
2023-07-24,MSFT,351.16,355.41,345.77,350.01,36323422,Technology
2023-07-25,MSFT,355.33,358.22,350.86,353.74,22276404,Technology
2023-07-26,MSFT,356.69,363.99,350.1,357.39,31503109,Technology
2023-07-27,MSFT,360.68,365.97,356.59,361.87,28521084,Technology
2023-07-28,MSFT,359.5,363.42,356.66,360.57,24928193,Technology
2023-07-31,MSFT,365.56,370.07,359.97,364.47,32948370,Technology
2023-08-01,MSFT,357.03,363.6,349.98,356.54,35476142,Technology
2023-08-02,MSFT,359.07,364.64,353.68,359.25,35476115,Technology
2023-08-03,MSFT,360.74,362.92,357.28,359.45,37334055,Technology
2023-08-04,MSFT,364.75,367.92,360.61,363.77,21265494,Technology
2023-08-07,MSFT,360.26,364.82,357.28,361.83,37384765,Technology
2023-08-08,MSFT,355.03,360.83,348.14,353.92,21094115,Technology
2023-08-09,MSFT,349.98,354.36,344.89,349.26,24263423,Technology
2023-08-10,MSFT,345.81,352.37,340.71,347.25,24807842,Technology
2023-08-11,MSFT,358.05,362.4,353.16,357.5,24063251,Technology
2023-08-14,MSFT,364.13,368.05,361.3,365.21,26012716,Technology
2023-08-15,MSFT,359.43,362.83,356.41,359.81,34729582,Technology
2023-08-16,MSFT,364.16,368.37,358.96,363.16,36104638,Technology
2023-08-17,MSFT,367.04,371.24,364.51,368.7,39436772,Technology
2023-08-18,MSFT,360.36,363.87,358.13,361.63,21464798,Technology
2023-08-21,MSFT,357.28,362.43,351.84,356.99,41724976,Technology
2023-08-22,MSFT,344.86,351.49,338.55,345.17,28803302,Technology
2023-08-23,MSFT,344.62,349.09,341.36,345.82,23899756,Technology
2023-08-24,MSFT,340.56,344.27,338.18,341.88,26050752,Technology
2023-08-25,MSFT,339.31,342.57,334.51,337.75,33147938,Technology
2023-08-28,MSFT,340.95,348.15,334.19,341.39,30610159,Technology
2023-08-29,MSFT,334.54,338.91,331.24,335.6,24006458,Technology
2023-08-30,MSFT,345.21,351.83,336.95,343.54,21943099,Technology
2023-08-31,MSFT,336.61,339.31,334.17,336.87,24913003,Technology
2023-09-01,MSFT,334.25,339.0,330.75,335.49,30586746,Technology
2023-09-04,MSFT,341.01,344.62,337.92,341.52,22980565,Technology
2023-09-05,MSFT,346.69,350.65,341.08,345.02,27905493,Technology
2023-09-06,MSFT,343.23,349.46,335.85,342.06,40993226,Technology
2023-09-07,MSFT,340.23,345.96,333.97,339.69,38988273,Technology
2023-09-08,MSFT,340.23,342.45,338.14,340.36,41774381,Technology
2023-09-11,MSFT,340.72,346.36,333.54,339.15,37372321,Technology
2023-09-12,MSFT,351.11,357.47,344.04,350.39,36970542,Technology
2023-09-13,MSFT,354.24,358.79,348.21,352.74,38325817,Technology
2023-09-14,MSFT,349.82,356.0,343.05,349.22,27396178,Technology
2023-09-15,MSFT,345.11,347.02,341.71,343.61,33308527,Technology
2023-09-18,MSFT,339.58,344.01,336.36,340.78,38419986,Technology
2023-09-19,MSFT,341.31,347.3,334.27,340.24,34546736,Technology
2023-09-20,MSFT,335.77,339.96,332.25,336.43,21179650,Technology
2023-09-21,MSFT,331.8,339.0,325.99,333.17,34245854,Technology
2023-09-22,MSFT,330.61,334.76,326.37,330.52,40460969,Technology
2023-09-25,MSFT,335.47,337.31,332.73,334.56,22093100,Technology
2023-09-26,MSFT,339.24,341.37,337.35,339.48,22324578,Technology
2023-09-27,MSFT,332.07,337.66,326.38,331.97,21609814,Technology
2023-09-28,MSFT,337.6,339.49,335.33,337.22,37928348,Technology
2023-09-29,MSFT,333.33,337.19,329.3,333.15,37796418,Technology
2023-10-02,MSFT,330.27,335.87,325.59,331.18,33874092,Technology
2023-10-03,MSFT,333.17,337.98,327.6,332.39,34038357,Technology
2023-10-04,MSFT,333.64,341.19,327.12,334.65,40972904,Technology
2023-10-05,MSFT,344.23,348.73,339.15,343.64,23088693,Technology
2023-10-06,MSFT,333.89,337.47,329.42,332.99,35845131,Technology
2023-10-09,MSFT,335.43,337.31,333.39,335.27,22853842,Technology
2023-10-10,MSFT,330.53,337.12,322.66,329.22,21442693,Technology
2023-10-11,MSFT,327.08,332.93,319.89,325.71,28424512,Technology
2023-10-12,MSFT,326.7,332.05,321.54,326.89,34759882,Technology
2023-10-13,MSFT,331.94,335.89,328.59,332.53,29913111,Technology
2023-10-16,MSFT,334.54,336.94,331.04,333.44,28322655,Technology
2023-10-17,MSFT,334.64,338.32,329.66,333.33,31429100,Technology
2023-10-18,MSFT,337.83,342.28,331.86,336.29,39621254,Technology
2023-10-19,MSFT,330.16,332.74,327.67,330.25,41397220,Technology
2023-10-20,MSFT,329.62,333.53,326.13,330.04,25095634,Technology
2023-10-23,MSFT,323.91,326.09,320.96,323.13,37170639,Technology
2023-10-24,MSFT,326.91,333.3,319.65,326.02,26110402,Technology
2023-10-25,MSFT,331.72,333.58,328.27,330.12,28149464,Technology
2023-10-26,MSFT,332.97,336.19,328.41,331.62,33287097,Technology
2023-10-27,MSFT,328.04,330.74,324.08,326.77,41860577,Technology
2023-10-30,MSFT,326.12,328.17,322.89,324.94,29200829,Technology
2023-10-31,MSFT,329.69,333.93,324.11,328.33,41440963,Technology
2023-11-01,MSFT,340.18,344.21,337.14,341.16,22690847,Technology
2023-11-02,MSFT,336.36,342.54,331.84,338.0,29649864,Technology
2023-11-03,MSFT,325.22,327.52,323.24,325.53,21838575,Technology
2023-11-06,MSFT,320.99,327.56,315.36,321.92,27894482,Technology
2023-11-07,MSFT,325.63,331.51,318.97,324.83,25599805,Technology
2023-11-08,MSFT,328.35,330.35,325.65,327.64,29204753,Technology
2023-11-09,MSFT,325.67,331.22,320.3,325.85,28266050,Technology
2023-11-10,MSFT,327.05,330.9,322.4,326.24,39946626,Technology
2023-11-13,MSFT,329.48,331.37,327.51,329.4,21689544,Technology
2023-11-14,MSFT,323.73,327.62,318.61,322.49,28593395,Technology
2023-11-15,MSFT,318.76,324.81,312.3,318.34,40617262,Technology
2023-11-16,MSFT,314.06,320.47,308.92,315.31,25854178,Technology
2023-11-17,MSFT,306.63,311.0,303.28,307.64,31393143,Technology
2023-11-20,MSFT,311.88,315.64,306.71,310.46,30108285,Technology
2023-11-21,MSFT,310.39,315.6,303.83,309.02,39416765,Technology
2023-11-22,MSFT,304.26,306.74,301.79,304.27,28302535,Technology
2023-11-23,MSFT,305.06,308.85,301.7,305.49,38353543,Technology
2023-11-24,MSFT,310.32,313.98,306.59,310.25,41631394,Technology
2023-11-27,MSFT,309.47,311.34,307.64,309.51,37255295,Technology
2023-11-28,MSFT,316.04,318.34,313.4,315.69,26028760,Technology
2023-11-29,MSFT,312.76,318.94,307.13,313.3,27910319,Technology
2023-11-30,MSFT,311.59,316.95,307.24,312.58,26982661,Technology
2023-12-01,MSFT,317.8,321.85,314.22,318.27,32022421,Technology
2023-12-04,MSFT,321.03,325.52,316.33,320.82,34737534,Technology
2023-12-05,MSFT,323.72,328.05,320.61,324.93,36976958,Technology
2023-12-06,MSFT,318.23,324.68,312.58,319.01,29548931,Technology
2023-12-07,MSFT,322.15,326.17,318.02,322.04,34849293,Technology
2023-12-08,MSFT,324.66,326.49,322.12,323.94,22301391,Technology
2023-12-11,MSFT,320.42,324.27,315.53,319.37,30475521,Technology
2023-12-12,MSFT,317.73,320.03,313.91,316.2,39674994,Technology
2023-12-13,MSFT,321.36,326.97,316.04,321.64,24860760,Technology
2023-12-14,MSFT,324.8,331.01,318.48,324.69,38899464,Technology
2023-12-15,MSFT,324.95,328.79,321.66,325.49,41696350,Technology
2023-12-18,MSFT,319.95,325.22,315.85,321.1,25613168,Technology
2023-12-19,MSFT,317.89,323.26,314.0,319.35,30713213,Technology
2023-12-20,MSFT,328.16,331.86,323.56,327.25,28453781,Technology
2023-12-21,MSFT,330.69,338.3,324.16,331.75,33410720,Technology
2023-12-22,MSFT,331.78,333.89,328.91,331.01,41889827,Technology
2023-12-25,MSFT,328.62,334.3,322.76,328.44,31179568,Technology
2023-12-26,MSFT,325.66,331.37,318.57,324.25,41773337,Technology
2023-12-27,MSFT,322.78,326.31,317.68,321.2,24274451,Technology
2023-12-28,MSFT,319.36,323.5,316.55,320.68,26706508,Technology
2023-12-29,MSFT,325.73,331.11,319.22,324.58,37356745,Technology
2021-01-04,GOOGL,85.01,86.24,83.77,85.0,33490604,Technology
2021-01-05,GOOGL,86.28,87.22,85.06,85.99,32872925,Technology
2021-01-06,GOOGL,83.51,84.8,82.19,83.48,36950488,Technology
2021-01-07,GOOGL,82.1,82.92,81.38,82.2,34841794,Technology
2021-01-08,GOOGL,84.91,85.96,83.53,84.58,26389426,Technology
2021-01-11,GOOGL,85.57,86.47,84.34,85.24,28701658,Technology
2021-01-12,GOOGL,86.5,87.74,85.4,86.64,25022730,Technology
2021-01-13,GOOGL,83.33,84.89,82.09,83.65,36833743,Technology
2021-01-14,GOOGL,82.1,83.72,80.73,82.35,33202790,Technology
2021-01-15,GOOGL,81.61,83.02,80.46,81.87,24954788,Technology
2021-01-18,GOOGL,83.47,84.4,82.37,83.3,32118978,Technology
2021-01-19,GOOGL,84.19,85.28,82.87,83.96,34455579,Technology
2021-01-20,GOOGL,86.53,87.76,85.05,86.28,26151562,Technology
2021-01-21,GOOGL,87.73,89.33,86.03,87.63,35718324,Technology
2021-01-22,GOOGL,86.72,88.11,85.58,86.96,30231238,Technology
2021-01-25,GOOGL,88.95,89.89,87.83,88.77,28925558,Technology
2021-01-26,GOOGL,88.88,90.44,87.16,88.72,33017070,Technology
2021-01-27,GOOGL,90.51,91.26,89.33,90.07,36096834,Technology
2021-01-28,GOOGL,90.06,91.73,88.54,90.21,30098380,Technology
2021-01-29,GOOGL,92.41,93.06,91.72,92.37,22459429,Technology
2021-02-01,GOOGL,90.29,91.49,88.96,90.16,27247840,Technology
2021-02-02,GOOGL,95.15,96.34,93.61,94.79,21727837,Technology
2021-02-03,GOOGL,94.01,95.91,92.42,94.32,20319476,Technology
2021-02-04,GOOGL,93.22,93.95,92.25,92.97,27540471,Technology
2021-02-05,GOOGL,91.33,92.98,89.66,91.31,20036106,Technology
2021-02-08,GOOGL,91.27,93.07,89.83,91.63,35071840,Technology
2021-02-09,GOOGL,91.65,92.48,90.96,91.79,34520920,Technology
2021-02-10,GOOGL,91.9,93.8,90.13,92.02,35856244,Technology
2021-02-11,GOOGL,93.71,94.45,92.69,93.42,32486883,Technology
2021-02-12,GOOGL,94.17,95.1,93.43,94.36,22182709,Technology
2021-02-15,GOOGL,91.72,92.98,90.73,91.99,32222359,Technology
2021-02-16,GOOGL,93.46,95.79,91.6,93.92,30202028,Technology
2021-02-17,GOOGL,94.49,95.78,92.82,94.1,29517704,Technology
2021-02-18,GOOGL,94.97,96.25,93.72,95.0,24870524,Technology
2021-02-19,GOOGL,94.1,94.74,93.55,94.19,20630792,Technology
2021-02-22,GOOGL,95.72,97.17,94.45,95.9,30058607,Technology
2021-02-23,GOOGL,96.97,97.65,95.87,96.55,37132616,Technology
2021-02-24,GOOGL,98.22,99.14,97.45,98.37,31624458,Technology
2021-02-25,GOOGL,99.55,100.33,98.91,99.69,24521800,Technology
2021-02-26,GOOGL,102.04,103.95,99.78,101.68,30964721,Technology
2021-03-01,GOOGL,102.94,104.26,101.19,102.5,37875584,Technology
2021-03-02,GOOGL,102.9,105.31,100.89,103.29,22746933,Technology
2021-03-03,GOOGL,101.91,103.45,100.33,101.87,19961931,Technology
2021-03-04,GOOGL,104.24,104.86,103.22,103.84,36629867,Technology
2021-03-05,GOOGL,103.21,104.28,101.74,102.81,31236031,Technology
2021-03-08,GOOGL,101.18,102.98,99.45,101.25,21822607,Technology
2021-03-09,GOOGL,102.2,103.42,101.02,102.24,30398506,Technology
2021-03-10,GOOGL,102.45,103.12,101.28,101.95,24385081,Technology
2021-03-11,GOOGL,100.67,101.47,99.84,100.64,30129280,Technology
2021-03-12,GOOGL,100.23,101.39,98.8,99.96,29726426,Technology
2021-03-15,GOOGL,99.04,100.44,97.42,98.82,20090491,Technology
2021-03-16,GOOGL,98.41,99.74,96.7,98.03,19940819,Technology
2021-03-17,GOOGL,99.14,100.24,97.63,98.72,26521826,Technology
2021-03-18,GOOGL,98.59,99.76,96.95,98.12,23506747,Technology
2021-03-19,GOOGL,98.22,98.81,97.28,97.87,36621920,Technology
2021-03-22,GOOGL,97.68,98.86,96.49,97.67,35981804,Technology
2021-03-23,GOOGL,96.99,98.78,95.43,97.22,19931109,Technology
2021-03-24,GOOGL,100.37,101.59,98.79,100.01,37158359,Technology
2021-03-25,GOOGL,98.46,100.36,96.19,98.09,30968853,Technology
2021-03-26,GOOGL,97.18,98.31,95.78,96.91,34100504,Technology
2021-03-29,GOOGL,96.62,98.29,95.36,97.02,37751194,Technology
2021-03-30,GOOGL,94.12,95.37,93.01,94.25,31939520,Technology
2021-03-31,GOOGL,92.41,94.08,91.01,92.68,36004001,Technology
2021-04-01,GOOGL,94.31,95.49,93.43,94.61,27565437,Technology
2021-04-02,GOOGL,95.23,96.75,93.28,94.79,35461912,Technology
2021-04-05,GOOGL,93.86,96.0,92.07,94.2,20995065,Technology
2021-04-06,GOOGL,94.83,96.3,93.56,95.03,35829877,Technology
2021-04-07,GOOGL,94.7,96.13,92.84,94.26,24593930,Technology
2021-04-08,GOOGL,95.21,96.38,94.04,95.21,24287865,Technology
2021-04-09,GOOGL,95.0,96.37,93.68,95.05,28355742,Technology
2021-04-12,GOOGL,95.07,96.53,94.08,95.53,29833066,Technology
2021-04-13,GOOGL,96.83,98.3,95.86,97.32,25635696,Technology
2021-04-14,GOOGL,95.66,96.64,94.78,95.76,22184298,Technology
2021-04-15,GOOGL,94.32,95.51,92.95,94.14,31951637,Technology
2021-04-16,GOOGL,96.11,97.8,94.47,96.16,29774197,Technology
2021-04-19,GOOGL,97.56,99.3,95.89,97.63,33351347,Technology
2021-04-20,GOOGL,96.63,97.82,95.52,96.71,34500030,Technology
2021-04-21,GOOGL,95.75,96.63,95.02,95.9,23993776,Technology
2021-04-22,GOOGL,92.29,93.5,91.33,92.54,30956350,Technology
2021-04-23,GOOGL,91.73,93.29,89.92,91.47,26744218,Technology
2021-04-26,GOOGL,91.18,92.99,89.28,91.09,27428245,Technology
2021-04-27,GOOGL,91.08,92.68,89.28,90.87,34285796,Technology
2021-04-28,GOOGL,91.31,92.07,90.58,91.34,36491831,Technology
2021-04-29,GOOGL,89.38,90.5,88.1,89.22,31123501,Technology
2021-04-30,GOOGL,90.15,91.93,88.56,90.34,30879315,Technology
2021-05-03,GOOGL,89.72,90.33,88.94,89.55,33946569,Technology
2021-05-04,GOOGL,90.14,90.65,89.47,89.98,27727927,Technology
2021-05-05,GOOGL,91.49,92.19,90.86,91.56,23406965,Technology
2021-05-06,GOOGL,89.43,90.54,88.43,89.53,34072476,Technology
2021-05-07,GOOGL,86.72,88.16,85.19,86.63,20044662,Technology
2021-05-10,GOOGL,86.08,87.71,84.29,85.92,20270230,Technology
2021-05-11,GOOGL,86.98,88.75,85.48,87.24,30952735,Technology
2021-05-12,GOOGL,87.17,88.29,86.12,87.24,37038388,Technology
2021-05-13,GOOGL,84.98,86.33,84.0,85.34,38154119,Technology
2021-05-14,GOOGL,88.83,90.5,87.0,88.67,28770693,Technology
2021-05-17,GOOGL,92.13,92.72,91.27,91.86,21079367,Technology
2021-05-18,GOOGL,92.49,93.05,91.9,92.46,22738513,Technology
2021-05-19,GOOGL,92.74,93.28,92.27,92.81,22289457,Technology
2021-05-20,GOOGL,91.34,92.41,90.66,91.73,23619837,Technology
2021-05-21,GOOGL,90.59,92.02,88.89,90.31,28469659,Technology
2021-05-24,GOOGL,88.84,90.38,87.72,89.26,20958598,Technology
2021-05-25,GOOGL,91.53,92.34,90.68,91.49,34095202,Technology
2021-05-26,GOOGL,88.12,89.46,86.88,88.22,21919151,Technology
2021-05-27,GOOGL,84.85,86.39,83.43,84.97,34026658,Technology
2021-05-28,GOOGL,87.46,88.57,86.14,87.25,37382875,Technology
2021-05-31,GOOGL,87.03,88.67,85.36,87.0,29625563,Technology
2021-06-01,GOOGL,86.19,86.96,85.05,85.82,28575215,Technology
2021-06-02,GOOGL,87.32,87.98,86.72,87.38,22090243,Technology
2021-06-03,GOOGL,87.1,88.19,85.96,87.05,26220012,Technology
2021-06-04,GOOGL,88.81,89.35,87.88,88.42,34757721,Technology
2021-06-07,GOOGL,89.8,91.5,88.22,89.92,34512288,Technology
2021-06-08,GOOGL,88.12,89.47,87.04,88.38,22038698,Technology
2021-06-09,GOOGL,86.76,87.97,85.88,87.08,39166071,Technology
2021-06-10,GOOGL,86.81,87.36,86.31,86.86,28461033,Technology
2021-06-11,GOOGL,86.06,86.88,85.18,86.0,22539549,Technology
2021-06-14,GOOGL,88.15,89.78,86.67,88.3,31190314,Technology
2021-06-15,GOOGL,90.01,91.43,88.25,89.66,35981433,Technology
2021-06-16,GOOGL,90.79,92.17,89.51,90.89,29462811,Technology
2021-06-17,GOOGL,91.34,92.85,89.5,91.0,21634125,Technology
2021-06-18,GOOGL,91.97,92.96,90.73,91.72,28060374,Technology
2021-06-21,GOOGL,89.22,90.19,88.33,89.3,31415757,Technology
2021-06-22,GOOGL,90.9,92.73,89.08,90.91,23686491,Technology
2021-06-23,GOOGL,89.66,90.74,88.99,90.07,30552817,Technology
2021-06-24,GOOGL,88.76,90.19,87.59,89.02,33228456,Technology
2021-06-25,GOOGL,88.88,90.53,87.45,89.09,26344355,Technology
2021-06-28,GOOGL,91.68,93.62,89.86,91.8,34511712,Technology
2021-06-29,GOOGL,92.64,93.73,91.28,92.37,34672855,Technology
2021-06-30,GOOGL,94.43,95.85,92.69,94.1,38008682,Technology
2021-07-01,GOOGL,93.15,94.68,91.87,93.4,27413127,Technology
2021-07-02,GOOGL,92.09,93.6,90.44,91.95,23084847,Technology
2021-07-05,GOOGL,90.76,91.28,90.07,90.59,24521148,Technology
2021-07-06,GOOGL,90.7,91.83,89.35,90.48,30628268,Technology
2021-07-07,GOOGL,91.01,91.87,90.44,91.3,23898832,Technology
2021-07-08,GOOGL,90.72,91.52,89.86,90.66,29477729,Technology
2021-07-09,GOOGL,88.27,89.36,87.56,88.65,22960071,Technology
2021-07-12,GOOGL,87.41,89.17,85.68,87.44,36599971,Technology
2021-07-13,GOOGL,86.39,87.92,84.85,86.38,33451079,Technology
2021-07-14,GOOGL,86.86,87.55,86.02,86.7,24938737,Technology
2021-07-15,GOOGL,89.23,91.17,87.67,89.6,34753517,Technology
2021-07-16,GOOGL,87.69,88.26,86.79,87.36,25562408,Technology
2021-07-19,GOOGL,88.44,89.76,87.13,88.45,26779541,Technology
2021-07-20,GOOGL,89.21,90.52,87.51,88.81,20408887,Technology
2021-07-21,GOOGL,90.62,92.32,88.82,90.52,35423360,Technology
2021-07-22,GOOGL,90.85,91.86,89.87,90.88,36629474,Technology
2021-07-23,GOOGL,90.13,91.14,89.09,90.1,19995820,Technology
2021-07-26,GOOGL,89.84,90.5,89.05,89.71,33652747,Technology
2021-07-27,GOOGL,91.98,93.58,90.72,92.31,28329946,Technology
2021-07-28,GOOGL,93.72,94.69,92.75,93.72,36658449,Technology
2021-07-29,GOOGL,92.68,94.62,91.14,93.07,37050060,Technology
2021-07-30,GOOGL,95.52,96.67,94.14,95.29,22344768,Technology
2021-08-02,GOOGL,93.66,95.32,92.25,93.91,28192265,Technology
2021-08-03,GOOGL,91.56,92.36,91.08,91.88,21404777,Technology
2021-08-04,GOOGL,91.29,92.45,90.51,91.66,33161436,Technology
2021-08-05,GOOGL,91.27,91.77,90.66,91.16,22357873,Technology
2021-08-06,GOOGL,91.9,93.66,89.75,91.5,24019860,Technology
2021-08-09,GOOGL,89.74,91.45,88.46,90.17,37863055,Technology
2021-08-10,GOOGL,90.88,92.47,89.71,91.3,26312999,Technology
2021-08-11,GOOGL,91.48,92.14,90.92,91.58,32730556,Technology
2021-08-12,GOOGL,91.5,92.71,90.4,91.61,21935478,Technology
2021-08-13,GOOGL,91.01,92.17,90.22,91.38,35426975,Technology
2021-08-16,GOOGL,93.38,94.04,92.63,93.29,26317712,Technology
2021-08-17,GOOGL,94.09,94.88,93.17,93.96,28557245,Technology
2021-08-18,GOOGL,93.44,94.47,92.32,93.35,29228845,Technology
2021-08-19,GOOGL,91.96,92.84,91.03,91.91,32722172,Technology
2021-08-20,GOOGL,93.99,94.53,93.48,94.02,20730592,Technology
2021-08-23,GOOGL,94.01,94.74,93.22,93.95,36577302,Technology
2021-08-24,GOOGL,93.99,96.12,92.28,94.4,27814459,Technology
2021-08-25,GOOGL,94.87,96.52,93.57,95.21,34602471,Technology
2021-08-26,GOOGL,94.72,96.25,92.82,94.34,19766325,Technology
2021-08-27,GOOGL,94.83,95.61,93.74,94.52,32743368,Technology
2021-08-30,GOOGL,95.53,97.72,93.77,95.95,31300493,Technology
2021-08-31,GOOGL,94.73,96.46,93.45,95.17,29665032,Technology
2021-09-01,GOOGL,94.27,95.9,92.94,94.56,24957259,Technology
2021-09-02,GOOGL,93.25,94.64,91.89,93.28,36417067,Technology
2021-09-03,GOOGL,91.5,92.64,90.57,91.71,38903372,Technology
2021-09-06,GOOGL,94.01,96.21,92.26,94.45,34706280,Technology
2021-09-07,GOOGL,92.56,93.62,91.94,93.0,24964432,Technology
2021-09-08,GOOGL,91.68,92.51,90.56,91.39,33529078,Technology
2021-09-09,GOOGL,89.92,91.69,87.96,89.73,27797808,Technology
2021-09-10,GOOGL,88.94,90.32,87.13,88.5,33518780,Technology
2021-09-13,GOOGL,91.66,93.17,89.76,91.26,21827564,Technology
2021-09-14,GOOGL,91.38,92.8,89.64,91.06,38305820,Technology
2021-09-15,GOOGL,92.27,93.02,91.52,92.27,32938875,Technology
2021-09-16,GOOGL,91.9,92.7,91.01,91.81,24648544,Technology
2021-09-17,GOOGL,90.75,91.71,89.84,90.8,29972125,Technology
2021-09-20,GOOGL,92.84,93.94,91.75,92.85,25452339,Technology
2021-09-21,GOOGL,90.16,91.24,89.49,90.57,23441182,Technology
2021-09-22,GOOGL,91.79,93.05,90.27,91.53,22917252,Technology
2021-09-23,GOOGL,92.79,93.41,91.95,92.56,25581103,Technology
2021-09-24,GOOGL,95.27,97.11,93.24,95.07,26004418,Technology
2021-09-27,GOOGL,94.3,95.18,93.4,94.28,21151235,Technology
2021-09-28,GOOGL,92.45,93.38,91.82,92.75,34784582,Technology
2021-09-29,GOOGL,94.33,95.99,93.13,94.79,32800923,Technology
2021-09-30,GOOGL,96.14,97.23,95.04,96.13,23796678,Technology
2021-10-01,GOOGL,97.92,99.22,96.16,97.45,21039515,Technology
2021-10-04,GOOGL,94.95,96.07,94.07,95.19,24471566,Technology
2021-10-05,GOOGL,96.01,97.04,94.69,95.71,37492030,Technology
2021-10-06,GOOGL,96.49,97.27,95.68,96.45,32083219,Technology
2021-10-07,GOOGL,94.25,95.52,93.04,94.31,23362719,Technology
2021-10-08,GOOGL,93.9,95.15,92.74,93.99,35193041,Technology
2021-10-11,GOOGL,91.76,93.62,90.25,92.1,21334973,Technology
2021-10-12,GOOGL,92.09,93.8,90.35,92.06,36412898,Technology
2021-10-13,GOOGL,94.03,94.58,93.46,94.01,30172759,Technology
2021-10-14,GOOGL,93.47,95.53,91.8,93.85,24312733,Technology
2021-10-15,GOOGL,92.93,93.96,91.56,92.59,38002112,Technology
2021-10-18,GOOGL,94.3,96.18,92.0,93.87,19716458,Technology
2021-10-19,GOOGL,93.09,93.95,92.56,93.42,26437697,Technology
2021-10-20,GOOGL,93.74,95.38,91.74,93.37,23261954,Technology
2021-10-21,GOOGL,94.39,95.74,92.66,94.0,28689142,Technology
2021-10-22,GOOGL,93.35,94.0,92.74,93.39,26965580,Technology
2021-10-25,GOOGL,92.94,94.27,91.67,93.0,19939980,Technology
2021-10-26,GOOGL,94.38,96.26,92.46,94.34,28883162,Technology
2021-10-27,GOOGL,93.26,95.39,91.46,93.58,23309057,Technology
2021-10-28,GOOGL,93.5,95.32,91.9,93.72,35264851,Technology
2021-10-29,GOOGL,94.05,95.35,93.2,94.49,29733488,Technology
2021-11-01,GOOGL,95.23,95.99,94.23,94.99,32167512,Technology
2021-11-02,GOOGL,95.09,96.88,93.03,94.82,23143208,Technology
2021-11-03,GOOGL,95.75,97.38,93.98,95.61,32711452,Technology
2021-11-04,GOOGL,93.64,95.28,91.93,93.57,28733668,Technology
2021-11-05,GOOGL,94.04,95.6,92.67,94.23,23178903,Technology
2021-11-08,GOOGL,95.15,96.76,93.79,95.4,21166336,Technology
2021-11-09,GOOGL,95.08,95.56,94.5,94.98,26698116,Technology
2021-11-10,GOOGL,95.52,97.2,93.96,95.64,29125667,Technology
2021-11-11,GOOGL,95.05,96.11,93.86,94.91,26580327,Technology
2021-11-12,GOOGL,94.26,96.09,92.02,93.85,36221346,Technology
2021-11-15,GOOGL,96.57,98.44,94.75,96.62,30114035,Technology
2021-11-16,GOOGL,94.71,96.24,93.0,94.52,37057300,Technology
2021-11-17,GOOGL,94.39,95.88,92.44,93.92,26430713,Technology
2021-11-18,GOOGL,91.63,93.23,89.85,91.45,33151174,Technology
2021-11-19,GOOGL,93.89,94.82,92.69,93.62,37247370,Technology
2021-11-22,GOOGL,92.34,93.1,91.46,92.22,27285842,Technology
2021-11-23,GOOGL,91.57,93.41,89.75,91.59,24075075,Technology
2021-11-24,GOOGL,93.33,94.33,92.19,93.19,21091351,Technology
2021-11-25,GOOGL,95.05,96.39,93.31,94.64,36267110,Technology
2021-11-26,GOOGL,94.21,94.78,93.19,93.75,33295047,Technology
2021-11-29,GOOGL,93.54,94.7,92.84,94.0,22957139,Technology
2021-11-30,GOOGL,92.59,94.67,90.96,93.04,24169687,Technology
2021-12-01,GOOGL,92.87,94.39,91.27,92.79,34941619,Technology
2021-12-02,GOOGL,91.67,93.57,90.19,92.08,37093223,Technology
2021-12-03,GOOGL,93.02,93.8,92.19,92.97,32228047,Technology
2021-12-06,GOOGL,93.06,93.76,91.92,92.62,29167856,Technology
2021-12-07,GOOGL,92.26,92.8,91.32,91.86,31090849,Technology
2021-12-08,GOOGL,91.3,92.71,89.87,91.28,35960863,Technology
2021-12-09,GOOGL,92.23,92.95,91.72,92.44,28805107,Technology
2021-12-10,GOOGL,92.38,92.95,91.62,92.19,27315802,Technology
2021-12-13,GOOGL,92.33,93.63,91.49,92.79,33708674,Technology
2021-12-14,GOOGL,91.41,93.11,89.81,91.51,30658672,Technology
2021-12-15,GOOGL,89.96,90.72,89.09,89.85,19837894,Technology
2021-12-16,GOOGL,88.53,89.62,87.31,88.4,37596558,Technology
2021-12-17,GOOGL,87.82,88.76,86.65,87.59,31314665,Technology
2021-12-20,GOOGL,89.19,90.97,87.5,89.28,25854268,Technology
2021-12-21,GOOGL,86.92,88.91,85.33,87.31,22273153,Technology
2021-12-22,GOOGL,89.38,89.94,88.51,89.07,19807905,Technology
2021-12-23,GOOGL,89.23,90.87,87.63,89.27,19678895,Technology
2021-12-24,GOOGL,88.35,89.61,87.38,88.63,31838249,Technology
2021-12-27,GOOGL,91.53,92.93,90.14,91.54,20394182,Technology
2021-12-28,GOOGL,92.17,93.54,90.5,91.86,33718355,Technology
2021-12-29,GOOGL,92.54,94.44,90.93,92.82,37022203,Technology
2021-12-30,GOOGL,91.15,92.5,90.25,91.6,36130476,Technology
2021-12-31,GOOGL,92.72,94.49,90.81,92.58,24136157,Technology
2022-01-03,GOOGL,90.76,91.59,89.96,90.79,37197489,Technology
2022-01-04,GOOGL,91.56,92.22,90.6,91.26,25309535,Technology
2022-01-05,GOOGL,91.2,92.76,89.26,90.82,27978879,Technology
2022-01-06,GOOGL,91.63,92.59,90.39,91.35,29977864,Technology
2022-01-07,GOOGL,94.16,95.6,92.6,94.04,22596621,Technology
2022-01-10,GOOGL,92.5,94.42,90.87,92.78,37872730,Technology
2022-01-11,GOOGL,94.47,95.3,93.42,94.25,25179245,Technology
2022-01-12,GOOGL,94.89,96.0,93.96,95.07,34258688,Technology
2022-01-13,GOOGL,97.26,98.56,95.6,96.89,25624505,Technology
2022-01-14,GOOGL,95.49,96.96,93.79,95.25,22569049,Technology
2022-01-17,GOOGL,96.35,97.43,95.29,96.37,26571472,Technology
2022-01-18,GOOGL,97.88,98.84,96.74,97.7,23830981,Technology
2022-01-19,GOOGL,94.61,96.09,92.73,94.2,30677871,Technology
2022-01-20,GOOGL,94.74,96.5,93.4,95.15,36543747,Technology
2022-01-21,GOOGL,94.26,95.13,93.28,94.15,38790598,Technology
2022-01-24,GOOGL,92.48,93.77,90.98,92.27,28328264,Technology
2022-01-25,GOOGL,92.27,92.81,91.46,92.0,20285977,Technology
2022-01-26,GOOGL,89.87,91.7,88.48,90.3,36501182,Technology
2022-01-27,GOOGL,87.66,88.31,87.0,87.65,31304153,Technology
2022-01-28,GOOGL,87.96,89.15,86.92,88.1,28769160,Technology
2022-01-31,GOOGL,89.09,90.01,88.23,89.15,26634694,Technology
2022-02-01,GOOGL,90.68,92.15,89.46,90.92,38977668,Technology
2022-02-02,GOOGL,92.14,93.58,90.99,92.42,28950508,Technology
2022-02-03,GOOGL,92.68,94.81,91.01,93.13,32919260,Technology
2022-02-04,GOOGL,93.03,94.57,91.8,93.34,35622538,Technology
2022-02-07,GOOGL,94.91,96.11,93.91,95.11,35831253,Technology
2022-02-08,GOOGL,96.93,98.34,95.14,96.55,31945720,Technology
2022-02-09,GOOGL,96.79,98.35,94.92,96.47,20672896,Technology
2022-02-10,GOOGL,94.75,96.33,93.07,94.64,20962352,Technology
2022-02-11,GOOGL,97.32,98.96,96.09,97.73,34024565,Technology
2022-02-14,GOOGL,95.25,96.51,93.57,94.82,23189453,Technology
2022-02-15,GOOGL,95.52,97.15,94.17,95.8,31635673,Technology
2022-02-16,GOOGL,96.68,98.21,94.94,96.47,35575450,Technology
2022-02-17,GOOGL,95.16,97.26,93.47,95.56,26328036,Technology
2022-02-18,GOOGL,95.38,96.84,93.92,95.38,23337248,Technology
2022-02-21,GOOGL,93.83,95.17,92.58,93.92,27244750,Technology
2022-02-22,GOOGL,94.4,96.11,92.78,94.49,20118508,Technology
2022-02-23,GOOGL,95.56,96.12,94.66,95.22,38427775,Technology
2022-02-24,GOOGL,97.36,98.98,95.87,97.49,37996566,Technology
2022-02-25,GOOGL,95.96,97.39,94.2,95.63,34610705,Technology
2022-02-28,GOOGL,97.49,98.55,96.45,97.51,23248190,Technology
2022-03-01,GOOGL,97.47,98.38,96.29,97.2,37121976,Technology
2022-03-02,GOOGL,98.81,100.41,97.24,98.84,21295581,Technology
2022-03-03,GOOGL,101.31,102.03,100.72,101.44,28690905,Technology
2022-03-04,GOOGL,103.3,105.28,101.84,103.81,38998568,Technology
2022-03-07,GOOGL,100.96,102.02,99.56,100.61,30085347,Technology
2022-03-08,GOOGL,99.35,100.04,98.37,99.06,33512610,Technology
2022-03-09,GOOGL,98.36,99.63,97.08,98.35,21314600,Technology
2022-03-10,GOOGL,97.73,99.18,95.89,97.33,21427600,Technology
2022-03-11,GOOGL,96.76,97.63,95.51,96.37,25173140,Technology
2022-03-14,GOOGL,96.49,97.92,95.03,96.46,31288021,Technology
2022-03-15,GOOGL,99.32,100.64,98.2,99.52,20551255,Technology
2022-03-16,GOOGL,99.22,100.82,97.38,98.98,32746224,Technology
2022-03-17,GOOGL,99.76,101.49,98.3,100.02,20037960,Technology
2022-03-18,GOOGL,97.67,99.35,96.0,97.68,25614027,Technology
2022-03-21,GOOGL,98.3,99.37,97.66,98.73,26437787,Technology
2022-03-22,GOOGL,98.53,100.21,96.44,98.12,37176326,Technology
2022-03-23,GOOGL,99.84,101.72,97.56,99.43,29933605,Technology
2022-03-24,GOOGL,100.94,101.78,99.81,100.64,23788774,Technology
2022-03-25,GOOGL,99.59,100.76,98.69,99.86,29693655,Technology
2022-03-28,GOOGL,102.22,103.58,101.22,102.57,28482198,Technology
2022-03-29,GOOGL,106.08,108.0,104.09,106.01,36815377,Technology
2022-03-30,GOOGL,104.22,105.4,103.39,104.57,30881311,Technology
2022-03-31,GOOGL,104.79,106.04,103.37,104.62,35174685,Technology
2022-04-01,GOOGL,104.15,105.84,102.0,103.69,27405825,Technology
2022-04-04,GOOGL,107.34,108.21,106.42,107.29,21770565,Technology
2022-04-05,GOOGL,108.37,109.7,107.36,108.69,27372648,Technology
2022-04-06,GOOGL,110.31,111.57,109.57,110.83,32473162,Technology
2022-04-07,GOOGL,110.17,111.73,108.38,109.94,32543574,Technology
2022-04-08,GOOGL,112.44,113.44,111.69,112.68,22138721,Technology
2022-04-11,GOOGL,112.89,114.88,110.62,112.61,23549929,Technology
2022-04-12,GOOGL,114.82,115.98,113.13,114.29,31245523,Technology
2022-04-13,GOOGL,111.45,113.61,109.55,111.71,23717037,Technology
2022-04-14,GOOGL,111.84,113.71,109.76,111.63,32947167,Technology
2022-04-15,GOOGL,110.25,111.72,108.72,110.18,34019671,Technology
2022-04-18,GOOGL,111.2,112.37,110.19,111.36,36684080,Technology
2022-04-19,GOOGL,113.22,114.31,112.08,113.17,33371733,Technology
2022-04-20,GOOGL,112.85,115.18,110.59,112.92,27990620,Technology
2022-04-21,GOOGL,116.45,118.5,114.05,116.1,33929087,Technology
2022-04-22,GOOGL,119.94,121.59,118.51,120.15,31531117,Technology
2022-04-25,GOOGL,119.08,121.24,116.47,118.62,21726567,Technology
2022-04-26,GOOGL,117.67,119.05,116.33,117.71,38761261,Technology
2022-04-27,GOOGL,115.79,117.66,114.03,115.9,20110734,Technology
2022-04-28,GOOGL,112.29,114.27,110.78,112.75,35955219,Technology
2022-04-29,GOOGL,112.88,114.76,111.04,112.92,28012531,Technology
2022-05-02,GOOGL,109.22,111.47,107.2,109.45,24480791,Technology
2022-05-03,GOOGL,109.67,111.76,107.24,109.33,35684261,Technology
2022-05-04,GOOGL,108.68,109.93,107.82,109.07,20110179,Technology
2022-05-05,GOOGL,111.15,112.1,109.9,110.85,24304753,Technology
2022-05-06,GOOGL,111.72,113.78,109.94,112.0,27347732,Technology
2022-05-09,GOOGL,112.56,115.08,110.34,112.85,26976864,Technology
2022-05-10,GOOGL,112.05,113.56,110.98,112.49,29201925,Technology
2022-05-11,GOOGL,112.85,114.06,111.43,112.63,35624853,Technology
2022-05-12,GOOGL,109.88,111.85,108.43,110.4,31730878,Technology
2022-05-13,GOOGL,114.12,114.79,113.33,113.99,33026587,Technology
2022-05-16,GOOGL,113.92,114.83,112.66,113.56,37457268,Technology
2022-05-17,GOOGL,115.22,117.44,113.24,115.45,31098203,Technology
2022-05-18,GOOGL,113.98,116.32,111.85,114.18,35672545,Technology
2022-05-19,GOOGL,115.12,116.28,114.53,115.69,34490348,Technology
2022-05-20,GOOGL,116.91,118.83,114.66,116.57,37828526,Technology
2022-05-23,GOOGL,118.66,119.79,117.86,118.98,37313008,Technology
2022-05-24,GOOGL,120.68,121.6,119.54,120.46,29997074,Technology
2022-05-25,GOOGL,120.6,121.62,119.85,120.86,29799295,Technology
2022-05-26,GOOGL,121.37,123.53,118.97,121.12,31788909,Technology
2022-05-27,GOOGL,120.19,121.93,118.69,120.43,21937200,Technology
2022-05-30,GOOGL,119.76,121.67,118.43,120.33,23736695,Technology
2022-05-31,GOOGL,118.77,120.24,117.41,118.87,20468190,Technology
2022-06-01,GOOGL,116.83,118.45,115.15,116.77,21130844,Technology
2022-06-02,GOOGL,115.01,117.68,112.81,115.47,36354749,Technology
2022-06-03,GOOGL,114.35,114.92,113.34,113.91,19986506,Technology
2022-06-06,GOOGL,117.4,119.48,115.48,117.56,34069049,Technology
2022-06-07,GOOGL,115.92,117.7,114.64,116.42,34643131,Technology
2022-06-08,GOOGL,116.03,116.73,114.84,115.54,20599091,Technology
2022-06-09,GOOGL,113.9,115.29,112.26,113.65,27307630,Technology
2022-06-10,GOOGL,115.28,116.23,114.03,114.98,34972176,Technology
2022-06-13,GOOGL,114.71,117.01,112.55,114.85,29522533,Technology
2022-06-14,GOOGL,113.47,114.94,112.28,113.75,34320246,Technology
2022-06-15,GOOGL,116.51,117.77,115.33,116.59,27512003,Technology
2022-06-16,GOOGL,115.99,117.81,113.7,115.51,32668418,Technology
2022-06-17,GOOGL,117.56,118.98,115.81,117.23,32163037,Technology
2022-06-20,GOOGL,115.87,117.03,115.19,116.34,20343172,Technology
2022-06-21,GOOGL,118.01,119.41,116.24,117.63,25736430,Technology
2022-06-22,GOOGL,119.39,120.67,117.62,118.9,36003307,Technology
2022-06-23,GOOGL,119.25,121.32,117.46,119.53,21894013,Technology
2022-06-24,GOOGL,121.12,122.24,120.49,121.6,25334890,Technology
2022-06-27,GOOGL,122.34,124.51,120.72,122.88,22270064,Technology
2022-06-28,GOOGL,121.88,122.82,120.78,121.72,31669480,Technology
2022-06-29,GOOGL,121.07,122.98,119.46,121.37,26873945,Technology
2022-06-30,GOOGL,122.97,124.11,122.18,123.31,37195022,Technology
2022-07-01,GOOGL,122.93,125.35,120.33,122.75,37569736,Technology
2022-07-04,GOOGL,120.54,122.88,118.78,121.11,39136546,Technology
2022-07-05,GOOGL,122.59,123.38,121.58,122.37,24555589,Technology
2022-07-06,GOOGL,122.45,123.78,120.94,122.27,28155152,Technology
2022-07-07,GOOGL,121.01,122.27,119.95,121.21,26294343,Technology
2022-07-08,GOOGL,121.9,124.26,119.18,121.54,28587555,Technology
2022-07-11,GOOGL,122.24,123.22,120.89,121.86,22680776,Technology
2022-07-12,GOOGL,120.03,121.17,119.05,120.19,36854824,Technology
2022-07-13,GOOGL,120.99,122.3,120.15,121.45,29281909,Technology
2022-07-14,GOOGL,120.95,122.06,119.76,120.87,28452079,Technology
2022-07-15,GOOGL,121.96,123.85,120.55,122.44,22364573,Technology
2022-07-18,GOOGL,122.94,125.07,120.35,122.47,24199797,Technology
2022-07-19,GOOGL,121.31,122.67,120.5,121.85,31522633,Technology
2022-07-20,GOOGL,122.63,124.72,120.7,122.79,32921647,Technology
2022-07-21,GOOGL,121.21,123.11,118.79,120.68,20871523,Technology
2022-07-22,GOOGL,120.46,121.93,119.51,120.98,36612681,Technology
2022-07-25,GOOGL,121.01,123.05,118.88,120.92,21239802,Technology
2022-07-26,GOOGL,119.86,121.19,118.77,120.1,30590566,Technology
2022-07-27,GOOGL,118.27,119.83,117.22,118.78,33922941,Technology
2022-07-28,GOOGL,120.28,121.48,119.14,120.34,22102266,Technology
2022-07-29,GOOGL,120.76,122.82,118.62,120.68,37271078,Technology
2022-08-01,GOOGL,116.68,118.13,114.73,116.17,37080616,Technology
2022-08-02,GOOGL,115.11,116.68,113.05,114.61,25932539,Technology
2022-08-03,GOOGL,113.46,115.18,112.27,113.98,31148337,Technology
2022-08-04,GOOGL,112.46,114.24,110.37,112.15,22536399,Technology
2022-08-05,GOOGL,112.38,114.05,111.07,112.74,32577696,Technology
2022-08-08,GOOGL,110.81,111.63,109.55,110.36,24120439,Technology
2022-08-09,GOOGL,111.55,112.6,110.12,111.16,28585965,Technology
2022-08-10,GOOGL,114.1,114.72,113.49,114.11,21257049,Technology
2022-08-11,GOOGL,115.48,117.76,113.1,115.38,24628039,Technology
2022-08-12,GOOGL,115.55,117.6,114.0,116.04,35277869,Technology
2022-08-15,GOOGL,119.8,122.06,117.1,119.35,26298449,Technology
2022-08-16,GOOGL,115.31,117.0,114.17,115.85,32367447,Technology
2022-08-17,GOOGL,113.79,115.32,112.31,113.84,37389566,Technology
2022-08-18,GOOGL,115.45,116.89,114.58,116.02,21037002,Technology
2022-08-19,GOOGL,114.19,115.69,113.24,114.73,29455736,Technology
2022-08-22,GOOGL,115.95,117.45,114.82,116.32,34301647,Technology
2022-08-23,GOOGL,118.13,119.08,116.96,117.91,26445592,Technology
2022-08-24,GOOGL,119.15,120.66,117.14,118.64,20332092,Technology
2022-08-25,GOOGL,118.75,120.23,116.85,118.33,31124295,Technology
2022-08-26,GOOGL,116.52,117.71,115.45,116.64,32933206,Technology
2022-08-29,GOOGL,116.67,119.36,114.53,117.21,21002160,Technology
2022-08-30,GOOGL,116.75,118.22,115.6,117.06,24792645,Technology
2022-08-31,GOOGL,116.13,117.45,115.16,116.48,22160229,Technology
2022-09-01,GOOGL,117.39,120.05,115.16,117.81,23606313,Technology
2022-09-02,GOOGL,121.11,122.16,119.54,120.59,34411997,Technology
2022-09-05,GOOGL,120.45,122.97,118.42,120.93,35991673,Technology
2022-09-06,GOOGL,118.59,120.19,117.27,118.87,30884701,Technology
2022-09-07,GOOGL,119.8,121.88,117.4,119.47,37043950,Technology
2022-09-08,GOOGL,118.04,120.59,115.81,118.35,27907614,Technology
2022-09-09,GOOGL,116.64,117.25,115.59,116.2,22629614,Technology
2022-09-12,GOOGL,117.55,119.86,115.44,117.75,26815418,Technology
2022-09-13,GOOGL,116.68,117.53,116.03,116.88,37011928,Technology
2022-09-14,GOOGL,117.68,118.42,117.05,117.79,20215432,Technology
2022-09-15,GOOGL,118.32,119.96,117.07,118.71,24543480,Technology
2022-09-16,GOOGL,120.72,122.99,118.53,120.8,24966440,Technology
2022-09-19,GOOGL,121.3,123.42,119.62,121.74,24684075,Technology
2022-09-20,GOOGL,119.19,121.08,117.62,119.5,32910903,Technology
2022-09-21,GOOGL,124.21,125.75,122.34,123.87,38185592,Technology
2022-09-22,GOOGL,122.25,123.27,121.43,122.45,25863161,Technology
2022-09-23,GOOGL,124.3,125.2,123.02,123.92,34493622,Technology
2022-09-26,GOOGL,124.44,125.97,122.86,124.39,20767065,Technology
2022-09-27,GOOGL,123.97,125.62,121.96,123.61,30847020,Technology
2022-09-28,GOOGL,122.34,123.44,121.04,122.14,26685173,Technology
2022-09-29,GOOGL,119.87,121.46,118.29,119.88,27071030,Technology
2022-09-30,GOOGL,120.84,122.75,118.48,120.38,19702165,Technology
2022-10-03,GOOGL,123.35,125.69,121.0,123.34,33334344,Technology
2022-10-04,GOOGL,121.35,123.55,119.19,121.39,35965491,Technology
2022-10-05,GOOGL,122.31,123.67,121.37,122.73,32486438,Technology
2022-10-06,GOOGL,123.28,125.51,120.58,122.8,32217312,Technology
2022-10-07,GOOGL,121.06,122.82,119.5,121.26,38808008,Technology
2022-10-10,GOOGL,120.93,122.11,119.46,120.64,30026843,Technology
2022-10-11,GOOGL,118.34,120.14,116.67,118.47,38510533,Technology
2022-10-12,GOOGL,117.37,118.96,115.27,116.86,19748791,Technology
2022-10-13,GOOGL,118.4,120.01,116.53,118.14,34203571,Technology
2022-10-14,GOOGL,114.83,117.54,112.7,115.4,19606471,Technology
2022-10-17,GOOGL,116.13,118.09,114.73,116.68,38700838,Technology
2022-10-18,GOOGL,116.84,117.84,115.87,116.87,20798297,Technology
2022-10-19,GOOGL,115.42,117.04,113.94,115.56,20475336,Technology
2022-10-20,GOOGL,115.74,117.03,114.58,115.87,39002461,Technology
2022-10-21,GOOGL,113.9,114.82,112.93,113.85,38951384,Technology
2022-10-24,GOOGL,115.52,117.47,113.01,114.95,38578646,Technology
2022-10-25,GOOGL,116.16,117.59,114.5,115.93,21764685,Technology
2022-10-26,GOOGL,118.42,119.8,116.69,118.06,29504572,Technology
2022-10-27,GOOGL,119.9,121.76,117.75,119.61,24567995,Technology
2022-10-28,GOOGL,117.5,119.68,115.37,117.55,23719628,Technology
2022-10-31,GOOGL,115.28,117.44,113.21,115.37,34306123,Technology
2022-11-01,GOOGL,114.41,116.06,112.9,114.55,35473577,Technology
2022-11-02,GOOGL,113.66,115.35,112.1,113.78,21748118,Technology
2022-11-03,GOOGL,112.88,115.5,110.8,113.41,36518472,Technology
2022-11-04,GOOGL,113.08,114.26,111.75,112.92,37675114,Technology
2022-11-07,GOOGL,114.67,115.5,113.76,114.59,34582884,Technology
2022-11-08,GOOGL,113.44,115.3,111.55,113.41,31844893,Technology
2022-11-09,GOOGL,116.98,118.89,114.67,116.58,34531536,Technology
2022-11-10,GOOGL,117.69,118.9,115.9,117.11,28116252,Technology
2022-11-11,GOOGL,115.6,116.38,114.98,115.76,22104545,Technology
2022-11-14,GOOGL,113.25,114.27,112.48,113.5,20646159,Technology
2022-11-15,GOOGL,110.76,112.93,109.06,111.23,23584475,Technology
2022-11-16,GOOGL,111.91,113.12,111.19,112.4,24847932,Technology
2022-11-17,GOOGL,113.48,115.02,111.43,112.96,36760910,Technology
2022-11-18,GOOGL,111.4,113.79,109.38,111.76,24792180,Technology
2022-11-21,GOOGL,112.31,113.0,111.31,112.0,20968399,Technology
2022-11-22,GOOGL,111.29,113.06,109.8,111.57,24371534,Technology
2022-11-23,GOOGL,113.98,116.24,111.43,113.69,36004011,Technology
2022-11-24,GOOGL,114.3,115.85,112.33,113.88,32251614,Technology
2022-11-25,GOOGL,110.66,113.03,108.54,110.9,31268263,Technology
2022-11-28,GOOGL,112.87,114.72,111.14,112.99,36842276,Technology
2022-11-29,GOOGL,110.91,113.1,108.73,110.92,27256556,Technology
2022-11-30,GOOGL,110.79,112.13,109.07,110.4,32251181,Technology
2022-12-01,GOOGL,110.44,111.07,109.76,110.39,19939082,Technology
2022-12-02,GOOGL,105.79,107.74,104.03,105.97,28851346,Technology
2022-12-05,GOOGL,106.35,108.64,104.54,106.83,22707414,Technology
2022-12-06,GOOGL,105.13,106.57,103.98,105.41,26222867,Technology
2022-12-07,GOOGL,106.58,108.71,104.11,106.23,36924475,Technology
2022-12-08,GOOGL,102.61,104.73,100.65,102.77,25422708,Technology
2022-12-09,GOOGL,101.23,102.09,100.04,100.9,32919216,Technology
2022-12-12,GOOGL,98.78,99.74,97.94,98.9,29531550,Technology
2022-12-13,GOOGL,100.39,101.69,98.71,100.0,27059096,Technology
2022-12-14,GOOGL,100.81,102.75,98.93,100.87,34228904,Technology
2022-12-15,GOOGL,101.19,103.11,98.87,100.78,20716276,Technology
2022-12-16,GOOGL,101.85,102.69,101.03,101.87,28058464,Technology
2022-12-19,GOOGL,103.16,104.67,101.2,102.7,21803132,Technology
2022-12-20,GOOGL,102.13,103.66,100.93,102.45,37124508,Technology
2022-12-21,GOOGL,101.77,103.77,99.79,101.79,21638601,Technology
2022-12-22,GOOGL,101.35,103.05,99.45,101.15,26551548,Technology
2022-12-23,GOOGL,101.32,103.18,98.99,100.84,30533935,Technology
2022-12-26,GOOGL,102.26,103.85,100.88,102.47,31056318,Technology
2022-12-27,GOOGL,102.68,104.07,101.49,102.88,20916829,Technology
2022-12-28,GOOGL,103.98,105.22,103.07,104.3,30224022,Technology
2022-12-29,GOOGL,102.98,104.42,101.43,102.87,27208347,Technology
2022-12-30,GOOGL,104.17,105.35,102.64,103.82,28934163,Technology
2023-01-02,GOOGL,104.17,106.3,102.11,104.23,32331786,Technology
2023-01-03,GOOGL,104.81,105.41,104.05,104.65,36287957,Technology
2023-01-04,GOOGL,103.59,105.57,101.11,103.08,25130701,Technology
2023-01-05,GOOGL,101.72,103.16,100.33,101.77,30650822,Technology
2023-01-06,GOOGL,103.63,104.39,102.5,103.26,37427551,Technology
2023-01-09,GOOGL,105.69,107.16,104.45,105.92,22360335,Technology
2023-01-10,GOOGL,109.47,111.35,107.8,109.68,37426955,Technology
2023-01-11,GOOGL,112.65,114.35,110.8,112.49,30564281,Technology
2023-01-12,GOOGL,114.19,114.84,113.05,113.7,31907574,Technology
2023-01-13,GOOGL,114.56,116.84,112.24,114.52,33518173,Technology
2023-01-16,GOOGL,113.79,114.45,112.98,113.64,34587132,Technology
2023-01-17,GOOGL,114.11,116.01,111.9,113.8,24035139,Technology
2023-01-18,GOOGL,112.12,114.32,109.38,111.57,21081679,Technology
2023-01-19,GOOGL,107.95,110.24,105.89,108.18,33109968,Technology
2023-01-20,GOOGL,107.87,108.96,106.29,107.37,21589475,Technology
2023-01-23,GOOGL,108.24,109.67,106.89,108.32,25990059,Technology
2023-01-24,GOOGL,111.48,113.53,109.84,111.89,33646583,Technology
2023-01-25,GOOGL,110.59,112.77,108.08,110.25,36456328,Technology
2023-01-26,GOOGL,108.64,109.96,107.51,108.83,29734147,Technology
2023-01-27,GOOGL,105.17,105.77,104.1,104.7,22418189,Technology
2023-01-30,GOOGL,102.84,105.19,100.93,103.27,35723448,Technology
2023-01-31,GOOGL,105.38,106.64,104.61,105.87,33701993,Technology
2023-02-01,GOOGL,103.86,104.82,102.69,103.64,30479670,Technology
2023-02-02,GOOGL,103.55,104.24,102.42,103.1,28465357,Technology
2023-02-03,GOOGL,105.23,106.92,103.54,105.23,31445484,Technology
2023-02-06,GOOGL,102.51,103.8,101.53,102.82,30234375,Technology
2023-02-07,GOOGL,104.01,105.33,102.8,104.12,32782317,Technology
2023-02-08,GOOGL,106.29,108.41,104.66,106.77,26239392,Technology
2023-02-09,GOOGL,105.62,107.24,104.44,106.05,24223656,Technology
2023-02-10,GOOGL,106.33,106.94,105.19,105.8,34036521,Technology
2023-02-13,GOOGL,106.08,107.26,105.41,106.59,33698040,Technology
2023-02-14,GOOGL,110.27,111.55,108.68,109.95,37700130,Technology
2023-02-15,GOOGL,105.87,107.69,104.39,106.2,34931003,Technology
2023-02-16,GOOGL,104.75,106.78,102.65,104.67,32967149,Technology
2023-02-17,GOOGL,105.14,106.32,104.08,105.26,33999228,Technology
2023-02-20,GOOGL,104.03,106.0,101.93,103.9,35081019,Technology
2023-02-21,GOOGL,105.54,106.64,104.74,105.84,30027879,Technology
2023-02-22,GOOGL,107.35,108.17,106.39,107.21,25316402,Technology
2023-02-23,GOOGL,109.32,111.16,107.14,108.98,28690234,Technology
2023-02-24,GOOGL,109.65,110.5,108.65,109.49,39058625,Technology
2023-02-27,GOOGL,108.91,110.99,107.35,109.42,19938961,Technology
2023-02-28,GOOGL,109.63,111.04,108.56,109.96,35535803,Technology
2023-03-01,GOOGL,109.47,111.67,107.54,109.73,25982637,Technology
2023-03-02,GOOGL,110.85,111.8,109.46,110.4,29451926,Technology
2023-03-03,GOOGL,108.77,110.48,107.16,108.86,31967878,Technology
2023-03-06,GOOGL,108.64,109.98,107.47,108.81,32035809,Technology
2023-03-07,GOOGL,108.27,109.99,106.77,108.49,22527229,Technology
2023-03-08,GOOGL,111.84,113.11,110.66,111.93,31922212,Technology
2023-03-09,GOOGL,111.67,114.29,109.58,112.19,24375755,Technology
2023-03-10,GOOGL,110.27,111.14,109.4,110.27,28022135,Technology
2023-03-13,GOOGL,109.45,111.48,107.71,109.73,31252167,Technology
2023-03-14,GOOGL,114.92,117.02,112.36,114.45,38392178,Technology
2023-03-15,GOOGL,112.29,114.15,109.98,111.84,24196805,Technology
2023-03-16,GOOGL,109.85,111.27,108.98,110.39,33454149,Technology
2023-03-17,GOOGL,106.4,108.76,104.37,106.73,32084094,Technology
2023-03-20,GOOGL,109.74,111.52,107.5,109.27,32278460,Technology
2023-03-21,GOOGL,107.82,110.1,105.71,107.99,26458599,Technology
2023-03-22,GOOGL,106.56,108.08,105.16,106.68,19627944,Technology
2023-03-23,GOOGL,108.23,109.96,106.24,107.96,34240702,Technology
2023-03-24,GOOGL,106.03,107.11,104.93,106.01,26655480,Technology
2023-03-27,GOOGL,103.63,104.17,103.03,103.57,22025709,Technology
2023-03-28,GOOGL,102.63,103.27,101.74,102.37,19786321,Technology
2023-03-29,GOOGL,100.45,102.4,98.48,100.43,38867122,Technology
2023-03-30,GOOGL,102.62,103.22,101.93,102.53,26446809,Technology
2023-03-31,GOOGL,100.31,102.22,98.54,100.45,24705556,Technology
2023-04-03,GOOGL,103.46,105.44,101.61,103.59,19929933,Technology
2023-04-04,GOOGL,100.95,102.05,99.7,100.79,24585446,Technology
2023-04-05,GOOGL,98.73,100.31,97.6,99.17,31126618,Technology
2023-04-06,GOOGL,100.05,101.78,98.41,100.14,27836559,Technology
2023-04-07,GOOGL,101.83,102.78,101.19,102.13,22631635,Technology
2023-04-10,GOOGL,101.43,102.67,100.16,101.4,38199226,Technology
2023-04-11,GOOGL,99.89,100.5,99.18,99.79,29919371,Technology
2023-04-12,GOOGL,101.71,103.01,100.04,101.33,23628554,Technology
2023-04-13,GOOGL,102.27,102.84,101.52,102.09,26365086,Technology
2023-04-14,GOOGL,103.83,104.64,103.28,104.09,25662804,Technology
2023-04-17,GOOGL,104.77,106.61,103.28,105.11,27695865,Technology
2023-04-18,GOOGL,102.57,103.87,101.31,102.61,38689239,Technology
2023-04-19,GOOGL,104.85,105.45,103.79,104.38,31005969,Technology
2023-04-20,GOOGL,103.62,105.45,101.87,103.69,28495222,Technology
2023-04-21,GOOGL,104.71,106.61,102.4,104.3,24278302,Technology
2023-04-24,GOOGL,104.6,105.44,103.76,104.6,37245429,Technology
2023-04-25,GOOGL,107.02,108.07,105.81,106.86,33479773,Technology
2023-04-26,GOOGL,109.68,111.51,107.78,109.61,27488121,Technology
2023-04-27,GOOGL,110.04,112.19,107.78,109.92,33879878,Technology
2023-04-28,GOOGL,110.22,111.34,108.91,110.03,24652834,Technology
2023-05-01,GOOGL,110.88,111.84,109.68,110.64,29819336,Technology
2023-05-02,GOOGL,110.96,112.92,109.27,111.22,31334977,Technology
2023-05-03,GOOGL,109.81,111.09,108.42,109.7,25301242,Technology
2023-05-04,GOOGL,109.98,111.71,107.92,109.64,24694362,Technology
2023-05-05,GOOGL,109.88,110.92,108.66,109.7,33233469,Technology
2023-05-08,GOOGL,108.09,109.77,106.21,107.89,27299031,Technology
2023-05-09,GOOGL,106.82,108.25,105.65,107.08,22673940,Technology
2023-05-10,GOOGL,103.38,105.4,101.79,103.8,37980728,Technology
2023-05-11,GOOGL,106.01,107.85,103.79,105.63,37370708,Technology
2023-05-12,GOOGL,106.86,108.05,105.3,106.49,22698001,Technology
2023-05-15,GOOGL,104.72,105.28,103.86,104.42,21066014,Technology
2023-05-16,GOOGL,108.12,110.26,105.79,107.93,34367614,Technology
2023-05-17,GOOGL,109.75,110.7,108.61,109.56,20447110,Technology
2023-05-18,GOOGL,107.44,109.69,105.55,107.8,33268218,Technology
2023-05-19,GOOGL,108.59,109.97,107.68,109.06,29037276,Technology
2023-05-22,GOOGL,109.64,110.47,108.57,109.39,24256290,Technology
2023-05-23,GOOGL,110.36,111.48,109.17,110.29,25185378,Technology
2023-05-24,GOOGL,113.53,114.74,111.96,113.17,23112513,Technology
2023-05-25,GOOGL,111.78,112.67,111.08,111.97,27917784,Technology
2023-05-26,GOOGL,111.34,112.94,109.88,111.48,35082269,Technology
2023-05-29,GOOGL,109.5,110.18,108.89,109.57,27092215,Technology
2023-05-30,GOOGL,111.86,113.51,109.7,111.34,29603357,Technology
2023-05-31,GOOGL,110.96,113.38,108.76,111.18,20205015,Technology
2023-06-01,GOOGL,112.79,113.76,111.95,112.91,25800144,Technology
2023-06-02,GOOGL,111.88,112.68,111.16,111.96,26227069,Technology
2023-06-05,GOOGL,108.86,109.83,108.12,109.08,36974146,Technology
2023-06-06,GOOGL,109.24,110.28,107.97,109.01,31596122,Technology
2023-06-07,GOOGL,105.68,107.17,104.47,105.96,26832688,Technology
2023-06-08,GOOGL,105.87,107.5,104.4,106.03,23811970,Technology
2023-06-09,GOOGL,106.36,107.08,105.25,105.96,28230134,Technology
2023-06-12,GOOGL,103.86,105.36,102.37,103.87,36702303,Technology
2023-06-13,GOOGL,103.45,104.84,102.08,103.47,37722179,Technology
2023-06-14,GOOGL,103.25,105.29,101.62,103.65,23083007,Technology
2023-06-15,GOOGL,100.45,102.14,98.43,100.11,30285740,Technology
2023-06-16,GOOGL,100.12,101.45,98.66,99.99,28206669,Technology
2023-06-19,GOOGL,96.74,98.6,95.27,97.12,38441073,Technology
2023-06-20,GOOGL,98.26,99.86,96.54,98.13,25799912,Technology
2023-06-21,GOOGL,100.94,101.78,100.19,101.03,32566904,Technology
2023-06-22,GOOGL,99.67,101.24,98.22,99.79,31620413,Technology
2023-06-23,GOOGL,100.97,103.2,99.23,101.45,28432172,Technology
2023-06-26,GOOGL,100.35,101.99,98.66,100.3,32368931,Technology
2023-06-27,GOOGL,100.55,101.83,98.78,100.06,20670582,Technology
2023-06-28,GOOGL,100.36,102.02,99.12,100.77,22731797,Technology
2023-06-29,GOOGL,100.61,102.04,99.53,100.96,38488268,Technology
2023-06-30,GOOGL,96.01,98.02,94.17,96.17,32139055,Technology
2023-07-03,GOOGL,95.04,96.28,93.51,94.74,31897933,Technology
2023-07-04,GOOGL,97.19,97.68,96.44,96.93,34238223,Technology
2023-07-05,GOOGL,98.57,99.82,96.93,98.17,37405545,Technology
2023-07-06,GOOGL,95.98,97.21,94.65,95.88,39131832,Technology
2023-07-07,GOOGL,96.42,97.51,95.51,96.59,23182368,Technology
2023-07-10,GOOGL,97.18,98.97,95.15,96.94,21670599,Technology
2023-07-11,GOOGL,97.88,99.81,95.72,97.65,36270233,Technology
2023-07-12,GOOGL,98.06,98.62,97.5,98.06,33292526,Technology
2023-07-13,GOOGL,98.05,99.34,96.6,97.89,35630331,Technology
2023-07-14,GOOGL,97.26,98.29,95.89,96.92,22793155,Technology
2023-07-17,GOOGL,95.82,97.13,94.95,96.26,26742765,Technology
2023-07-18,GOOGL,97.68,98.73,96.34,97.38,32401361,Technology
2023-07-19,GOOGL,94.95,96.05,93.71,94.81,20634553,Technology
2023-07-20,GOOGL,97.23,97.98,96.36,97.11,32170789,Technology
2023-07-21,GOOGL,97.38,99.09,95.76,97.47,33762060,Technology
2023-07-24,GOOGL,98.32,99.82,96.38,97.87,23816552,Technology
2023-07-25,GOOGL,97.39,98.68,96.0,97.29,39173498,Technology
2023-07-26,GOOGL,98.41,99.2,97.6,98.39,26385232,Technology
2023-07-27,GOOGL,99.71,101.27,98.42,99.98,20533202,Technology
2023-07-28,GOOGL,98.51,100.01,97.17,98.67,23166051,Technology
2023-07-31,GOOGL,98.92,100.35,97.94,99.37,38228667,Technology
2023-08-01,GOOGL,98.02,99.36,96.37,97.71,27893116,Technology
2023-08-02,GOOGL,98.22,100.06,96.4,98.24,30849328,Technology
2023-08-03,GOOGL,98.7,99.92,97.25,98.47,30706459,Technology
2023-08-04,GOOGL,99.13,100.38,98.23,99.48,31480038,Technology
2023-08-07,GOOGL,98.67,100.29,97.45,99.07,27354102,Technology
2023-08-08,GOOGL,97.54,98.78,95.98,97.22,21091580,Technology
2023-08-09,GOOGL,95.57,96.55,94.29,95.26,32309109,Technology
2023-08-10,GOOGL,95.22,96.11,94.0,94.89,29268554,Technology
2023-08-11,GOOGL,100.48,101.73,98.75,100.0,38163483,Technology
2023-08-14,GOOGL,100.46,101.87,99.42,100.82,25983067,Technology
2023-08-15,GOOGL,98.45,99.46,97.91,98.92,27352233,Technology
2023-08-16,GOOGL,99.92,101.83,97.65,99.55,29624279,Technology
2023-08-17,GOOGL,101.26,103.13,99.9,101.76,23823822,Technology
2023-08-18,GOOGL,98.86,99.39,98.08,98.61,22454657,Technology
2023-08-21,GOOGL,96.84,98.59,94.96,96.7,24096606,Technology
2023-08-22,GOOGL,94.16,94.85,93.35,94.04,37256404,Technology
2023-08-23,GOOGL,92.85,94.46,91.39,92.99,31112718,Technology
2023-08-24,GOOGL,92.4,93.29,91.05,91.94,34277248,Technology
2023-08-25,GOOGL,90.39,91.75,89.11,90.46,31715784,Technology
2023-08-28,GOOGL,90.66,92.01,89.74,91.09,27343735,Technology
2023-08-29,GOOGL,90.22,91.93,88.4,90.11,21245531,Technology
2023-08-30,GOOGL,92.13,94.03,90.45,92.34,24377882,Technology
2023-08-31,GOOGL,92.19,93.06,91.25,92.12,30275886,Technology
2023-09-01,GOOGL,91.92,93.06,90.59,91.72,25804139,Technology
2023-09-04,GOOGL,91.8,93.64,90.26,92.1,34939367,Technology
2023-09-05,GOOGL,93.61,95.01,92.04,93.44,29038446,Technology
2023-09-06,GOOGL,92.66,94.45,91.27,93.05,36290401,Technology
2023-09-07,GOOGL,92.03,92.89,91.49,92.35,30905078,Technology
2023-09-08,GOOGL,92.55,94.44,91.06,92.94,37646990,Technology
2023-09-11,GOOGL,94.51,96.36,92.56,94.41,29032371,Technology
2023-09-12,GOOGL,96.9,98.63,95.34,97.07,29267982,Technology
2023-09-13,GOOGL,97.31,99.13,95.05,96.87,37770554,Technology
2023-09-14,GOOGL,93.43,94.52,92.6,93.68,25434224,Technology
2023-09-15,GOOGL,90.73,91.96,89.68,90.9,26934570,Technology
2023-09-18,GOOGL,89.31,90.59,87.81,89.08,34016940,Technology
2023-09-19,GOOGL,87.76,89.69,86.25,88.17,20535582,Technology
2023-09-20,GOOGL,88.11,89.59,86.6,88.08,30931557,Technology
2023-09-21,GOOGL,85.8,86.51,85.3,86.01,32111744,Technology
2023-09-22,GOOGL,85.57,87.1,83.69,85.21,29408222,Technology
2023-09-25,GOOGL,85.99,87.12,84.57,85.7,30137442,Technology
2023-09-26,GOOGL,87.2,88.31,85.74,86.85,35082681,Technology
2023-09-27,GOOGL,84.7,86.52,83.12,84.94,29877759,Technology
2023-09-28,GOOGL,86.36,88.23,84.84,86.7,35175378,Technology
2023-09-29,GOOGL,85.48,86.14,84.56,85.22,31595218,Technology
2023-10-02,GOOGL,85.4,86.09,84.73,85.42,32965341,Technology
2023-10-03,GOOGL,87.43,88.76,86.16,87.49,37227583,Technology
2023-10-04,GOOGL,87.54,88.66,86.41,87.53,20820111,Technology
2023-10-05,GOOGL,89.62,91.6,87.93,89.91,29955555,Technology
2023-10-06,GOOGL,88.69,90.46,87.18,88.94,29936516,Technology
2023-10-09,GOOGL,91.0,91.78,89.98,90.76,30661086,Technology
2023-10-10,GOOGL,89.51,91.11,87.57,89.16,32315176,Technology
2023-10-11,GOOGL,88.96,90.37,87.51,88.92,27134803,Technology
2023-10-12,GOOGL,89.97,91.29,88.28,89.6,27766935,Technology
2023-10-13,GOOGL,91.6,92.59,90.71,91.7,28133793,Technology
2023-10-16,GOOGL,92.08,92.64,91.52,92.08,29288559,Technology
2023-10-17,GOOGL,91.89,93.29,90.62,92.02,31616908,Technology
2023-10-18,GOOGL,91.76,93.43,89.68,91.34,31038799,Technology
2023-10-19,GOOGL,90.54,91.05,89.61,90.12,33434896,Technology
2023-10-20,GOOGL,89.23,90.45,88.33,89.55,22411004,Technology
2023-10-23,GOOGL,87.1,88.16,86.45,87.5,37282222,Technology
2023-10-24,GOOGL,87.82,88.97,86.49,87.64,35830926,Technology
2023-10-25,GOOGL,90.62,92.15,88.75,90.27,38558190,Technology
2023-10-26,GOOGL,92.54,93.61,91.06,92.13,33776482,Technology
2023-10-27,GOOGL,90.28,90.83,89.57,90.12,33059646,Technology
2023-10-30,GOOGL,91.69,93.52,89.99,91.81,31064265,Technology
2023-10-31,GOOGL,92.67,93.31,92.19,92.83,20819977,Technology
2023-11-01,GOOGL,97.83,99.08,96.27,97.52,23646276,Technology
2023-11-02,GOOGL,97.9,99.46,96.64,98.19,21965493,Technology
2023-11-03,GOOGL,95.86,97.49,94.65,96.27,31112150,Technology
2023-11-06,GOOGL,95.35,96.25,94.83,95.73,30379950,Technology
2023-11-07,GOOGL,98.08,99.91,96.72,98.54,30838185,Technology
2023-11-08,GOOGL,99.97,101.73,98.0,99.75,22171228,Technology
2023-11-09,GOOGL,99.11,100.49,97.57,98.94,20329731,Technology
2023-11-10,GOOGL,99.14,100.91,96.98,98.74,36268864,Technology
2023-11-13,GOOGL,99.01,100.73,97.05,98.77,32015267,Technology
2023-11-14,GOOGL,98.09,99.58,96.31,97.79,32584969,Technology
2023-11-15,GOOGL,97.52,98.61,96.55,97.64,37182326,Technology
2023-11-16,GOOGL,96.93,97.44,96.23,96.74,38313640,Technology
2023-11-17,GOOGL,95.35,96.84,93.4,94.88,33075880,Technology
2023-11-20,GOOGL,96.97,97.5,96.12,96.65,25178746,Technology
2023-11-21,GOOGL,97.36,98.68,96.22,97.54,24863660,Technology
2023-11-22,GOOGL,95.84,97.06,94.74,95.96,32013436,Technology
2023-11-23,GOOGL,96.39,98.25,94.73,96.59,23788934,Technology
2023-11-24,GOOGL,97.79,99.26,96.16,97.62,37262172,Technology
2023-11-27,GOOGL,97.18,97.69,96.33,96.84,29811642,Technology
2023-11-28,GOOGL,98.34,100.15,96.93,98.74,28079252,Technology
2023-11-29,GOOGL,97.51,98.57,96.69,97.75,29480264,Technology
2023-11-30,GOOGL,96.86,98.52,94.96,96.62,31183599,Technology
2023-12-01,GOOGL,100.22,101.6,98.91,100.29,38665115,Technology
2023-12-04,GOOGL,101.4,103.01,100.04,101.65,24109779,Technology
2023-12-05,GOOGL,101.34,102.78,99.88,101.32,19750876,Technology
2023-12-06,GOOGL,100.99,102.75,99.02,100.78,32571854,Technology
2023-12-07,GOOGL,99.63,100.37,99.03,99.77,37933492,Technology
2023-12-08,GOOGL,97.71,99.68,95.96,97.92,22678354,Technology
2023-12-11,GOOGL,95.37,96.63,94.25,95.51,32971636,Technology
2023-12-12,GOOGL,94.38,96.35,92.54,94.51,20819593,Technology
2023-12-13,GOOGL,95.47,97.68,93.71,95.91,38274211,Technology
2023-12-14,GOOGL,97.83,99.29,95.94,97.4,23513329,Technology
2023-12-15,GOOGL,98.09,98.65,97.54,98.1,28432218,Technology
2023-12-18,GOOGL,97.72,98.69,96.3,97.27,35722641,Technology
2023-12-19,GOOGL,96.95,98.73,95.5,97.28,33992738,Technology
2023-12-20,GOOGL,97.23,98.85,95.68,97.3,37725803,Technology
2023-12-21,GOOGL,98.81,99.78,98.07,99.04,20839197,Technology
2023-12-22,GOOGL,99.44,101.12,97.64,99.32,25772829,Technology
2023-12-25,GOOGL,96.35,97.52,95.63,96.8,22868213,Technology
2023-12-26,GOOGL,94.25,95.6,93.14,94.49,24676050,Technology
2023-12-27,GOOGL,93.12,94.81,91.42,93.11,33893338,Technology
2023-12-28,GOOGL,93.87,94.52,93.35,94.0,28991719,Technology
2023-12-29,GOOGL,92.11,93.18,91.39,92.46,36657954,Technology
2021-01-04,AMZN,159.33,163.05,156.29,160.0,51937220,Consumer Discretionary
2021-01-05,AMZN,161.36,165.18,158.23,162.04,63280192,Consumer Discretionary
2021-01-06,AMZN,161.02,164.17,157.11,160.25,56642098,Consumer Discretionary
2021-01-07,AMZN,156.34,157.98,155.18,156.81,72749653,Consumer Discretionary
2021-01-08,AMZN,159.65,162.63,156.5,159.48,67997791,Consumer Discretionary
2021-01-11,AMZN,157.03,159.56,154.26,156.78,70350162,Consumer Discretionary
2021-01-12,AMZN,158.08,160.5,155.62,158.03,47622819,Consumer Discretionary
2021-01-13,AMZN,153.34,155.86,150.86,153.38,49849479,Consumer Discretionary
2021-01-14,AMZN,151.17,153.74,148.3,150.87,74587573,Consumer Discretionary
2021-01-15,AMZN,150.5,151.63,149.16,150.28,47903219,Consumer Discretionary
2021-01-18,AMZN,151.35,154.78,148.54,151.96,63762229,Consumer Discretionary
2021-01-19,AMZN,150.77,153.54,148.23,150.99,75234316,Consumer Discretionary
2021-01-20,AMZN,158.98,162.14,156.16,159.31,38790332,Consumer Discretionary
2021-01-21,AMZN,162.0,163.89,160.47,162.36,72763637,Consumer Discretionary
2021-01-22,AMZN,164.43,168.36,161.22,165.14,56644850,Consumer Discretionary
2021-01-25,AMZN,167.75,170.67,165.53,168.44,53033661,Consumer Discretionary
2021-01-26,AMZN,170.66,172.32,168.94,170.6,63955849,Consumer Discretionary
2021-01-27,AMZN,176.36,179.75,173.62,177.0,69798486,Consumer Discretionary
2021-01-28,AMZN,174.52,177.17,171.2,173.84,55799438,Consumer Discretionary
2021-01-29,AMZN,177.07,180.33,173.17,176.42,55378759,Consumer Discretionary
2021-02-01,AMZN,174.38,176.25,171.77,173.63,66033842,Consumer Discretionary
2021-02-02,AMZN,180.6,184.02,176.66,180.07,61957951,Consumer Discretionary
2021-02-03,AMZN,177.13,178.7,175.94,177.5,75800432,Consumer Discretionary
2021-02-04,AMZN,170.49,172.87,168.82,171.19,65740804,Consumer Discretionary
2021-02-05,AMZN,172.24,175.37,169.48,172.61,49960371,Consumer Discretionary
2021-02-08,AMZN,172.08,174.99,170.01,172.91,68888935,Consumer Discretionary
2021-02-09,AMZN,174.72,176.42,172.4,174.1,69401271,Consumer Discretionary
2021-02-10,AMZN,176.61,179.56,173.97,176.92,58378187,Consumer Discretionary
2021-02-11,AMZN,179.92,182.31,177.82,180.21,71153247,Consumer Discretionary
2021-02-12,AMZN,184.42,186.68,181.56,183.81,42550911,Consumer Discretionary
2021-02-15,AMZN,188.18,189.52,185.96,187.29,61129085,Consumer Discretionary
2021-02-16,AMZN,187.13,189.5,184.72,187.09,46787847,Consumer Discretionary
2021-02-17,AMZN,188.06,191.82,185.09,188.84,60572962,Consumer Discretionary
2021-02-18,AMZN,189.95,192.53,186.6,189.17,58758038,Consumer Discretionary
2021-02-19,AMZN,190.87,192.22,189.38,190.73,42016114,Consumer Discretionary
2021-02-22,AMZN,195.65,198.15,194.07,196.57,58261802,Consumer Discretionary
2021-02-23,AMZN,198.21,199.51,196.97,198.27,74418383,Consumer Discretionary
2021-02-24,AMZN,194.87,198.79,191.79,195.7,47132077,Consumer Discretionary
2021-02-25,AMZN,201.64,204.69,197.82,200.85,39767365,Consumer Discretionary
2021-02-26,AMZN,202.27,205.75,198.68,202.15,59524516,Consumer Discretionary
2021-03-01,AMZN,203.02,206.95,198.6,202.52,71229576,Consumer Discretionary
2021-03-02,AMZN,204.79,206.9,202.57,204.68,62193118,Consumer Discretionary
2021-03-03,AMZN,201.96,203.94,199.84,201.82,47611232,Consumer Discretionary
2021-03-04,AMZN,200.61,202.3,199.18,200.86,66962650,Consumer Discretionary
2021-03-05,AMZN,197.28,201.06,193.58,197.36,63248711,Consumer Discretionary
2021-03-08,AMZN,196.72,198.01,194.65,195.93,60391262,Consumer Discretionary
2021-03-09,AMZN,197.97,201.28,194.09,197.39,48374500,Consumer Discretionary
2021-03-10,AMZN,203.53,206.16,199.98,202.6,41950929,Consumer Discretionary
2021-03-11,AMZN,200.84,203.9,196.87,199.92,50072218,Consumer Discretionary
2021-03-12,AMZN,200.53,204.12,196.08,199.66,67262819,Consumer Discretionary
2021-03-15,AMZN,199.3,201.32,197.61,199.63,39878657,Consumer Discretionary
2021-03-16,AMZN,202.47,206.01,198.23,201.76,62859346,Consumer Discretionary
2021-03-17,AMZN,206.74,209.76,204.61,207.62,67492717,Consumer Discretionary
2021-03-18,AMZN,209.66,212.99,205.48,208.8,66625482,Consumer Discretionary
2021-03-19,AMZN,210.98,214.66,206.79,210.46,62781456,Consumer Discretionary
2021-03-22,AMZN,209.81,212.2,206.59,208.97,63562290,Consumer Discretionary
2021-03-23,AMZN,208.27,211.44,205.98,209.14,49692136,Consumer Discretionary
2021-03-24,AMZN,214.46,217.77,211.64,214.94,47017560,Consumer Discretionary
2021-03-25,AMZN,222.6,226.22,219.73,223.34,69315787,Consumer Discretionary
2021-03-26,AMZN,230.78,233.61,227.78,230.61,44174255,Consumer Discretionary
2021-03-29,AMZN,227.58,230.03,225.33,227.78,69616193,Consumer Discretionary
2021-03-30,AMZN,223.13,227.45,219.44,223.75,62222894,Consumer Discretionary
2021-03-31,AMZN,221.76,223.68,218.77,220.68,75156769,Consumer Discretionary
2021-04-01,AMZN,218.06,220.99,214.7,217.63,69355069,Consumer Discretionary
2021-04-02,AMZN,220.6,224.09,216.68,220.16,75404329,Consumer Discretionary
2021-04-05,AMZN,217.42,220.45,214.09,217.12,71196846,Consumer Discretionary
2021-04-06,AMZN,220.55,223.87,216.73,220.04,47515494,Consumer Discretionary
2021-04-07,AMZN,211.45,214.44,209.22,212.2,57971969,Consumer Discretionary
2021-04-08,AMZN,219.88,222.48,216.2,218.79,62031533,Consumer Discretionary
2021-04-09,AMZN,218.56,222.6,214.89,218.92,70514495,Consumer Discretionary
2021-04-12,AMZN,210.73,213.73,207.33,210.32,49835584,Consumer Discretionary
2021-04-13,AMZN,207.65,210.4,204.63,207.37,61180145,Consumer Discretionary
2021-04-14,AMZN,211.08,215.03,206.3,210.24,75882886,Consumer Discretionary
2021-04-15,AMZN,210.44,213.6,206.31,209.45,70550403,Consumer Discretionary
2021-04-16,AMZN,213.88,215.98,211.94,214.04,47678109,Consumer Discretionary
2021-04-19,AMZN,214.45,216.21,213.36,215.12,38656332,Consumer Discretionary
2021-04-20,AMZN,213.06,216.59,209.69,213.22,50534126,Consumer Discretionary
2021-04-21,AMZN,211.7,215.18,207.53,211.0,76049032,Consumer Discretionary
2021-04-22,AMZN,210.52,213.68,207.44,210.6,50252675,Consumer Discretionary
2021-04-23,AMZN,205.0,207.3,203.29,205.59,54253790,Consumer Discretionary
2021-04-26,AMZN,201.95,206.99,197.94,202.96,46092427,Consumer Discretionary
2021-04-27,AMZN,201.56,203.14,199.55,201.12,52070662,Consumer Discretionary
2021-04-28,AMZN,201.24,204.34,198.85,201.95,54092385,Consumer Discretionary
2021-04-29,AMZN,199.32,200.63,197.95,199.25,42270627,Consumer Discretionary
2021-04-30,AMZN,201.57,204.97,198.04,201.44,66372763,Consumer Discretionary
2021-05-03,AMZN,197.11,199.57,194.89,197.34,42281042,Consumer Discretionary
2021-05-04,AMZN,199.53,202.1,196.93,199.5,56521928,Consumer Discretionary
2021-05-05,AMZN,196.97,200.14,193.16,196.32,67405402,Consumer Discretionary
2021-05-06,AMZN,193.42,194.8,191.8,193.18,41592439,Consumer Discretionary
2021-05-07,AMZN,189.1,192.24,186.18,189.32,43601209,Consumer Discretionary
2021-05-10,AMZN,194.01,197.49,190.32,193.79,52156911,Consumer Discretionary
2021-05-11,AMZN,195.78,196.85,194.64,195.71,74044196,Consumer Discretionary
2021-05-12,AMZN,197.0,199.75,193.35,196.08,43753368,Consumer Discretionary
2021-05-13,AMZN,196.59,199.25,193.36,196.01,58733318,Consumer Discretionary
2021-05-14,AMZN,197.65,198.91,196.23,197.49,62051909,Consumer Discretionary
2021-05-17,AMZN,208.68,212.0,204.82,208.14,68174748,Consumer Discretionary
2021-05-18,AMZN,210.77,214.53,207.62,211.37,54063076,Consumer Discretionary
2021-05-19,AMZN,216.59,220.19,212.02,215.61,41539458,Consumer Discretionary
2021-05-20,AMZN,212.21,215.38,209.44,212.61,47177664,Consumer Discretionary
2021-05-21,AMZN,211.11,213.77,208.24,210.89,38876230,Consumer Discretionary
2021-05-24,AMZN,214.31,217.89,210.06,213.63,75672166,Consumer Discretionary
2021-05-25,AMZN,214.17,215.82,212.32,213.97,54925076,Consumer Discretionary
2021-05-26,AMZN,210.41,212.52,208.16,210.27,68621749,Consumer Discretionary
2021-05-27,AMZN,208.39,209.5,206.31,207.42,69680441,Consumer Discretionary
2021-05-28,AMZN,209.56,212.97,205.62,209.02,53478837,Consumer Discretionary
2021-05-31,AMZN,205.52,209.1,202.18,205.75,73100212,Consumer Discretionary
2021-06-01,AMZN,214.1,216.19,212.46,214.55,59726495,Consumer Discretionary
2021-06-02,AMZN,213.6,215.85,211.51,213.76,57458273,Consumer Discretionary
2021-06-03,AMZN,216.05,219.91,212.15,216.0,52454704,Consumer Discretionary
2021-06-04,AMZN,217.72,219.82,215.82,217.92,58355840,Consumer Discretionary
2021-06-07,AMZN,216.17,220.5,212.67,216.99,47031953,Consumer Discretionary
2021-06-08,AMZN,211.97,214.54,209.7,212.27,53582301,Consumer Discretionary
2021-06-09,AMZN,205.38,209.22,201.91,205.74,57823079,Consumer Discretionary
2021-06-10,AMZN,206.48,210.0,203.52,207.03,66169772,Consumer Discretionary
2021-06-11,AMZN,206.53,209.37,203.8,206.64,69676685,Consumer Discretionary
2021-06-14,AMZN,207.82,209.62,205.24,207.03,60100376,Consumer Discretionary
2021-06-15,AMZN,211.35,214.34,207.58,210.56,69976933,Consumer Discretionary
2021-06-16,AMZN,211.15,214.11,207.67,210.62,55182800,Consumer Discretionary
2021-06-17,AMZN,212.36,216.11,209.55,213.29,41959529,Consumer Discretionary
2021-06-18,AMZN,210.52,215.14,206.85,211.45,45021866,Consumer Discretionary
2021-06-21,AMZN,204.39,208.89,200.93,205.41,49372566,Consumer Discretionary
2021-06-22,AMZN,215.12,218.08,211.95,214.91,68420386,Consumer Discretionary
2021-06-23,AMZN,217.14,219.87,214.39,217.12,66424457,Consumer Discretionary
2021-06-24,AMZN,219.51,222.25,216.53,219.27,73064301,Consumer Discretionary
2021-06-25,AMZN,216.31,218.95,213.93,216.56,38636636,Consumer Discretionary
2021-06-28,AMZN,220.64,224.83,217.51,221.68,57909716,Consumer Discretionary
2021-06-29,AMZN,221.78,225.56,217.89,221.67,48880992,Consumer Discretionary
2021-06-30,AMZN,220.72,224.95,217.01,221.23,66721723,Consumer Discretionary
2021-07-01,AMZN,218.46,222.28,215.37,219.18,73347654,Consumer Discretionary
2021-07-02,AMZN,217.76,219.5,214.96,216.7,38781453,Consumer Discretionary
2021-07-05,AMZN,218.9,221.53,216.94,219.56,39038746,Consumer Discretionary
2021-07-06,AMZN,218.7,222.2,214.79,218.28,69005512,Consumer Discretionary
2021-07-07,AMZN,216.18,218.21,214.27,216.3,63875870,Consumer Discretionary
2021-07-08,AMZN,216.73,219.24,213.79,216.3,62907976,Consumer Discretionary
2021-07-09,AMZN,217.14,218.6,215.07,216.53,66246039,Consumer Discretionary
2021-07-12,AMZN,219.65,223.68,216.39,220.41,48817863,Consumer Discretionary
2021-07-13,AMZN,222.83,225.75,220.4,223.32,47270696,Consumer Discretionary
2021-07-14,AMZN,222.23,226.03,218.13,221.92,60270677,Consumer Discretionary
2021-07-15,AMZN,228.01,229.92,225.16,227.06,45860547,Consumer Discretionary
2021-07-16,AMZN,225.87,229.69,221.02,224.82,66493070,Consumer Discretionary
2021-07-19,AMZN,223.17,227.61,218.4,222.83,46872223,Consumer Discretionary
2021-07-20,AMZN,222.81,225.0,221.01,223.2,38774505,Consumer Discretionary
2021-07-21,AMZN,226.64,230.63,223.19,227.17,69884554,Consumer Discretionary
2021-07-22,AMZN,223.64,226.0,221.32,223.68,75679023,Consumer Discretionary
2021-07-23,AMZN,228.98,230.96,226.5,228.47,67572034,Consumer Discretionary
2021-07-26,AMZN,234.44,236.39,232.49,234.44,51982774,Consumer Discretionary
2021-07-27,AMZN,237.04,240.97,232.83,236.75,56825347,Consumer Discretionary
2021-07-28,AMZN,233.87,238.4,229.97,234.49,67514442,Consumer Discretionary
2021-07-29,AMZN,228.72,232.83,223.76,227.86,68671433,Consumer Discretionary
2021-07-30,AMZN,224.82,227.32,221.25,223.74,53114355,Consumer Discretionary
2021-08-02,AMZN,218.94,222.88,215.75,219.68,76247282,Consumer Discretionary
2021-08-03,AMZN,218.96,222.37,215.01,218.41,41032403,Consumer Discretionary
2021-08-04,AMZN,216.14,219.7,212.0,215.55,64363249,Consumer Discretionary
2021-08-05,AMZN,210.67,212.67,208.69,210.69,42751723,Consumer Discretionary
2021-08-06,AMZN,207.36,210.4,204.86,207.89,51940233,Consumer Discretionary
2021-08-09,AMZN,203.94,206.01,202.42,204.49,41447892,Consumer Discretionary
2021-08-10,AMZN,202.13,205.93,198.27,202.07,53774565,Consumer Discretionary
2021-08-11,AMZN,201.82,204.45,198.93,201.56,73992333,Consumer Discretionary
2021-08-12,AMZN,203.25,205.23,201.69,203.67,76067889,Consumer Discretionary
2021-08-13,AMZN,202.31,205.43,200.17,203.28,44184274,Consumer Discretionary
2021-08-16,AMZN,207.02,208.14,204.9,206.01,49236527,Consumer Discretionary
2021-08-17,AMZN,210.32,214.29,205.33,209.28,61593887,Consumer Discretionary
2021-08-18,AMZN,207.93,209.95,206.79,208.8,57041178,Consumer Discretionary
2021-08-19,AMZN,206.0,208.29,203.5,205.78,55395640,Consumer Discretionary
2021-08-20,AMZN,202.54,206.39,198.62,202.47,65208453,Consumer Discretionary
2021-08-23,AMZN,201.42,205.86,197.7,202.13,47344784,Consumer Discretionary
2021-08-24,AMZN,201.47,203.54,200.14,202.2,58234482,Consumer Discretionary
2021-08-25,AMZN,204.92,207.09,202.91,205.08,76325858,Consumer Discretionary
2021-08-26,AMZN,205.07,206.58,203.48,204.99,42306539,Consumer Discretionary
2021-08-27,AMZN,202.37,204.35,200.33,202.31,74945322,Consumer Discretionary
2021-08-30,AMZN,202.23,205.32,200.03,203.11,53444215,Consumer Discretionary
2021-08-31,AMZN,197.12,199.07,195.7,197.65,62296488,Consumer Discretionary
2021-09-01,AMZN,197.71,198.97,196.52,197.78,61964271,Consumer Discretionary
2021-09-02,AMZN,193.26,196.39,191.07,194.19,76442495,Consumer Discretionary
2021-09-03,AMZN,192.55,194.57,190.0,192.02,51037389,Consumer Discretionary
2021-09-06,AMZN,195.26,197.85,192.89,195.48,51687760,Consumer Discretionary
2021-09-07,AMZN,193.76,195.06,192.73,194.03,72745364,Consumer Discretionary
2021-09-08,AMZN,192.57,196.23,189.61,193.26,61259467,Consumer Discretionary
2021-09-09,AMZN,191.41,194.93,187.52,191.03,44224349,Consumer Discretionary
2021-09-10,AMZN,182.37,186.02,179.08,182.73,55981931,Consumer Discretionary
2021-09-13,AMZN,180.49,182.82,177.54,179.86,74366888,Consumer Discretionary
2021-09-14,AMZN,175.94,180.16,172.61,176.81,73992706,Consumer Discretionary
2021-09-15,AMZN,176.06,177.5,175.04,176.47,58327032,Consumer Discretionary
2021-09-16,AMZN,176.34,178.49,174.01,176.16,56958679,Consumer Discretionary
2021-09-17,AMZN,178.89,182.77,175.49,179.36,49049950,Consumer Discretionary
2021-09-20,AMZN,178.45,182.58,175.09,179.21,61968091,Consumer Discretionary
2021-09-21,AMZN,177.04,179.74,174.33,177.03,65227927,Consumer Discretionary
2021-09-22,AMZN,179.52,180.88,177.53,178.89,43890989,Consumer Discretionary
2021-09-23,AMZN,173.27,175.93,171.36,174.01,59490626,Consumer Discretionary
2021-09-24,AMZN,173.93,176.55,170.56,173.17,66964443,Consumer Discretionary
2021-09-27,AMZN,175.61,177.91,172.56,174.85,56919818,Consumer Discretionary
2021-09-28,AMZN,171.1,173.4,168.65,170.94,54284219,Consumer Discretionary
2021-09-29,AMZN,170.65,174.2,167.65,171.19,59861424,Consumer Discretionary
2021-09-30,AMZN,170.98,173.69,167.59,170.29,72530858,Consumer Discretionary
2021-10-01,AMZN,169.74,171.88,167.36,169.5,53678152,Consumer Discretionary
2021-10-04,AMZN,163.97,165.94,161.35,163.31,74332103,Consumer Discretionary
2021-10-05,AMZN,162.6,166.2,159.6,163.19,71228234,Consumer Discretionary
2021-10-06,AMZN,166.28,169.71,163.08,166.51,58467882,Consumer Discretionary
2021-10-07,AMZN,164.58,167.33,161.74,164.48,76749115,Consumer Discretionary
2021-10-08,AMZN,164.87,166.82,162.57,164.52,69014758,Consumer Discretionary
2021-10-11,AMZN,160.03,162.02,157.48,159.46,59526951,Consumer Discretionary
2021-10-12,AMZN,157.58,159.97,155.82,158.2,53646422,Consumer Discretionary
2021-10-13,AMZN,155.55,158.04,152.42,154.9,48189657,Consumer Discretionary
2021-10-14,AMZN,154.96,157.11,153.36,155.5,65092831,Consumer Discretionary
2021-10-15,AMZN,153.59,156.57,150.39,153.37,62257446,Consumer Discretionary
2021-10-18,AMZN,152.6,155.27,150.57,153.23,66585897,Consumer Discretionary
2021-10-19,AMZN,150.03,152.14,147.69,149.79,73104227,Consumer Discretionary
2021-10-20,AMZN,151.74,154.28,148.77,151.31,74196575,Consumer Discretionary
2021-10-21,AMZN,151.8,154.81,148.67,151.68,42691942,Consumer Discretionary
2021-10-22,AMZN,149.97,151.75,147.76,149.54,39567425,Consumer Discretionary
2021-10-25,AMZN,148.29,149.8,147.42,148.93,66644876,Consumer Discretionary
2021-10-26,AMZN,148.29,150.34,146.43,148.48,42566256,Consumer Discretionary
2021-10-27,AMZN,149.8,152.47,147.41,150.07,48714976,Consumer Discretionary
2021-10-28,AMZN,148.19,150.38,145.91,148.1,52452809,Consumer Discretionary
2021-10-29,AMZN,149.18,151.71,147.0,149.52,69100965,Consumer Discretionary
2021-11-01,AMZN,151.31,153.11,150.03,151.83,68623917,Consumer Discretionary
2021-11-02,AMZN,155.84,158.78,153.41,156.34,42975461,Consumer Discretionary
2021-11-03,AMZN,155.09,157.82,151.94,154.66,51099408,Consumer Discretionary
2021-11-04,AMZN,152.96,155.82,150.69,153.54,58021334,Consumer Discretionary
2021-11-05,AMZN,153.83,154.81,153.02,154.0,41381448,Consumer Discretionary
2021-11-08,AMZN,156.46,158.48,154.56,156.58,55608823,Consumer Discretionary
2021-11-09,AMZN,154.43,155.52,153.55,154.64,67624628,Consumer Discretionary
2021-11-10,AMZN,156.4,158.05,154.42,156.06,52724930,Consumer Discretionary
2021-11-11,AMZN,154.78,156.54,152.92,154.68,75101254,Consumer Discretionary
2021-11-12,AMZN,154.44,156.19,153.42,155.16,61906351,Consumer Discretionary
2021-11-15,AMZN,157.17,160.19,153.39,156.4,57140323,Consumer Discretionary
2021-11-16,AMZN,156.57,158.45,154.46,156.34,59891938,Consumer Discretionary
2021-11-17,AMZN,157.48,159.77,154.61,156.89,67232787,Consumer Discretionary
2021-11-18,AMZN,152.3,154.26,150.4,152.36,63124667,Consumer Discretionary
2021-11-19,AMZN,153.05,154.92,151.24,153.11,39127777,Consumer Discretionary
2021-11-22,AMZN,153.89,155.08,152.72,153.91,70172158,Consumer Discretionary
2021-11-23,AMZN,149.39,150.76,147.99,149.36,51781040,Consumer Discretionary
2021-11-24,AMZN,152.16,153.16,150.47,151.47,71404944,Consumer Discretionary
2021-11-25,AMZN,152.63,153.57,151.36,152.3,51881826,Consumer Discretionary
2021-11-26,AMZN,146.5,149.71,143.58,146.79,47691430,Consumer Discretionary
2021-11-29,AMZN,147.8,149.8,145.32,147.31,45911976,Consumer Discretionary
2021-11-30,AMZN,141.06,143.9,138.85,141.68,73878987,Consumer Discretionary
2021-12-01,AMZN,138.57,139.43,137.14,138.0,57396079,Consumer Discretionary
2021-12-02,AMZN,137.63,139.24,135.37,136.98,76629790,Consumer Discretionary
2021-12-03,AMZN,139.05,141.63,137.0,139.57,57987548,Consumer Discretionary
2021-12-06,AMZN,140.17,141.98,138.34,140.15,60425435,Consumer Discretionary
2021-12-07,AMZN,140.75,141.49,139.71,140.45,65927180,Consumer Discretionary
2021-12-08,AMZN,136.72,137.64,135.7,136.62,60381905,Consumer Discretionary
2021-12-09,AMZN,136.31,138.97,134.23,136.88,62620377,Consumer Discretionary
2021-12-10,AMZN,137.63,138.9,136.35,137.62,68272956,Consumer Discretionary
2021-12-13,AMZN,140.64,143.38,138.45,141.18,61260614,Consumer Discretionary
2021-12-14,AMZN,141.0,144.25,138.25,141.49,71336922,Consumer Discretionary
2021-12-15,AMZN,142.0,144.21,139.41,141.61,49355395,Consumer Discretionary
2021-12-16,AMZN,143.6,144.94,141.69,143.02,52353533,Consumer Discretionary
2021-12-17,AMZN,135.39,136.19,134.45,135.25,43305480,Consumer Discretionary
2021-12-20,AMZN,133.88,136.15,131.42,133.69,72176970,Consumer Discretionary
2021-12-21,AMZN,132.88,135.64,130.65,133.4,53171221,Consumer Discretionary
2021-12-22,AMZN,135.68,138.05,133.43,135.79,75936071,Consumer Discretionary
2021-12-23,AMZN,133.33,136.13,131.19,133.98,72379449,Consumer Discretionary
2021-12-24,AMZN,136.29,137.67,135.4,136.78,66777957,Consumer Discretionary
2021-12-27,AMZN,141.72,144.27,139.12,141.67,49628414,Consumer Discretionary
2021-12-28,AMZN,142.18,143.86,140.72,142.4,51077106,Consumer Discretionary
2021-12-29,AMZN,146.61,147.88,145.18,146.45,73165604,Consumer Discretionary
2021-12-30,AMZN,142.03,143.85,140.67,142.48,70785240,Consumer Discretionary
2021-12-31,AMZN,142.84,145.14,139.94,142.23,44872509,Consumer Discretionary
2022-01-03,AMZN,138.71,139.7,137.66,138.65,62155695,Consumer Discretionary
2022-01-04,AMZN,142.67,144.41,140.79,142.53,45444621,Consumer Discretionary
2022-01-05,AMZN,140.53,142.24,138.6,140.31,55159198,Consumer Discretionary
2022-01-06,AMZN,139.52,141.71,137.4,139.59,51343583,Consumer Discretionary
2022-01-07,AMZN,146.19,147.72,144.79,146.32,39388950,Consumer Discretionary
2022-01-10,AMZN,145.73,147.92,143.05,145.23,52153143,Consumer Discretionary
2022-01-11,AMZN,145.07,145.9,143.55,144.37,48652382,Consumer Discretionary
2022-01-12,AMZN,147.23,148.44,146.21,147.42,66934446,Consumer Discretionary
2022-01-13,AMZN,152.22,153.65,150.68,152.11,54499059,Consumer Discretionary
2022-01-14,AMZN,151.46,152.75,150.44,151.72,66407514,Consumer Discretionary
2022-01-17,AMZN,150.8,153.53,148.66,151.38,44787912,Consumer Discretionary
2022-01-18,AMZN,152.32,154.55,149.62,151.84,51954768,Consumer Discretionary
2022-01-19,AMZN,147.42,149.97,145.37,147.91,50487988,Consumer Discretionary
2022-01-20,AMZN,151.1,151.9,149.9,150.7,53938878,Consumer Discretionary
2022-01-21,AMZN,151.24,153.85,148.33,150.93,70406654,Consumer Discretionary
2022-01-24,AMZN,153.49,155.4,152.06,153.97,75918368,Consumer Discretionary
2022-01-25,AMZN,153.28,155.7,150.36,152.77,39005634,Consumer Discretionary
2022-01-26,AMZN,153.49,155.07,151.54,153.12,41502339,Consumer Discretionary
2022-01-27,AMZN,150.74,152.89,148.7,150.85,39178235,Consumer Discretionary
2022-01-28,AMZN,152.25,153.88,150.95,152.58,42806607,Consumer Discretionary
2022-01-31,AMZN,150.44,153.01,148.26,150.83,49188350,Consumer Discretionary
2022-02-01,AMZN,149.61,152.42,146.85,149.66,53596933,Consumer Discretionary
2022-02-02,AMZN,150.05,152.43,147.07,149.44,39463898,Consumer Discretionary
2022-02-03,AMZN,150.28,152.04,148.35,150.11,50764679,Consumer Discretionary
2022-02-04,AMZN,151.34,153.85,148.13,150.63,74821953,Consumer Discretionary
2022-02-07,AMZN,151.32,153.1,149.96,151.74,75363385,Consumer Discretionary
2022-02-08,AMZN,150.24,152.47,148.46,150.68,65719383,Consumer Discretionary
2022-02-09,AMZN,148.05,149.78,146.68,148.4,72351088,Consumer Discretionary
2022-02-10,AMZN,144.0,145.71,142.93,144.63,48863677,Consumer Discretionary
2022-02-11,AMZN,149.17,151.84,147.07,149.73,56656394,Consumer Discretionary
2022-02-14,AMZN,149.59,151.75,146.92,149.07,47349979,Consumer Discretionary
2022-02-15,AMZN,144.3,147.18,141.81,144.68,64555511,Consumer Discretionary
2022-02-16,AMZN,146.92,149.18,145.24,147.49,65999143,Consumer Discretionary
2022-02-17,AMZN,146.9,148.6,145.69,147.38,52295432,Consumer Discretionary
2022-02-18,AMZN,146.4,148.96,144.23,146.79,45570969,Consumer Discretionary
2022-02-21,AMZN,145.31,146.1,144.56,145.35,55002854,Consumer Discretionary
2022-02-22,AMZN,144.99,146.88,143.76,145.64,55026351,Consumer Discretionary
2022-02-23,AMZN,151.46,154.01,148.59,151.13,71640603,Consumer Discretionary
2022-02-24,AMZN,152.39,153.17,150.9,151.68,51644371,Consumer Discretionary
2022-02-25,AMZN,149.34,152.68,146.37,149.71,56654150,Consumer Discretionary
2022-02-28,AMZN,149.19,150.95,147.65,149.41,70927860,Consumer Discretionary
2022-03-01,AMZN,149.93,152.36,146.78,149.2,62120315,Consumer Discretionary
2022-03-02,AMZN,151.53,153.97,149.72,152.15,76867614,Consumer Discretionary
2022-03-03,AMZN,147.63,149.59,145.37,147.33,54159581,Consumer Discretionary
2022-03-04,AMZN,149.23,151.2,146.61,148.57,44907148,Consumer Discretionary
2022-03-07,AMZN,149.7,151.63,148.29,150.22,69000312,Consumer Discretionary
2022-03-08,AMZN,146.7,148.19,145.83,147.32,49992023,Consumer Discretionary
2022-03-09,AMZN,149.21,151.25,147.31,149.35,40225427,Consumer Discretionary
2022-03-10,AMZN,150.37,153.28,146.79,149.69,49255218,Consumer Discretionary
2022-03-11,AMZN,148.72,151.1,146.23,148.6,47642852,Consumer Discretionary
2022-03-14,AMZN,147.12,148.44,145.81,147.13,54640622,Consumer Discretionary
2022-03-15,AMZN,148.44,149.83,146.59,147.98,57036322,Consumer Discretionary
2022-03-16,AMZN,144.64,147.24,142.5,145.09,59040045,Consumer Discretionary
2022-03-17,AMZN,146.61,148.04,145.14,146.57,68561794,Consumer Discretionary
2022-03-18,AMZN,142.01,144.57,139.66,142.22,65229669,Consumer Discretionary
2022-03-21,AMZN,142.66,145.39,139.76,142.48,44213789,Consumer Discretionary
2022-03-22,AMZN,137.99,140.65,135.89,138.54,72076250,Consumer Discretionary
2022-03-23,AMZN,134.89,136.77,133.17,135.05,40694753,Consumer Discretionary
2022-03-24,AMZN,131.33,132.74,129.4,130.8,39307845,Consumer Discretionary
2022-03-25,AMZN,128.83,130.39,126.73,128.28,53701378,Consumer Discretionary
2022-03-28,AMZN,130.99,132.49,129.39,130.89,56323087,Consumer Discretionary
2022-03-29,AMZN,129.15,130.75,128.18,129.77,61977748,Consumer Discretionary
2022-03-30,AMZN,126.9,129.8,124.51,127.4,46621679,Consumer Discretionary
2022-03-31,AMZN,128.1,129.45,126.36,127.71,48866522,Consumer Discretionary
2022-04-01,AMZN,122.85,125.65,120.61,123.4,74726829,Consumer Discretionary
2022-04-04,AMZN,127.47,129.18,125.56,127.27,52656046,Consumer Discretionary
2022-04-05,AMZN,127.47,130.04,125.34,127.9,40383105,Consumer Discretionary
2022-04-06,AMZN,129.81,131.23,127.94,129.35,67564683,Consumer Discretionary
2022-04-07,AMZN,132.85,134.54,131.06,132.75,43500873,Consumer Discretionary
2022-04-08,AMZN,131.73,134.05,129.04,131.35,63774110,Consumer Discretionary
2022-04-11,AMZN,130.73,132.3,128.57,130.13,72342730,Consumer Discretionary
2022-04-12,AMZN,127.67,129.7,125.8,127.83,62293857,Consumer Discretionary
2022-04-13,AMZN,124.51,126.34,122.81,124.64,50306947,Consumer Discretionary
2022-04-14,AMZN,127.31,128.72,125.81,127.22,54983191,Consumer Discretionary
2022-04-15,AMZN,124.33,125.44,122.9,124.01,58961498,Consumer Discretionary
2022-04-18,AMZN,126.74,127.67,125.98,126.91,72569168,Consumer Discretionary
2022-04-19,AMZN,127.06,129.36,124.99,127.28,74620051,Consumer Discretionary
2022-04-20,AMZN,129.79,130.59,128.4,129.19,47959646,Consumer Discretionary
2022-04-21,AMZN,132.18,132.95,131.5,132.27,52320361,Consumer Discretionary
2022-04-22,AMZN,135.37,137.14,133.2,134.97,70933585,Consumer Discretionary
2022-04-25,AMZN,133.92,135.49,132.44,134.01,44204842,Consumer Discretionary
2022-04-26,AMZN,131.79,132.54,130.85,131.6,40980848,Consumer Discretionary
2022-04-27,AMZN,130.82,132.91,128.68,130.77,46145444,Consumer Discretionary
2022-04-28,AMZN,127.47,129.55,125.8,127.88,55391382,Consumer Discretionary
2022-04-29,AMZN,133.77,136.09,131.5,133.82,44224923,Consumer Discretionary
2022-05-02,AMZN,134.02,136.57,131.89,134.44,66934170,Consumer Discretionary
2022-05-03,AMZN,132.26,133.93,130.65,132.32,71280248,Consumer Discretionary
2022-05-04,AMZN,128.46,131.08,126.45,129.06,49902711,Consumer Discretionary
2022-05-05,AMZN,132.08,135.12,129.69,132.72,59492257,Consumer Discretionary
2022-05-06,AMZN,138.99,141.2,136.61,138.82,67780489,Consumer Discretionary
2022-05-09,AMZN,137.37,139.55,134.93,137.11,70129284,Consumer Discretionary
2022-05-10,AMZN,138.21,140.38,136.18,138.35,56668500,Consumer Discretionary
2022-05-11,AMZN,137.02,139.18,134.36,136.51,48980423,Consumer Discretionary
2022-05-12,AMZN,136.01,137.39,134.06,135.43,60772704,Consumer Discretionary
2022-05-13,AMZN,138.55,139.61,137.26,138.32,76644342,Consumer Discretionary
2022-05-16,AMZN,139.95,142.38,137.19,139.61,46509796,Consumer Discretionary
2022-05-17,AMZN,143.76,146.37,141.11,143.72,72737665,Consumer Discretionary
2022-05-18,AMZN,139.07,141.07,137.69,139.68,56825074,Consumer Discretionary
2022-05-19,AMZN,138.94,140.2,137.39,138.64,75348602,Consumer Discretionary
2022-05-20,AMZN,142.13,144.31,139.4,141.58,55941424,Consumer Discretionary
2022-05-23,AMZN,144.78,147.18,141.9,144.29,65868711,Consumer Discretionary
2022-05-24,AMZN,144.06,145.88,142.06,143.88,65469519,Consumer Discretionary
2022-05-25,AMZN,143.06,144.32,141.37,142.62,75087494,Consumer Discretionary
2022-05-26,AMZN,143.96,145.68,141.95,143.67,66875497,Consumer Discretionary
2022-05-27,AMZN,144.1,146.25,141.88,144.03,72443446,Consumer Discretionary
2022-05-30,AMZN,144.02,146.35,142.33,144.65,71015420,Consumer Discretionary
2022-05-31,AMZN,142.44,144.59,139.8,141.94,43834076,Consumer Discretionary
2022-06-01,AMZN,139.92,140.68,138.55,139.31,44187539,Consumer Discretionary
2022-06-02,AMZN,138.09,140.46,135.29,137.65,65785150,Consumer Discretionary
2022-06-03,AMZN,134.45,135.39,133.29,134.23,72729833,Consumer Discretionary
2022-06-06,AMZN,136.97,138.65,135.41,137.09,55550044,Consumer Discretionary
2022-06-07,AMZN,136.56,137.41,135.18,136.03,71963540,Consumer Discretionary
2022-06-08,AMZN,135.2,137.9,132.38,135.08,67420878,Consumer Discretionary
2022-06-09,AMZN,134.82,135.9,133.51,134.59,63514714,Consumer Discretionary
2022-06-10,AMZN,135.37,137.88,132.42,134.92,74630958,Consumer Discretionary
2022-06-13,AMZN,134.06,136.48,131.16,133.57,40953348,Consumer Discretionary
2022-06-14,AMZN,133.25,135.61,130.76,133.11,53147111,Consumer Discretionary
2022-06-15,AMZN,132.16,132.93,131.16,131.93,51135767,Consumer Discretionary
2022-06-16,AMZN,128.12,129.66,126.35,127.89,73603320,Consumer Discretionary
2022-06-17,AMZN,131.76,134.12,129.47,131.83,53429651,Consumer Discretionary
2022-06-20,AMZN,129.03,130.3,127.92,129.19,42775285,Consumer Discretionary
2022-06-21,AMZN,128.37,130.88,125.77,128.28,43420524,Consumer Discretionary
2022-06-22,AMZN,126.98,128.29,125.61,126.92,59016097,Consumer Discretionary
2022-06-23,AMZN,130.14,130.86,128.84,129.56,49101963,Consumer Discretionary
2022-06-24,AMZN,132.95,134.22,132.25,133.52,60837503,Consumer Discretionary
2022-06-27,AMZN,136.14,137.74,135.18,136.77,53115618,Consumer Discretionary
2022-06-28,AMZN,138.52,141.05,136.53,139.06,50563121,Consumer Discretionary
2022-06-29,AMZN,140.22,142.29,138.64,140.7,57983845,Consumer Discretionary
2022-06-30,AMZN,142.78,144.33,141.88,143.43,58513661,Consumer Discretionary
2022-07-01,AMZN,140.66,142.46,139.43,141.23,54820634,Consumer Discretionary
2022-07-04,AMZN,144.45,147.16,141.43,144.13,69901212,Consumer Discretionary
2022-07-05,AMZN,146.15,148.79,142.83,145.46,67884993,Consumer Discretionary
2022-07-06,AMZN,140.66,142.84,138.67,140.85,45493264,Consumer Discretionary
2022-07-07,AMZN,141.14,143.3,138.29,140.44,56493309,Consumer Discretionary
2022-07-08,AMZN,135.5,137.66,133.35,135.51,55129436,Consumer Discretionary
2022-07-11,AMZN,135.25,136.76,133.73,135.24,52625482,Consumer Discretionary
2022-07-12,AMZN,135.4,137.6,132.71,134.9,72491084,Consumer Discretionary
2022-07-13,AMZN,133.33,134.45,131.68,132.8,51649722,Consumer Discretionary
2022-07-14,AMZN,132.27,133.55,130.7,131.97,50230809,Consumer Discretionary
2022-07-15,AMZN,131.06,131.99,130.3,131.23,66276425,Consumer Discretionary
2022-07-18,AMZN,131.34,132.64,129.87,131.17,63914598,Consumer Discretionary
2022-07-19,AMZN,135.12,137.28,132.44,134.59,55153733,Consumer Discretionary
2022-07-20,AMZN,133.65,134.89,132.65,133.89,55138439,Consumer Discretionary
2022-07-21,AMZN,131.02,133.73,128.96,131.66,50657737,Consumer Discretionary
2022-07-22,AMZN,130.18,132.35,127.79,129.96,66671988,Consumer Discretionary
2022-07-25,AMZN,128.23,130.43,125.67,127.87,64764051,Consumer Discretionary
2022-07-26,AMZN,126.81,128.28,124.74,126.2,60409318,Consumer Discretionary
2022-07-27,AMZN,125.78,127.05,124.77,126.04,65202154,Consumer Discretionary
2022-07-28,AMZN,128.41,131.25,125.99,128.82,41670340,Consumer Discretionary
2022-07-29,AMZN,123.96,126.22,121.2,123.45,49140604,Consumer Discretionary
2022-08-01,AMZN,120.86,122.15,119.38,120.67,51202305,Consumer Discretionary
2022-08-02,AMZN,118.27,120.9,116.12,118.74,39962315,Consumer Discretionary
2022-08-03,AMZN,117.71,118.92,116.75,117.96,42847673,Consumer Discretionary
2022-08-04,AMZN,121.82,122.55,120.78,121.51,44824647,Consumer Discretionary
2022-08-05,AMZN,121.48,123.92,119.21,121.64,64318323,Consumer Discretionary
2022-08-08,AMZN,120.93,122.26,119.92,121.24,60626304,Consumer Discretionary
2022-08-09,AMZN,121.87,123.5,119.91,121.54,67675812,Consumer Discretionary
2022-08-10,AMZN,122.48,124.39,120.64,122.54,72789654,Consumer Discretionary
2022-08-11,AMZN,122.33,124.08,119.98,121.73,70045737,Consumer Discretionary
2022-08-12,AMZN,121.19,122.1,120.5,121.41,60517215,Consumer Discretionary
2022-08-15,AMZN,124.32,126.29,122.29,124.26,68766021,Consumer Discretionary
2022-08-16,AMZN,121.56,123.08,120.44,121.95,40575792,Consumer Discretionary
2022-08-17,AMZN,120.96,122.61,119.09,120.73,51056764,Consumer Discretionary
2022-08-18,AMZN,119.72,121.97,118.02,120.26,42322793,Consumer Discretionary
2022-08-19,AMZN,117.38,119.36,115.56,117.54,64346360,Consumer Discretionary
2022-08-22,AMZN,117.32,119.37,114.87,116.91,45128454,Consumer Discretionary
2022-08-23,AMZN,115.64,117.06,113.95,115.37,68298252,Consumer Discretionary
2022-08-24,AMZN,112.69,114.9,110.8,113.0,45912590,Consumer Discretionary
2022-08-25,AMZN,110.21,111.74,108.42,109.94,50786871,Consumer Discretionary
2022-08-26,AMZN,108.61,109.32,107.67,108.38,50038366,Consumer Discretionary
2022-08-29,AMZN,108.61,109.81,107.8,108.99,50624017,Consumer Discretionary
2022-08-30,AMZN,105.74,107.36,104.27,105.89,39295481,Consumer Discretionary
2022-08-31,AMZN,105.59,106.49,104.91,105.81,63898622,Consumer Discretionary
2022-09-01,AMZN,107.42,108.12,106.65,107.35,43115606,Consumer Discretionary
2022-09-02,AMZN,110.37,111.64,109.47,110.73,41088302,Consumer Discretionary
2022-09-05,AMZN,108.97,110.65,107.33,109.01,70495557,Consumer Discretionary
2022-09-06,AMZN,107.5,108.58,106.8,107.88,50298622,Consumer Discretionary
2022-09-07,AMZN,108.06,110.06,106.28,108.27,54224120,Consumer Discretionary
2022-09-08,AMZN,104.88,106.32,103.88,105.32,74668194,Consumer Discretionary
2022-09-09,AMZN,103.47,104.84,101.81,103.17,63846748,Consumer Discretionary
2022-09-12,AMZN,106.57,108.37,105.22,107.01,63245241,Consumer Discretionary
2022-09-13,AMZN,108.0,108.88,107.21,108.09,62720856,Consumer Discretionary
2022-09-14,AMZN,109.27,111.1,107.24,109.07,64354040,Consumer Discretionary
2022-09-15,AMZN,109.03,109.99,108.24,109.2,40152122,Consumer Discretionary
2022-09-16,AMZN,107.7,109.4,105.52,107.21,48668250,Consumer Discretionary
2022-09-19,AMZN,107.13,107.84,106.45,107.16,71482881,Consumer Discretionary
2022-09-20,AMZN,105.27,107.15,103.87,105.75,76009481,Consumer Discretionary
2022-09-21,AMZN,110.09,112.43,108.17,110.5,73989213,Consumer Discretionary
2022-09-22,AMZN,109.41,110.84,108.12,109.55,56250553,Consumer Discretionary
2022-09-23,AMZN,110.75,112.69,108.63,110.57,40781065,Consumer Discretionary
2022-09-26,AMZN,106.94,109.4,104.87,107.32,67204366,Consumer Discretionary
2022-09-27,AMZN,105.12,106.98,103.59,105.45,45073184,Consumer Discretionary
2022-09-28,AMZN,104.1,106.06,102.22,104.18,63701195,Consumer Discretionary
2022-09-29,AMZN,102.99,104.28,101.47,102.76,56950831,Consumer Discretionary
2022-09-30,AMZN,99.86,100.93,98.93,100.0,71574491,Consumer Discretionary
2022-10-03,AMZN,101.61,103.12,100.39,101.9,74482307,Consumer Discretionary
2022-10-04,AMZN,100.33,102.49,98.63,100.78,76959304,Consumer Discretionary
2022-10-05,AMZN,99.62,101.5,98.08,99.96,47630955,Consumer Discretionary
2022-10-06,AMZN,102.95,104.53,101.08,102.66,47702883,Consumer Discretionary
2022-10-07,AMZN,101.28,102.38,100.38,101.48,61523707,Consumer Discretionary
2022-10-10,AMZN,100.88,102.05,100.12,101.28,64636267,Consumer Discretionary
2022-10-11,AMZN,103.95,105.68,102.22,103.95,52507559,Consumer Discretionary
2022-10-12,AMZN,106.08,107.42,104.86,106.2,75459418,Consumer Discretionary
2022-10-13,AMZN,105.13,107.18,103.39,105.44,53291282,Consumer Discretionary
2022-10-14,AMZN,104.92,106.3,103.42,104.8,56525079,Consumer Discretionary
2022-10-17,AMZN,108.53,110.39,106.38,108.24,57948579,Consumer Discretionary
2022-10-18,AMZN,110.46,112.43,108.22,110.18,68475401,Consumer Discretionary
2022-10-19,AMZN,113.51,115.98,111.31,113.78,48804454,Consumer Discretionary
2022-10-20,AMZN,114.47,116.57,112.07,114.16,74172003,Consumer Discretionary
2022-10-21,AMZN,114.76,115.44,113.93,114.61,44068191,Consumer Discretionary
2022-10-24,AMZN,113.76,115.58,112.33,114.15,43431022,Consumer Discretionary
2022-10-25,AMZN,117.28,117.89,116.52,117.13,52322370,Consumer Discretionary
2022-10-26,AMZN,119.86,120.86,119.07,120.07,45004347,Consumer Discretionary
2022-10-27,AMZN,123.48,126.07,121.12,123.7,51357210,Consumer Discretionary
2022-10-28,AMZN,121.87,124.01,119.55,121.69,65841606,Consumer Discretionary
2022-10-31,AMZN,122.42,124.2,120.11,121.88,46469532,Consumer Discretionary
2022-11-01,AMZN,124.47,126.94,121.6,124.06,61175444,Consumer Discretionary
2022-11-02,AMZN,120.41,122.21,118.43,120.23,40748254,Consumer Discretionary
2022-11-03,AMZN,123.38,124.4,121.79,122.81,59073030,Consumer Discretionary
2022-11-04,AMZN,124.3,125.63,122.66,123.98,58693979,Consumer Discretionary
2022-11-07,AMZN,124.63,125.28,123.69,124.34,66690376,Consumer Discretionary
2022-11-08,AMZN,122.66,123.58,121.19,122.1,47120463,Consumer Discretionary
2022-11-09,AMZN,124.48,126.44,123.0,124.96,61726369,Consumer Discretionary
2022-11-10,AMZN,124.37,125.87,123.05,124.55,70338609,Consumer Discretionary
2022-11-11,AMZN,125.43,126.08,124.42,125.06,60500769,Consumer Discretionary
2022-11-14,AMZN,122.95,125.38,120.41,122.84,40632096,Consumer Discretionary
2022-11-15,AMZN,121.2,121.9,120.04,120.74,70886744,Consumer Discretionary
2022-11-16,AMZN,124.41,125.68,122.99,124.26,57349267,Consumer Discretionary
2022-11-17,AMZN,126.98,129.46,123.94,126.41,76377801,Consumer Discretionary
2022-11-18,AMZN,125.99,128.26,123.22,125.48,46865232,Consumer Discretionary
2022-11-21,AMZN,125.64,127.83,123.19,125.38,75567280,Consumer Discretionary
2022-11-22,AMZN,122.81,124.99,121.14,123.32,61499857,Consumer Discretionary
2022-11-23,AMZN,124.16,126.41,122.26,124.51,53673365,Consumer Discretionary
2022-11-24,AMZN,123.13,125.01,121.41,123.29,52935487,Consumer Discretionary
2022-11-25,AMZN,117.38,118.2,116.04,116.86,67394033,Consumer Discretionary
2022-11-28,AMZN,119.65,120.25,118.73,119.33,66982107,Consumer Discretionary
2022-11-29,AMZN,122.15,122.94,121.52,122.31,61859786,Consumer Discretionary
2022-11-30,AMZN,124.65,126.12,122.83,124.3,54880145,Consumer Discretionary
2022-12-01,AMZN,124.75,125.66,123.25,124.16,47818539,Consumer Discretionary
2022-12-02,AMZN,118.11,120.4,116.25,118.53,51166985,Consumer Discretionary
2022-12-05,AMZN,120.6,122.38,119.2,120.97,55823443,Consumer Discretionary
2022-12-06,AMZN,120.05,120.93,119.1,119.98,64052960,Consumer Discretionary
2022-12-07,AMZN,121.34,122.06,120.17,120.89,45627924,Consumer Discretionary
2022-12-08,AMZN,116.91,117.89,115.74,116.72,56546915,Consumer Discretionary
2022-12-09,AMZN,117.58,119.49,116.11,118.02,69520829,Consumer Discretionary
2022-12-12,AMZN,114.97,117.03,113.33,115.39,52898975,Consumer Discretionary
2022-12-13,AMZN,114.02,115.98,111.99,113.94,42682977,Consumer Discretionary
2022-12-14,AMZN,113.35,114.84,112.15,113.64,58422423,Consumer Discretionary
2022-12-15,AMZN,112.02,114.07,110.04,112.09,55183668,Consumer Discretionary
2022-12-16,AMZN,109.61,111.65,107.49,109.53,60298356,Consumer Discretionary
2022-12-19,AMZN,110.37,111.36,109.27,110.25,60672552,Consumer Discretionary
2022-12-20,AMZN,109.45,110.65,107.73,108.92,72452802,Consumer Discretionary
2022-12-21,AMZN,109.26,111.03,107.45,109.22,56289302,Consumer Discretionary
2022-12-22,AMZN,108.92,109.98,108.07,109.13,68297490,Consumer Discretionary
2022-12-23,AMZN,112.62,113.95,110.87,112.19,44194578,Consumer Discretionary
2022-12-26,AMZN,112.29,113.71,110.71,112.13,58398665,Consumer Discretionary
2022-12-27,AMZN,112.31,114.37,109.71,111.76,42959634,Consumer Discretionary
2022-12-28,AMZN,111.6,112.79,110.82,112.01,64725318,Consumer Discretionary
2022-12-29,AMZN,113.1,114.3,111.65,112.84,54110651,Consumer Discretionary
2022-12-30,AMZN,116.48,118.16,114.5,116.17,59606312,Consumer Discretionary
2023-01-02,AMZN,114.65,116.63,113.15,115.12,54315097,Consumer Discretionary
2023-01-03,AMZN,116.82,118.4,115.28,116.86,73180107,Consumer Discretionary
2023-01-04,AMZN,116.24,118.4,113.72,115.87,52948975,Consumer Discretionary
2023-01-05,AMZN,116.77,118.73,114.93,116.89,47454853,Consumer Discretionary
2023-01-06,AMZN,115.19,116.86,114.02,115.69,51273434,Consumer Discretionary
2023-01-09,AMZN,116.24,117.62,114.33,115.71,50566307,Consumer Discretionary
2023-01-10,AMZN,115.81,118.27,113.66,116.12,45852302,Consumer Discretionary
2023-01-11,AMZN,115.19,116.66,113.52,114.99,40206791,Consumer Discretionary
2023-01-12,AMZN,113.88,114.88,112.93,113.93,51243666,Consumer Discretionary
2023-01-13,AMZN,113.22,115.0,111.43,113.21,44673825,Consumer Discretionary
2023-01-16,AMZN,114.05,116.39,111.95,114.29,66648547,Consumer Discretionary
2023-01-17,AMZN,108.34,110.15,106.04,107.84,57692537,Consumer Discretionary
2023-01-18,AMZN,103.61,105.26,102.13,103.78,64609902,Consumer Discretionary
2023-01-19,AMZN,103.1,104.39,101.87,103.16,71435499,Consumer Discretionary
2023-01-20,AMZN,106.46,107.07,105.44,106.05,71304688,Consumer Discretionary
2023-01-23,AMZN,105.22,106.56,103.89,105.23,52429583,Consumer Discretionary
2023-01-24,AMZN,104.75,107.25,102.66,105.16,61223286,Consumer Discretionary
2023-01-25,AMZN,102.93,104.5,100.92,102.48,68537834,Consumer Discretionary
2023-01-26,AMZN,99.92,101.77,98.46,100.3,52888740,Consumer Discretionary
2023-01-27,AMZN,100.52,101.23,99.43,100.14,67360414,Consumer Discretionary
2023-01-30,AMZN,99.29,100.91,97.52,99.14,58021176,Consumer Discretionary
2023-01-31,AMZN,101.92,102.83,101.18,102.09,43771258,Consumer Discretionary
2023-02-01,AMZN,100.88,102.83,99.28,101.22,65531371,Consumer Discretionary
2023-02-02,AMZN,101.89,103.5,100.32,101.93,43706303,Consumer Discretionary
2023-02-03,AMZN,103.79,104.99,102.78,103.98,65464827,Consumer Discretionary
2023-02-06,AMZN,103.15,103.84,102.12,102.81,67798780,Consumer Discretionary
2023-02-07,AMZN,104.31,105.12,103.27,104.08,64237757,Consumer Discretionary
2023-02-08,AMZN,106.53,108.59,104.8,106.86,44567227,Consumer Discretionary
2023-02-09,AMZN,106.1,107.15,105.19,106.24,69056101,Consumer Discretionary
2023-02-10,AMZN,109.52,111.28,107.31,109.06,40757238,Consumer Discretionary
2023-02-13,AMZN,107.1,107.65,106.34,106.89,49252568,Consumer Discretionary
2023-02-14,AMZN,106.28,107.34,105.17,106.23,42442905,Consumer Discretionary
2023-02-15,AMZN,104.25,105.96,102.72,104.43,62859532,Consumer Discretionary
2023-02-16,AMZN,103.44,105.6,101.63,103.78,74338614,Consumer Discretionary
2023-02-17,AMZN,108.41,109.82,106.55,107.95,46497608,Consumer Discretionary
2023-02-20,AMZN,107.21,108.82,105.7,107.31,68307554,Consumer Discretionary
2023-02-21,AMZN,107.11,108.63,105.6,107.12,73649938,Consumer Discretionary
2023-02-22,AMZN,105.86,107.29,104.73,106.16,61911895,Consumer Discretionary
2023-02-23,AMZN,105.66,107.24,104.14,105.72,57234486,Consumer Discretionary
2023-02-24,AMZN,106.24,108.3,103.93,105.99,42758167,Consumer Discretionary
2023-02-27,AMZN,108.49,109.38,107.1,107.98,66468923,Consumer Discretionary
2023-02-28,AMZN,107.86,110.09,105.84,108.07,67061874,Consumer Discretionary
2023-03-01,AMZN,109.15,111.09,107.44,109.37,59706428,Consumer Discretionary
2023-03-02,AMZN,105.26,106.8,103.74,105.28,70346380,Consumer Discretionary
2023-03-03,AMZN,105.47,107.31,103.26,105.1,69431807,Consumer Discretionary
2023-03-06,AMZN,103.25,104.64,101.98,103.37,70507986,Consumer Discretionary
2023-03-07,AMZN,102.27,103.8,101.01,102.53,58032725,Consumer Discretionary
2023-03-08,AMZN,106.6,107.36,105.64,106.4,51432969,Consumer Discretionary
2023-03-09,AMZN,107.41,108.37,105.97,106.92,68409918,Consumer Discretionary
2023-03-10,AMZN,103.9,105.65,102.03,103.77,70808153,Consumer Discretionary
2023-03-13,AMZN,105.04,106.76,103.22,104.94,75503289,Consumer Discretionary
2023-03-14,AMZN,108.35,109.2,107.02,107.87,53955369,Consumer Discretionary
2023-03-15,AMZN,105.33,107.1,103.97,105.73,59294136,Consumer Discretionary
2023-03-16,AMZN,110.02,111.58,107.93,109.48,76044907,Consumer Discretionary
2023-03-17,AMZN,107.92,110.19,105.82,108.08,76663760,Consumer Discretionary
2023-03-20,AMZN,108.47,109.75,106.81,108.09,46828318,Consumer Discretionary
2023-03-21,AMZN,108.68,110.05,106.82,108.18,74960708,Consumer Discretionary
2023-03-22,AMZN,108.48,110.13,106.51,108.16,45292427,Consumer Discretionary
2023-03-23,AMZN,108.53,110.25,106.68,108.4,42024741,Consumer Discretionary
2023-03-24,AMZN,107.49,108.63,106.77,107.91,66387741,Consumer Discretionary
2023-03-27,AMZN,105.32,106.1,104.57,105.35,52243799,Consumer Discretionary
2023-03-28,AMZN,100.24,101.57,98.7,100.03,64861817,Consumer Discretionary
2023-03-29,AMZN,99.11,100.41,97.85,99.15,53815900,Consumer Discretionary
2023-03-30,AMZN,97.38,99.29,95.63,97.54,48485584,Consumer Discretionary
2023-03-31,AMZN,93.6,95.24,92.09,93.73,71109446,Consumer Discretionary
2023-04-03,AMZN,94.18,95.11,93.06,93.99,40236696,Consumer Discretionary
2023-04-04,AMZN,93.19,94.35,92.19,93.34,69942131,Consumer Discretionary
2023-04-05,AMZN,92.55,94.4,90.74,92.59,70256196,Consumer Discretionary
2023-04-06,AMZN,90.64,92.04,88.82,90.22,69727677,Consumer Discretionary
2023-04-07,AMZN,91.3,91.86,90.55,91.11,59116739,Consumer Discretionary
2023-04-10,AMZN,89.99,90.68,89.52,90.21,73987576,Consumer Discretionary
2023-04-11,AMZN,88.6,90.27,86.67,88.34,76298514,Consumer Discretionary
2023-04-12,AMZN,89.22,91.19,87.69,89.66,49581622,Consumer Discretionary
2023-04-13,AMZN,88.58,89.43,88.1,88.94,46925371,Consumer Discretionary
2023-04-14,AMZN,88.49,89.6,87.07,88.18,71685720,Consumer Discretionary
2023-04-17,AMZN,87.72,88.97,86.11,87.35,57752399,Consumer Discretionary
2023-04-18,AMZN,85.83,87.44,84.26,85.87,49173162,Consumer Discretionary
2023-04-19,AMZN,86.29,88.01,84.67,86.39,57881058,Consumer Discretionary
2023-04-20,AMZN,86.62,87.48,85.62,86.48,76808702,Consumer Discretionary
2023-04-21,AMZN,85.24,85.7,84.44,84.9,38651153,Consumer Discretionary
2023-04-24,AMZN,84.34,85.51,83.46,84.62,67657658,Consumer Discretionary
2023-04-25,AMZN,84.48,84.97,83.94,84.43,49854656,Consumer Discretionary
2023-04-26,AMZN,86.23,86.83,85.4,86.0,46870548,Consumer Discretionary
2023-04-27,AMZN,88.69,89.63,87.95,88.89,61090520,Consumer Discretionary
2023-04-28,AMZN,90.94,92.74,89.59,91.38,47811980,Consumer Discretionary
2023-05-01,AMZN,91.7,92.9,90.65,91.85,72540570,Consumer Discretionary
2023-05-02,AMZN,91.56,93.1,89.9,91.44,51514633,Consumer Discretionary
2023-05-03,AMZN,91.45,92.87,89.73,91.14,61400969,Consumer Discretionary
2023-05-04,AMZN,90.71,92.23,88.96,90.48,60511886,Consumer Discretionary
2023-05-05,AMZN,91.64,92.53,90.53,91.42,46461660,Consumer Discretionary
2023-05-08,AMZN,93.53,95.09,91.69,93.25,70152577,Consumer Discretionary
2023-05-09,AMZN,91.62,93.01,90.51,91.9,42339358,Consumer Discretionary
2023-05-10,AMZN,87.75,89.17,86.0,87.41,63557276,Consumer Discretionary
2023-05-11,AMZN,91.83,92.49,90.78,91.43,76580427,Consumer Discretionary
2023-05-12,AMZN,92.24,93.3,91.09,92.15,68423298,Consumer Discretionary
2023-05-15,AMZN,93.5,95.0,91.57,93.06,42922999,Consumer Discretionary
2023-05-16,AMZN,92.3,93.57,90.86,92.12,72768789,Consumer Discretionary
2023-05-17,AMZN,89.39,91.01,87.35,88.96,58215020,Consumer Discretionary
2023-05-18,AMZN,90.21,91.86,88.63,90.28,54759084,Consumer Discretionary
2023-05-19,AMZN,92.86,93.68,91.76,92.57,76453881,Consumer Discretionary
2023-05-22,AMZN,90.98,92.2,90.18,91.39,69898383,Consumer Discretionary
2023-05-23,AMZN,90.74,92.04,89.03,90.32,48211209,Consumer Discretionary
2023-05-24,AMZN,92.34,92.91,91.78,92.35,41790441,Consumer Discretionary
2023-05-25,AMZN,92.5,93.68,91.67,92.85,47129088,Consumer Discretionary
2023-05-26,AMZN,94.32,94.94,93.27,93.89,49224664,Consumer Discretionary
2023-05-29,AMZN,92.51,93.59,91.07,92.14,64576881,Consumer Discretionary
2023-05-30,AMZN,91.59,92.9,90.1,91.4,70409656,Consumer Discretionary
2023-05-31,AMZN,94.48,96.2,92.64,94.35,72765280,Consumer Discretionary
2023-06-01,AMZN,92.87,94.29,91.66,93.08,72382953,Consumer Discretionary
2023-06-02,AMZN,94.65,95.89,93.03,94.27,40046460,Consumer Discretionary
2023-06-05,AMZN,90.99,91.99,89.59,90.58,48111528,Consumer Discretionary
2023-06-06,AMZN,88.85,90.55,86.76,88.45,72462479,Consumer Discretionary
2023-06-07,AMZN,86.32,87.48,85.03,86.19,71980254,Consumer Discretionary
2023-06-08,AMZN,84.4,85.8,82.89,84.29,76316987,Consumer Discretionary
2023-06-09,AMZN,86.83,88.16,85.1,86.42,40709456,Consumer Discretionary
2023-06-12,AMZN,86.77,87.42,86.16,86.81,53317859,Consumer Discretionary
2023-06-13,AMZN,87.24,89.01,85.78,87.54,76079664,Consumer Discretionary
2023-06-14,AMZN,84.98,85.87,84.15,85.04,49077683,Consumer Discretionary
2023-06-15,AMZN,82.65,84.16,81.52,83.02,44262583,Consumer Discretionary
2023-06-16,AMZN,82.41,84.01,81.08,82.67,47567306,Consumer Discretionary
2023-06-19,AMZN,79.51,81.18,78.17,79.83,55342742,Consumer Discretionary
2023-06-20,AMZN,80.36,80.91,79.93,80.48,65410784,Consumer Discretionary
2023-06-21,AMZN,81.34,81.86,80.52,81.03,73515713,Consumer Discretionary
2023-06-22,AMZN,81.65,82.19,80.72,81.25,49954887,Consumer Discretionary
2023-06-23,AMZN,80.21,81.11,79.71,80.61,54228131,Consumer Discretionary
2023-06-26,AMZN,80.15,81.44,78.99,80.28,70713618,Consumer Discretionary
2023-06-27,AMZN,82.79,84.22,81.49,82.91,66770922,Consumer Discretionary
2023-06-28,AMZN,82.44,84.36,80.86,82.78,50285002,Consumer Discretionary
2023-06-29,AMZN,83.46,84.46,82.46,83.46,59374532,Consumer Discretionary
2023-06-30,AMZN,82.93,83.72,82.0,82.79,63335753,Consumer Discretionary
2023-07-03,AMZN,81.45,82.89,80.34,81.77,56863263,Consumer Discretionary
2023-07-04,AMZN,82.91,83.78,82.05,82.92,73991857,Consumer Discretionary
2023-07-05,AMZN,83.86,85.3,82.84,84.27,55395214,Consumer Discretionary
2023-07-06,AMZN,83.68,85.13,82.01,83.45,58265517,Consumer Discretionary
2023-07-07,AMZN,84.9,85.67,84.16,84.93,60202535,Consumer Discretionary
2023-07-10,AMZN,81.94,83.58,80.18,81.82,65229199,Consumer Discretionary
2023-07-11,AMZN,81.57,82.7,80.56,81.69,69798689,Consumer Discretionary
2023-07-12,AMZN,83.04,84.07,81.6,82.63,56099142,Consumer Discretionary
2023-07-13,AMZN,82.8,83.3,82.15,82.65,40295695,Consumer Discretionary
2023-07-14,AMZN,82.45,83.29,81.73,82.57,66970118,Consumer Discretionary
2023-07-17,AMZN,82.11,83.52,81.09,82.5,62248719,Consumer Discretionary
2023-07-18,AMZN,82.16,83.08,80.9,81.81,57733148,Consumer Discretionary
2023-07-19,AMZN,81.38,82.89,80.11,81.61,67797482,Consumer Discretionary
2023-07-20,AMZN,82.75,84.06,81.12,82.42,39802133,Consumer Discretionary
2023-07-21,AMZN,81.49,82.44,80.39,81.34,42163810,Consumer Discretionary
2023-07-24,AMZN,81.36,82.27,80.1,81.0,55283477,Consumer Discretionary
2023-07-25,AMZN,79.92,81.87,78.34,80.28,66136446,Consumer Discretionary
2023-07-26,AMZN,80.37,81.47,79.27,80.37,75877624,Consumer Discretionary
2023-07-27,AMZN,81.75,82.32,80.86,81.43,65112755,Consumer Discretionary
2023-07-28,AMZN,79.66,80.37,78.64,79.34,55027854,Consumer Discretionary
2023-07-31,AMZN,80.78,82.26,79.39,80.87,71260836,Consumer Discretionary
2023-08-01,AMZN,79.12,80.57,77.97,79.41,63512031,Consumer Discretionary
2023-08-02,AMZN,77.66,78.34,77.05,77.73,45056379,Consumer Discretionary
2023-08-03,AMZN,78.08,78.73,77.66,78.31,59150322,Consumer Discretionary
2023-08-04,AMZN,77.27,78.21,76.33,77.27,48035944,Consumer Discretionary
2023-08-07,AMZN,75.63,76.79,74.33,75.48,52281761,Consumer Discretionary
2023-08-08,AMZN,75.32,76.69,73.84,75.21,65952012,Consumer Discretionary
2023-08-09,AMZN,72.73,73.77,72.06,73.1,71816961,Consumer Discretionary
2023-08-10,AMZN,69.11,70.57,67.91,69.37,52903047,Consumer Discretionary
2023-08-11,AMZN,72.27,73.35,71.08,72.16,71623487,Consumer Discretionary
2023-08-14,AMZN,72.66,73.23,72.14,72.71,42243140,Consumer Discretionary
2023-08-15,AMZN,73.09,74.25,72.3,73.45,73083513,Consumer Discretionary
2023-08-16,AMZN,75.31,76.28,74.08,75.05,40806330,Consumer Discretionary
2023-08-17,AMZN,74.04,74.84,73.42,74.22,53387622,Consumer Discretionary
2023-08-18,AMZN,73.57,74.91,72.32,73.65,46379160,Consumer Discretionary
2023-08-21,AMZN,73.74,74.49,73.3,74.05,67761817,Consumer Discretionary
2023-08-22,AMZN,72.51,73.36,71.51,72.35,64768054,Consumer Discretionary
2023-08-23,AMZN,70.9,71.65,70.4,71.15,67580667,Consumer Discretionary
2023-08-24,AMZN,70.09,71.29,68.98,70.18,41480757,Consumer Discretionary
2023-08-25,AMZN,70.37,70.89,70.01,70.52,38855057,Consumer Discretionary
2023-08-28,AMZN,72.87,73.55,72.25,72.93,43174506,Consumer Discretionary
2023-08-29,AMZN,74.63,75.12,73.85,74.34,61040596,Consumer Discretionary
2023-08-30,AMZN,72.48,73.97,71.1,72.59,64570080,Consumer Discretionary
2023-08-31,AMZN,71.71,72.29,71.05,71.63,43489050,Consumer Discretionary
2023-09-01,AMZN,72.7,73.07,72.03,72.39,59863433,Consumer Discretionary
2023-09-04,AMZN,71.53,73.0,70.18,71.65,51119763,Consumer Discretionary
2023-09-05,AMZN,72.5,73.3,71.55,72.35,60283632,Consumer Discretionary
2023-09-06,AMZN,72.26,73.97,70.9,72.6,65765543,Consumer Discretionary
2023-09-07,AMZN,72.2,73.15,71.48,72.43,58150231,Consumer Discretionary
2023-09-08,AMZN,74.0,75.2,73.07,74.27,46272998,Consumer Discretionary
2023-09-11,AMZN,77.52,78.45,76.66,77.59,50725988,Consumer Discretionary
2023-09-12,AMZN,78.56,79.52,77.99,78.95,75854049,Consumer Discretionary
2023-09-13,AMZN,76.21,77.68,74.75,76.22,76809492,Consumer Discretionary
2023-09-14,AMZN,75.41,76.88,74.27,75.74,43032150,Consumer Discretionary
2023-09-15,AMZN,73.57,74.95,72.09,73.47,70962569,Consumer Discretionary
2023-09-18,AMZN,73.88,75.29,72.52,73.92,40368249,Consumer Discretionary
2023-09-19,AMZN,75.11,76.03,74.52,75.44,45766484,Consumer Discretionary
2023-09-20,AMZN,74.81,75.94,73.98,75.1,44919230,Consumer Discretionary
2023-09-21,AMZN,73.45,74.43,72.59,73.57,56504837,Consumer Discretionary
2023-09-22,AMZN,73.22,74.06,72.27,73.11,74581797,Consumer Discretionary
2023-09-25,AMZN,72.58,73.35,72.1,72.87,71333035,Consumer Discretionary
2023-09-26,AMZN,73.97,74.9,72.84,73.77,46793743,Consumer Discretionary
2023-09-27,AMZN,73.83,75.12,72.24,73.52,62966096,Consumer Discretionary
2023-09-28,AMZN,75.6,76.1,74.8,75.3,69010777,Consumer Discretionary
2023-09-29,AMZN,77.16,78.78,75.91,77.52,69260057,Consumer Discretionary
2023-10-02,AMZN,79.6,80.38,79.04,79.82,60719691,Consumer Discretionary
2023-10-03,AMZN,82.84,83.58,81.97,82.71,61910712,Consumer Discretionary
2023-10-04,AMZN,83.27,83.82,82.59,83.14,74072264,Consumer Discretionary
2023-10-05,AMZN,81.91,82.52,81.22,81.83,51661816,Consumer Discretionary
2023-10-06,AMZN,83.73,84.91,82.73,83.91,52134029,Consumer Discretionary
2023-10-09,AMZN,86.1,86.57,85.22,85.69,62554796,Consumer Discretionary
2023-10-10,AMZN,84.4,85.56,83.34,84.5,59265920,Consumer Discretionary
2023-10-11,AMZN,85.35,86.38,84.44,85.47,56361941,Consumer Discretionary
2023-10-12,AMZN,85.52,86.57,84.74,85.79,59929327,Consumer Discretionary
2023-10-13,AMZN,86.64,88.47,85.11,86.94,39760272,Consumer Discretionary
2023-10-16,AMZN,88.79,89.56,87.6,88.37,70407185,Consumer Discretionary
2023-10-17,AMZN,87.34,88.56,85.76,86.97,55643245,Consumer Discretionary
2023-10-18,AMZN,86.15,88.03,84.45,86.33,47751771,Consumer Discretionary
2023-10-19,AMZN,84.68,86.02,83.45,84.78,62615073,Consumer Discretionary
2023-10-20,AMZN,84.14,84.95,83.24,84.04,49116231,Consumer Discretionary
2023-10-23,AMZN,83.52,84.0,82.7,83.18,72503400,Consumer Discretionary
2023-10-24,AMZN,80.95,82.53,79.2,80.78,64784765,Consumer Discretionary
2023-10-25,AMZN,81.71,83.12,80.62,82.02,45785559,Consumer Discretionary
2023-10-26,AMZN,80.81,81.56,79.75,80.5,45159326,Consumer Discretionary
2023-10-27,AMZN,78.1,79.57,76.61,78.08,66049430,Consumer Discretionary
2023-10-30,AMZN,78.17,78.87,77.65,78.35,75402966,Consumer Discretionary
2023-10-31,AMZN,78.33,79.2,77.63,78.49,46107499,Consumer Discretionary
2023-11-01,AMZN,81.52,82.31,80.95,81.74,63229585,Consumer Discretionary
2023-11-02,AMZN,79.58,80.52,78.6,79.54,43211045,Consumer Discretionary
2023-11-03,AMZN,77.21,78.53,75.68,76.99,39331211,Consumer Discretionary
2023-11-06,AMZN,76.98,78.14,76.15,77.31,68996072,Consumer Discretionary
2023-11-07,AMZN,80.26,81.55,78.66,79.94,47601552,Consumer Discretionary
2023-11-08,AMZN,78.87,80.06,77.94,79.12,52792544,Consumer Discretionary
2023-11-09,AMZN,75.63,76.94,74.66,75.97,66022510,Consumer Discretionary
2023-11-10,AMZN,74.66,75.64,73.44,74.42,48963549,Consumer Discretionary
2023-11-13,AMZN,72.08,73.42,70.39,71.72,73892989,Consumer Discretionary
2023-11-14,AMZN,71.69,72.88,70.28,71.47,60589153,Consumer Discretionary
2023-11-15,AMZN,73.82,74.4,73.11,73.69,65940990,Consumer Discretionary
2023-11-16,AMZN,73.9,75.36,72.41,73.87,48947707,Consumer Discretionary
2023-11-17,AMZN,73.5,74.62,72.03,73.15,45322735,Consumer Discretionary
2023-11-20,AMZN,72.16,72.87,71.42,72.13,45053263,Consumer Discretionary
2023-11-21,AMZN,73.83,74.34,73.44,73.95,71816775,Consumer Discretionary
2023-11-22,AMZN,70.73,71.18,70.33,70.78,67844729,Consumer Discretionary
2023-11-23,AMZN,70.88,72.25,69.18,70.54,54745821,Consumer Discretionary
2023-11-24,AMZN,69.54,71.21,68.2,69.86,67217802,Consumer Discretionary
2023-11-27,AMZN,70.04,71.25,69.01,70.22,58031762,Consumer Discretionary
2023-11-28,AMZN,70.78,71.27,70.03,70.52,52279076,Consumer Discretionary
2023-11-29,AMZN,71.81,73.1,70.78,72.06,46437346,Consumer Discretionary
2023-11-30,AMZN,70.97,72.38,69.38,70.79,75535916,Consumer Discretionary
2023-12-01,AMZN,72.57,73.5,71.89,72.81,57868135,Consumer Discretionary
2023-12-04,AMZN,71.74,72.86,70.85,71.97,66728953,Consumer Discretionary
2023-12-05,AMZN,73.21,74.21,72.45,73.44,51281360,Consumer Discretionary
2023-12-06,AMZN,75.48,76.5,74.3,75.31,57052799,Consumer Discretionary
2023-12-07,AMZN,74.94,76.18,73.97,75.21,73715600,Consumer Discretionary
2023-12-08,AMZN,73.76,75.16,72.23,73.62,39178809,Consumer Discretionary
2023-12-11,AMZN,71.99,72.93,70.96,71.9,76794187,Consumer Discretionary
2023-12-12,AMZN,73.79,75.26,72.06,73.53,40957493,Consumer Discretionary
2023-12-13,AMZN,74.9,76.35,73.38,74.82,69334140,Consumer Discretionary
2023-12-14,AMZN,73.8,74.75,72.98,73.93,56334899,Consumer Discretionary
2023-12-15,AMZN,76.93,77.59,76.38,77.04,71518273,Consumer Discretionary
2023-12-18,AMZN,76.89,77.59,76.46,77.16,43316972,Consumer Discretionary
2023-12-19,AMZN,79.88,80.76,78.6,79.48,45174280,Consumer Discretionary
2023-12-20,AMZN,79.11,79.68,78.21,78.78,72458944,Consumer Discretionary
2023-12-21,AMZN,79.3,79.73,78.67,79.1,63735429,Consumer Discretionary
2023-12-22,AMZN,78.43,79.73,77.13,78.43,76668099,Consumer Discretionary
2023-12-25,AMZN,78.24,78.89,77.8,78.45,53767020,Consumer Discretionary
2023-12-26,AMZN,78.37,79.29,77.12,78.04,60060168,Consumer Discretionary
2023-12-27,AMZN,77.03,77.54,76.59,77.1,54534880,Consumer Discretionary
2023-12-28,AMZN,78.25,79.77,76.65,78.17,62972566,Consumer Discretionary
2023-12-29,AMZN,76.62,77.82,75.21,76.41,62949466,Consumer Discretionary
2021-01-04,NVDA,135.5,136.66,133.84,135.0,54561773,Technology
2021-01-05,NVDA,134.77,136.94,131.94,134.1,56779585,Technology
2021-01-06,NVDA,130.88,133.16,128.02,130.29,36260720,Technology
2021-01-07,NVDA,130.1,131.72,128.38,130.0,41872185,Technology
2021-01-08,NVDA,141.44,143.93,138.59,141.07,54207816,Technology
2021-01-11,NVDA,141.49,144.66,138.67,141.83,54666903,Technology
2021-01-12,NVDA,142.48,144.64,140.59,142.75,36558486,Technology
2021-01-13,NVDA,136.51,139.03,133.87,136.38,57485415,Technology
2021-01-14,NVDA,133.42,135.55,131.66,133.79,42132787,Technology
2021-01-15,NVDA,133.83,135.27,131.77,133.2,31677448,Technology
2021-01-18,NVDA,139.24,141.99,135.83,138.57,62878749,Technology
2021-01-19,NVDA,140.38,142.09,138.03,139.73,43961374,Technology
2021-01-20,NVDA,143.72,144.9,142.94,144.12,61276831,Technology
2021-01-21,NVDA,148.98,149.76,148.13,148.91,33881450,Technology
2021-01-22,NVDA,145.64,147.6,144.29,146.24,58575151,Technology
2021-01-25,NVDA,155.76,157.92,152.99,155.14,53183125,Technology
2021-01-26,NVDA,154.48,157.5,151.44,154.46,51619383,Technology
2021-01-27,NVDA,158.37,160.55,156.21,158.39,58147720,Technology
2021-01-28,NVDA,158.81,161.14,156.01,158.33,56270464,Technology
2021-01-29,NVDA,162.45,163.73,160.93,162.21,37788912,Technology
2021-02-01,NVDA,155.19,157.32,152.79,154.92,62912904,Technology
2021-02-02,NVDA,166.37,167.96,165.46,167.05,33926340,Technology
2021-02-03,NVDA,168.81,170.66,166.42,168.27,58087774,Technology
2021-02-04,NVDA,166.75,169.43,163.42,166.09,41670088,Technology
2021-02-05,NVDA,156.61,158.3,155.62,157.31,58342180,Technology
2021-02-08,NVDA,152.97,155.41,150.23,152.67,42199804,Technology
2021-02-09,NVDA,156.9,158.58,154.51,156.18,33509849,Technology
2021-02-10,NVDA,159.91,162.87,157.25,160.21,32730220,Technology
2021-02-11,NVDA,164.81,167.75,162.15,165.09,54247646,Technology
2021-02-12,NVDA,159.49,161.98,156.94,159.43,55987253,Technology
2021-02-15,NVDA,156.76,159.25,154.61,157.1,54624631,Technology
2021-02-16,NVDA,158.27,161.25,156.08,159.05,59901791,Technology
2021-02-17,NVDA,158.92,161.02,156.25,158.34,59306210,Technology
2021-02-18,NVDA,166.06,168.0,164.11,166.05,44596263,Technology
2021-02-19,NVDA,168.21,170.19,165.58,167.55,56326536,Technology
2021-02-22,NVDA,174.28,175.48,172.89,174.09,62871059,Technology
2021-02-23,NVDA,169.78,172.15,166.94,169.3,55725436,Technology
2021-02-24,NVDA,171.29,173.27,169.53,171.51,54308407,Technology
2021-02-25,NVDA,177.86,180.08,175.51,177.73,53956532,Technology
2021-02-26,NVDA,180.26,183.68,177.26,180.67,36124003,Technology
2021-03-01,NVDA,181.89,183.6,180.17,181.88,42277451,Technology
2021-03-02,NVDA,179.7,182.95,177.27,180.51,47557137,Technology
2021-03-03,NVDA,174.13,175.96,172.24,174.07,44809800,Technology
2021-03-04,NVDA,177.17,178.81,174.83,176.46,37320097,Technology
2021-03-05,NVDA,170.51,173.11,167.21,169.79,48468103,Technology
2021-03-08,NVDA,162.19,165.75,159.25,162.8,47054346,Technology
2021-03-09,NVDA,173.01,175.93,170.96,173.87,45462606,Technology
2021-03-10,NVDA,177.38,179.25,175.21,177.08,61057388,Technology
2021-03-11,NVDA,168.16,169.51,167.1,168.45,45488039,Technology
2021-03-12,NVDA,170.69,172.71,168.21,170.22,45466963,Technology
2021-03-15,NVDA,162.74,163.62,161.52,162.4,59372135,Technology
2021-03-16,NVDA,164.39,166.48,162.17,164.26,36632497,Technology
2021-03-17,NVDA,165.12,166.94,163.75,165.56,45068372,Technology
2021-03-18,NVDA,169.07,172.27,165.83,169.03,37551075,Technology
2021-03-19,NVDA,170.56,172.3,169.03,170.76,51132657,Technology
2021-03-22,NVDA,173.57,175.78,171.56,173.76,49288950,Technology
2021-03-23,NVDA,167.07,169.23,165.63,167.78,32269050,Technology
2021-03-24,NVDA,169.02,171.2,167.54,169.71,42094730,Technology
2021-03-25,NVDA,163.3,166.01,160.25,162.95,50744220,Technology
2021-03-26,NVDA,162.67,165.93,159.78,163.03,59379193,Technology
2021-03-29,NVDA,162.64,164.59,160.85,162.8,44268575,Technology
2021-03-30,NVDA,158.03,159.05,156.26,157.28,35862963,Technology
2021-03-31,NVDA,154.62,156.47,153.06,154.9,33852402,Technology
2021-04-01,NVDA,157.15,159.02,156.01,157.87,40710741,Technology
2021-04-02,NVDA,160.47,163.62,157.58,160.73,35396292,Technology
2021-04-05,NVDA,161.4,163.77,158.24,160.6,38818199,Technology
2021-04-06,NVDA,166.74,168.27,164.43,165.96,37131453,Technology
2021-04-07,NVDA,161.1,163.57,159.06,161.52,60869084,Technology
2021-04-08,NVDA,171.43,174.81,167.52,170.89,41415690,Technology
2021-04-09,NVDA,165.08,167.34,163.26,165.51,59558875,Technology
2021-04-12,NVDA,164.76,167.98,161.68,164.89,52180791,Technology
2021-04-13,NVDA,172.62,174.02,171.33,172.73,51392221,Technology
2021-04-14,NVDA,170.83,172.91,168.99,171.07,31531468,Technology
2021-04-15,NVDA,163.17,165.95,159.77,162.54,62038101,Technology
2021-04-16,NVDA,170.24,172.93,167.47,170.16,39982462,Technology
2021-04-19,NVDA,176.62,180.15,172.93,176.46,52956353,Technology
2021-04-20,NVDA,177.02,179.72,173.72,176.41,31804684,Technology
2021-04-21,NVDA,176.23,177.69,174.48,175.94,59697090,Technology
2021-04-22,NVDA,166.01,168.69,163.47,166.15,42888998,Technology
2021-04-23,NVDA,169.59,172.32,166.46,169.18,50622326,Technology
2021-04-26,NVDA,165.67,167.22,163.42,164.97,48884218,Technology
2021-04-27,NVDA,170.72,174.1,167.84,171.21,42337284,Technology
2021-04-28,NVDA,170.31,174.18,167.22,171.08,47637932,Technology
2021-04-29,NVDA,174.77,176.91,172.2,174.33,40379653,Technology
2021-04-30,NVDA,178.07,179.55,175.84,177.31,49508854,Technology
2021-05-03,NVDA,173.36,175.03,172.22,173.89,62963020,Technology
2021-05-04,NVDA,176.38,177.78,174.79,176.19,44734034,Technology
2021-05-05,NVDA,178.9,182.17,175.18,178.44,50303968,Technology
2021-05-06,NVDA,175.4,176.31,173.84,174.74,45507025,Technology
2021-05-07,NVDA,169.42,172.64,166.21,169.43,53368071,Technology
2021-05-10,NVDA,173.74,174.79,172.27,173.32,42146874,Technology
2021-05-11,NVDA,176.43,178.93,174.62,177.11,36126000,Technology
2021-05-12,NVDA,171.75,173.39,170.41,172.05,59597052,Technology
2021-05-13,NVDA,168.49,170.26,166.34,168.11,34106546,Technology
2021-05-14,NVDA,176.96,179.44,174.51,176.99,62305675,Technology
2021-05-17,NVDA,184.79,188.14,181.52,184.87,55916997,Technology
2021-05-18,NVDA,182.75,184.19,181.2,182.64,33850500,Technology
2021-05-19,NVDA,186.07,188.49,184.17,186.58,54145659,Technology
2021-05-20,NVDA,187.65,189.97,184.87,187.18,47731806,Technology
2021-05-21,NVDA,187.61,188.79,185.99,187.17,57746721,Technology
2021-05-24,NVDA,181.88,185.25,178.38,181.75,55237938,Technology
2021-05-25,NVDA,189.0,192.74,185.92,189.65,36672951,Technology
2021-05-26,NVDA,182.28,183.72,181.17,182.61,46415520,Technology
2021-05-27,NVDA,175.54,179.17,172.03,175.66,54376641,Technology
2021-05-28,NVDA,182.01,185.36,179.21,182.55,33342975,Technology
2021-05-31,NVDA,180.95,183.34,178.21,180.59,62944931,Technology
2021-06-01,NVDA,182.06,183.95,179.46,181.34,43530872,Technology
2021-06-02,NVDA,185.13,187.97,182.11,184.95,33168831,Technology
2021-06-03,NVDA,183.28,185.3,182.15,184.16,43181273,Technology
2021-06-04,NVDA,183.71,187.29,180.74,184.31,50584368,Technology
2021-06-07,NVDA,185.69,187.42,183.41,185.14,56649478,Technology
2021-06-08,NVDA,181.76,184.78,178.69,181.71,40463851,Technology
2021-06-09,NVDA,182.71,186.43,179.58,183.29,40627427,Technology
2021-06-10,NVDA,183.79,185.22,182.05,183.47,53116434,Technology
2021-06-11,NVDA,175.82,178.57,173.22,175.97,34655386,Technology
2021-06-14,NVDA,187.13,190.62,183.63,187.12,44319624,Technology
2021-06-15,NVDA,194.05,197.34,191.37,194.65,35675286,Technology
2021-06-16,NVDA,201.01,203.79,198.78,201.56,39195144,Technology
2021-06-17,NVDA,206.33,210.12,202.48,206.27,46729275,Technology
2021-06-18,NVDA,204.12,207.25,200.08,203.2,35034254,Technology
2021-06-21,NVDA,195.85,199.28,192.26,195.69,36104208,Technology
2021-06-22,NVDA,198.07,199.97,196.2,198.1,53272080,Technology
2021-06-23,NVDA,194.89,196.57,193.14,194.82,53067156,Technology
2021-06-24,NVDA,191.07,193.31,188.15,190.38,58887961,Technology
2021-06-25,NVDA,192.38,194.7,189.16,191.47,33880930,Technology
2021-06-28,NVDA,198.72,199.96,197.72,198.96,50434557,Technology
2021-06-29,NVDA,199.28,202.21,196.4,199.33,35433824,Technology
2021-06-30,NVDA,197.84,199.34,195.66,197.15,58839200,Technology
2021-07-01,NVDA,191.27,194.16,188.07,190.96,50326987,Technology
2021-07-02,NVDA,186.42,188.05,184.92,186.55,53420681,Technology
2021-07-05,NVDA,186.1,189.44,183.67,187.0,61537039,Technology
2021-07-06,NVDA,184.64,188.35,181.38,185.08,50918456,Technology
2021-07-07,NVDA,183.11,187.32,179.66,183.85,47345428,Technology
2021-07-08,NVDA,184.01,186.36,181.83,184.18,57821041,Technology
2021-07-09,NVDA,180.73,183.46,178.79,181.52,33573888,Technology
2021-07-12,NVDA,177.27,178.43,176.27,177.43,54129797,Technology
2021-07-13,NVDA,170.99,172.37,169.36,170.74,53143286,Technology
2021-07-14,NVDA,176.39,177.95,174.65,176.21,53073352,Technology
2021-07-15,NVDA,183.38,185.88,181.18,183.68,51003273,Technology
2021-07-16,NVDA,172.09,175.61,168.71,172.22,43839655,Technology
2021-07-19,NVDA,176.15,179.02,174.04,176.9,48924643,Technology
2021-07-20,NVDA,179.83,182.3,178.04,180.51,46187087,Technology
2021-07-21,NVDA,197.06,198.25,196.06,197.25,34830660,Technology
2021-07-22,NVDA,200.41,201.49,198.69,199.76,60361837,Technology
2021-07-23,NVDA,191.98,193.54,190.34,191.9,40255681,Technology
2021-07-26,NVDA,200.66,203.28,198.17,200.79,39975108,Technology
2021-07-27,NVDA,214.72,218.87,211.39,215.53,33171792,Technology
2021-07-28,NVDA,222.14,225.81,218.11,221.77,47203572,Technology
2021-07-29,NVDA,217.67,220.3,215.05,217.68,45266258,Technology
2021-07-30,NVDA,217.57,219.94,215.2,217.57,48148227,Technology
2021-08-02,NVDA,208.87,212.08,205.22,208.43,43395316,Technology
2021-08-03,NVDA,210.98,213.62,208.62,211.25,48400876,Technology
2021-08-04,NVDA,214.83,217.37,211.47,214.0,53435379,Technology
2021-08-05,NVDA,206.29,210.1,202.06,205.86,62086252,Technology
2021-08-06,NVDA,201.46,204.39,197.62,200.53,36482351,Technology
2021-08-09,NVDA,198.36,199.51,197.05,198.2,62480035,Technology
2021-08-10,NVDA,199.42,202.25,197.17,200.0,47928555,Technology
2021-08-11,NVDA,195.26,198.5,192.38,195.62,54015234,Technology
2021-08-12,NVDA,198.74,202.64,194.06,197.95,40684939,Technology
2021-08-13,NVDA,203.29,205.57,201.28,203.55,43928412,Technology
2021-08-16,NVDA,211.81,213.19,209.89,211.26,43008186,Technology
2021-08-17,NVDA,213.69,217.58,208.91,212.78,32269586,Technology
2021-08-18,NVDA,212.4,216.61,207.75,211.95,47892355,Technology
2021-08-19,NVDA,211.73,214.03,209.39,211.69,41725678,Technology
2021-08-20,NVDA,218.67,222.71,215.53,219.56,51065361,Technology
2021-08-23,NVDA,216.86,219.9,214.88,217.91,48910231,Technology
2021-08-24,NVDA,221.84,225.04,218.81,222.0,33777016,Technology
2021-08-25,NVDA,216.4,220.38,212.18,216.16,35144968,Technology
2021-08-26,NVDA,210.21,212.88,207.55,210.22,33402658,Technology
2021-08-27,NVDA,210.94,213.91,207.32,210.29,55093753,Technology
2021-08-30,NVDA,214.99,216.72,212.49,214.21,42290078,Technology
2021-08-31,NVDA,209.13,214.06,205.12,210.03,46815573,Technology
2021-09-01,NVDA,210.07,213.54,207.14,210.6,55798475,Technology
2021-09-02,NVDA,202.88,206.8,199.96,203.86,50663610,Technology
2021-09-03,NVDA,200.1,203.19,197.62,200.71,62866069,Technology
2021-09-06,NVDA,209.36,213.67,205.5,209.8,48543734,Technology
2021-09-07,NVDA,208.39,210.42,205.79,207.82,60805440,Technology
2021-09-08,NVDA,205.22,207.35,202.47,204.59,47199837,Technology
2021-09-09,NVDA,197.83,200.0,194.81,196.97,47577747,Technology
2021-09-10,NVDA,191.75,194.05,189.12,191.42,39728877,Technology
2021-09-13,NVDA,200.01,201.98,197.18,199.15,52873690,Technology
2021-09-14,NVDA,184.98,188.63,181.76,185.4,48629390,Technology
2021-09-15,NVDA,189.8,193.86,186.09,190.14,36555009,Technology
2021-09-16,NVDA,183.02,185.55,180.7,183.23,36526682,Technology
2021-09-17,NVDA,184.26,187.64,180.0,183.36,49410338,Technology
2021-09-20,NVDA,190.31,193.47,186.48,189.63,53580933,Technology
2021-09-21,NVDA,182.07,183.73,181.04,182.7,33736159,Technology
2021-09-22,NVDA,180.46,181.74,179.53,180.81,43859212,Technology
2021-09-23,NVDA,180.28,182.63,178.73,181.07,48190687,Technology
2021-09-24,NVDA,191.31,193.05,189.01,190.75,31753657,Technology
2021-09-27,NVDA,190.98,194.35,186.77,190.12,54058254,Technology
2021-09-28,NVDA,183.97,186.91,180.25,183.18,38085745,Technology
2021-09-29,NVDA,188.26,192.01,184.01,187.75,54386977,Technology
2021-09-30,NVDA,197.24,199.29,195.1,197.15,52098410,Technology
2021-10-01,NVDA,203.41,206.32,200.09,202.99,34095024,Technology
2021-10-04,NVDA,198.11,200.29,196.06,198.24,39709822,Technology
2021-10-05,NVDA,194.89,197.08,193.41,195.6,43041076,Technology
2021-10-06,NVDA,196.75,200.06,194.31,197.61,61313429,Technology
2021-10-07,NVDA,194.19,197.39,190.55,193.74,36945106,Technology
2021-10-08,NVDA,192.15,194.85,189.39,192.09,62447768,Technology
2021-10-11,NVDA,182.94,185.91,179.84,182.8,58300598,Technology
2021-10-12,NVDA,182.05,184.28,180.72,182.94,53242350,Technology
2021-10-13,NVDA,187.24,189.18,186.03,187.96,54957442,Technology
2021-10-14,NVDA,189.81,191.53,187.85,189.57,60398318,Technology
2021-10-15,NVDA,179.64,181.91,177.89,180.15,34856730,Technology
2021-10-18,NVDA,189.97,192.14,188.65,190.81,34260734,Technology
2021-10-19,NVDA,185.65,188.12,183.52,185.98,53756665,Technology
2021-10-20,NVDA,186.25,189.61,182.37,185.72,48215073,Technology
2021-10-21,NVDA,192.93,194.19,191.27,192.53,42929104,Technology
2021-10-22,NVDA,196.0,197.23,194.1,195.33,42153820,Technology
2021-10-25,NVDA,192.78,194.38,190.48,192.07,59917216,Technology
2021-10-26,NVDA,192.86,195.09,190.92,193.14,49758298,Technology
2021-10-27,NVDA,184.83,188.61,181.87,185.64,50190325,Technology
2021-10-28,NVDA,189.59,193.71,185.93,190.04,60128057,Technology
2021-10-29,NVDA,191.41,195.54,187.72,191.85,55257358,Technology
2021-11-01,NVDA,193.55,195.21,191.43,193.09,56618729,Technology
2021-11-02,NVDA,194.55,196.24,192.44,194.13,57081292,Technology
2021-11-03,NVDA,196.77,199.48,194.73,197.43,34396883,Technology
2021-11-04,NVDA,189.9,192.49,186.42,189.0,57422935,Technology
2021-11-05,NVDA,187.65,189.82,185.42,187.58,40305128,Technology
2021-11-08,NVDA,198.36,199.88,196.88,198.4,46100299,Technology
2021-11-09,NVDA,196.73,199.25,193.33,195.84,50522701,Technology
2021-11-10,NVDA,193.13,196.58,190.41,193.85,62889399,Technology
2021-11-11,NVDA,188.7,191.83,184.87,187.99,44550462,Technology
2021-11-12,NVDA,180.64,182.9,178.34,180.6,37613977,Technology
2021-11-15,NVDA,190.83,193.76,187.14,190.06,36656733,Technology
2021-11-16,NVDA,191.82,193.03,190.16,191.36,40105857,Technology
2021-11-17,NVDA,188.28,190.98,185.21,187.91,41640189,Technology
2021-11-18,NVDA,176.66,179.7,173.53,176.57,58873481,Technology
2021-11-19,NVDA,180.3,183.27,176.69,179.64,32135083,Technology
2021-11-22,NVDA,171.62,173.82,170.14,172.33,45425615,Technology
2021-11-23,NVDA,169.22,172.38,166.11,169.27,58265960,Technology
2021-11-24,NVDA,175.88,177.91,174.14,176.16,59710194,Technology
2021-11-25,NVDA,180.1,182.15,177.54,179.58,38954271,Technology
2021-11-26,NVDA,177.96,181.38,174.41,177.83,55418692,Technology
2021-11-29,NVDA,179.76,180.91,178.62,179.77,59882712,Technology
2021-11-30,NVDA,173.92,177.88,170.76,174.71,41066501,Technology
2021-12-01,NVDA,173.04,175.63,171.02,173.61,54494946,Technology
2021-12-02,NVDA,179.21,180.88,177.82,179.49,52393340,Technology
2021-12-03,NVDA,179.67,181.87,177.05,179.24,61778048,Technology
2021-12-06,NVDA,186.19,187.45,184.55,185.8,38755840,Technology
2021-12-07,NVDA,189.66,192.69,187.53,190.55,35781082,Technology
2021-12-08,NVDA,192.19,194.38,190.31,192.49,59836934,Technology
2021-12-09,NVDA,201.87,205.13,197.68,200.92,50370752,Technology
2021-12-10,NVDA,198.92,200.98,197.2,199.26,41574831,Technology
2021-12-13,NVDA,200.33,202.31,198.0,199.98,48220449,Technology
2021-12-14,NVDA,194.58,197.38,192.48,195.27,32197383,Technology
2021-12-15,NVDA,192.43,194.79,190.84,193.19,56241518,Technology
2021-12-16,NVDA,190.77,192.05,189.07,190.34,43648248,Technology
2021-12-17,NVDA,187.79,188.94,186.06,187.2,49758362,Technology
2021-12-20,NVDA,193.82,195.47,191.41,193.06,32925636,Technology
2021-12-21,NVDA,193.47,195.02,191.43,192.98,53845404,Technology
2021-12-22,NVDA,192.02,194.66,190.23,192.86,58529459,Technology
2021-12-23,NVDA,193.24,195.71,191.36,193.83,47755947,Technology
2021-12-24,NVDA,188.53,192.92,185.01,189.39,55622828,Technology
2021-12-27,NVDA,196.0,198.82,193.34,196.15,54938533,Technology
2021-12-28,NVDA,203.58,208.11,199.61,204.13,36024891,Technology
2021-12-29,NVDA,209.93,213.85,205.66,209.58,45296559,Technology
2021-12-30,NVDA,205.3,208.09,202.01,204.8,55850504,Technology
2021-12-31,NVDA,207.99,212.05,204.08,208.14,40742443,Technology
2022-01-03,NVDA,201.16,204.27,198.22,201.33,50229851,Technology
2022-01-04,NVDA,204.95,207.98,202.63,205.66,46286942,Technology
2022-01-05,NVDA,202.3,205.41,198.6,201.7,47039777,Technology
2022-01-06,NVDA,207.51,209.24,205.96,207.69,56268258,Technology
2022-01-07,NVDA,220.09,222.55,217.2,219.66,47477230,Technology
2022-01-10,NVDA,212.44,214.27,209.98,211.81,34152723,Technology
2022-01-11,NVDA,221.99,225.51,219.13,222.64,33612567,Technology
2022-01-12,NVDA,232.82,235.74,229.9,232.82,53767378,Technology
2022-01-13,NVDA,243.5,247.44,239.02,242.95,44401100,Technology
2022-01-14,NVDA,230.87,234.21,227.35,230.69,44779195,Technology
2022-01-17,NVDA,235.02,238.3,230.7,233.97,37576152,Technology
2022-01-18,NVDA,239.8,245.36,235.34,240.88,41214260,Technology
2022-01-19,NVDA,229.69,231.83,227.26,229.4,35633585,Technology
2022-01-20,NVDA,237.45,241.78,232.35,236.67,52040073,Technology
2022-01-21,NVDA,231.36,234.11,227.62,230.36,57668516,Technology
2022-01-24,NVDA,224.09,226.89,220.85,223.64,49358293,Technology
2022-01-25,NVDA,206.43,209.64,203.58,206.78,46055665,Technology
2022-01-26,NVDA,200.86,202.39,199.62,201.15,53418598,Technology
2022-01-27,NVDA,191.82,195.52,187.26,190.94,49005270,Technology
2022-01-28,NVDA,190.92,194.22,188.23,191.52,53402205,Technology
2022-01-31,NVDA,191.65,193.22,190.49,192.06,52553445,Technology
2022-02-01,NVDA,195.92,198.71,194.03,196.81,57703917,Technology
2022-02-02,NVDA,197.72,200.51,195.81,198.59,33855827,Technology
2022-02-03,NVDA,193.52,195.85,191.82,194.15,55890453,Technology
2022-02-04,NVDA,200.04,202.01,197.47,199.43,36976148,Technology
2022-02-07,NVDA,206.89,209.45,203.94,206.5,52037711,Technology
2022-02-08,NVDA,215.8,218.82,211.88,214.89,38698542,Technology
2022-02-09,NVDA,221.46,224.21,217.87,220.61,33953653,Technology
2022-02-10,NVDA,209.42,211.21,208.2,209.98,51440168,Technology
2022-02-11,NVDA,221.41,224.08,219.44,222.1,45952272,Technology
2022-02-14,NVDA,207.06,210.53,204.12,207.58,40971772,Technology
2022-02-15,NVDA,215.39,218.45,211.38,214.43,52754364,Technology
2022-02-16,NVDA,221.69,225.71,217.98,221.99,40076012,Technology
2022-02-17,NVDA,221.87,224.49,218.58,221.19,45873438,Technology
2022-02-18,NVDA,223.68,227.64,218.65,222.59,33768839,Technology
2022-02-21,NVDA,209.37,211.3,208.18,210.11,43607644,Technology
2022-02-22,NVDA,207.16,208.6,204.95,206.39,32229106,Technology
2022-02-23,NVDA,208.25,210.94,206.22,208.91,60843488,Technology
2022-02-24,NVDA,219.59,222.89,215.4,218.69,62128354,Technology
2022-02-25,NVDA,206.57,209.7,204.0,207.12,37602456,Technology
2022-02-28,NVDA,214.55,216.34,212.31,214.1,32774040,Technology
2022-03-01,NVDA,215.06,216.3,213.59,214.83,51724800,Technology
2022-03-02,NVDA,221.76,225.37,218.44,222.04,56887263,Technology
2022-03-03,NVDA,224.29,228.11,221.37,225.18,56608628,Technology
2022-03-04,NVDA,227.82,233.25,223.42,228.83,43827567,Technology
2022-03-07,NVDA,221.7,225.23,218.97,222.49,58832831,Technology
2022-03-08,NVDA,216.71,218.72,214.1,216.1,52636326,Technology
2022-03-09,NVDA,215.7,219.39,212.69,216.37,38452160,Technology
2022-03-10,NVDA,212.06,213.82,210.85,212.61,42381473,Technology
2022-03-11,NVDA,215.87,219.94,212.09,216.16,55270586,Technology
2022-03-14,NVDA,215.7,218.2,212.6,215.09,62252555,Technology
2022-03-15,NVDA,223.28,225.2,220.56,222.47,51087458,Technology
2022-03-16,NVDA,218.44,222.21,214.35,218.11,44854409,Technology
2022-03-17,NVDA,223.01,225.86,221.13,223.97,48368828,Technology
2022-03-18,NVDA,226.22,230.71,221.2,225.68,41811384,Technology
2022-03-21,NVDA,226.22,230.16,221.68,225.61,40371527,Technology
2022-03-22,NVDA,223.46,225.49,222.29,224.32,59135144,Technology
2022-03-23,NVDA,228.28,232.76,224.27,228.75,40483655,Technology
2022-03-24,NVDA,226.75,230.58,221.95,225.76,56042823,Technology
2022-03-25,NVDA,223.41,227.14,220.26,223.99,48061059,Technology
2022-03-28,NVDA,239.11,241.14,236.35,238.38,43689274,Technology
2022-03-29,NVDA,241.67,246.2,237.44,241.96,57460706,Technology
2022-03-30,NVDA,240.49,243.04,238.09,240.63,50887885,Technology
2022-03-31,NVDA,243.55,245.02,240.99,242.46,49568582,Technology
2022-04-01,NVDA,246.79,249.9,242.86,245.96,58771525,Technology
2022-04-04,NVDA,259.21,262.54,254.8,258.11,33539239,Technology
2022-04-05,NVDA,275.54,277.39,273.43,275.27,42653074,Technology
2022-04-06,NVDA,271.8,275.53,268.55,272.27,44248847,Technology
2022-04-07,NVDA,276.17,280.96,271.13,275.91,62916353,Technology
2022-04-08,NVDA,288.66,294.17,283.81,289.31,39826871,Technology
2022-04-11,NVDA,285.55,288.42,281.71,284.57,32359560,Technology
2022-04-12,NVDA,295.77,298.27,292.09,294.58,51656737,Technology
2022-04-13,NVDA,282.84,286.02,280.46,283.64,58672470,Technology
2022-04-14,NVDA,291.48,297.57,286.11,292.19,44746076,Technology
2022-04-15,NVDA,283.16,288.12,277.44,282.39,57138357,Technology
2022-04-18,NVDA,295.0,298.77,290.04,293.79,41767473,Technology
2022-04-19,NVDA,294.98,297.15,292.21,294.37,48489664,Technology
2022-04-20,NVDA,291.64,298.09,286.44,292.87,58076310,Technology
2022-04-21,NVDA,296.25,299.03,293.01,295.79,32764056,Technology
2022-04-22,NVDA,304.07,308.37,299.12,303.41,43115631,Technology
2022-04-25,NVDA,299.82,302.29,297.24,299.71,57745510,Technology
2022-04-26,NVDA,298.67,302.36,295.73,299.41,40286462,Technology
2022-04-27,NVDA,300.37,306.58,294.59,300.79,31613533,Technology
2022-04-28,NVDA,300.66,305.69,295.04,300.06,35549900,Technology
2022-04-29,NVDA,306.08,312.13,299.7,305.75,47274553,Technology
2022-05-02,NVDA,290.16,293.27,285.91,289.01,39184849,Technology
2022-05-03,NVDA,278.11,281.75,275.53,279.16,55412251,Technology
2022-05-04,NVDA,262.03,265.68,258.09,261.74,38381818,Technology
2022-05-05,NVDA,278.34,282.45,273.5,277.6,42773488,Technology
2022-05-06,NVDA,284.01,289.28,279.18,284.44,55381361,Technology
2022-05-09,NVDA,283.92,285.48,282.21,283.77,62040086,Technology
2022-05-10,NVDA,282.91,289.12,277.33,283.53,45404071,Technology
2022-05-11,NVDA,285.24,286.94,282.49,284.18,49410022,Technology
2022-05-12,NVDA,276.7,280.77,273.72,277.78,61323169,Technology
2022-05-13,NVDA,294.44,298.9,290.63,295.08,42531776,Technology
2022-05-16,NVDA,303.56,306.31,300.5,303.25,60793852,Technology
2022-05-17,NVDA,308.02,313.64,302.52,308.14,57534729,Technology
2022-05-18,NVDA,307.32,311.58,303.83,308.08,62477576,Technology
2022-05-19,NVDA,301.72,305.14,298.84,302.25,62675325,Technology
2022-05-20,NVDA,305.76,307.9,302.83,304.97,60978101,Technology
2022-05-23,NVDA,323.17,328.91,319.07,324.79,43314356,Technology
2022-05-24,NVDA,332.61,335.11,330.39,332.89,56385842,Technology
2022-05-25,NVDA,327.73,331.75,323.93,327.95,49038868,Technology
2022-05-26,NVDA,336.12,340.73,330.33,334.93,41213196,Technology
2022-05-27,NVDA,323.97,329.58,318.15,323.76,40966680,Technology
2022-05-30,NVDA,316.62,320.05,313.64,317.06,51114837,Technology
2022-05-31,NVDA,303.79,306.36,299.96,302.52,49609746,Technology
2022-06-01,NVDA,301.36,308.42,295.69,302.73,42292258,Technology
2022-06-02,NVDA,304.77,307.1,303.14,305.47,58653203,Technology
2022-06-03,NVDA,307.65,309.56,305.94,307.85,35203362,Technology
2022-06-06,NVDA,319.0,322.59,314.34,317.92,51126737,Technology
2022-06-07,NVDA,314.8,320.34,309.75,315.28,61248527,Technology
2022-06-08,NVDA,305.02,310.03,300.25,305.26,44933641,Technology
2022-06-09,NVDA,294.53,300.06,288.78,294.31,53750945,Technology
2022-06-10,NVDA,290.72,294.81,287.45,291.53,54292117,Technology
2022-06-13,NVDA,297.67,301.87,293.47,297.67,51156659,Technology
2022-06-14,NVDA,294.33,296.72,291.09,293.47,61367128,Technology
2022-06-15,NVDA,297.1,303.1,291.64,297.63,44289181,Technology
2022-06-16,NVDA,291.19,296.18,285.93,290.91,48759304,Technology
2022-06-17,NVDA,303.24,308.97,297.4,303.13,47720568,Technology
2022-06-20,NVDA,295.92,298.87,294.25,297.2,31733739,Technology
2022-06-21,NVDA,303.5,309.46,297.82,303.78,46259683,Technology
2022-06-22,NVDA,306.27,311.69,300.53,305.94,50699300,Technology
2022-06-23,NVDA,311.25,314.19,307.28,310.21,36723644,Technology
2022-06-24,NVDA,327.48,330.39,325.58,328.49,39933722,Technology
2022-06-27,NVDA,337.57,340.69,333.89,337.0,38361474,Technology
2022-06-28,NVDA,327.91,334.25,322.94,329.26,36136877,Technology
2022-06-29,NVDA,330.53,334.71,324.98,329.14,58576379,Technology
2022-06-30,NVDA,322.37,328.67,315.6,321.89,52788168,Technology
2022-07-01,NVDA,320.91,325.52,315.91,320.52,36134290,Technology
2022-07-04,NVDA,307.55,311.95,303.5,307.9,45439922,Technology
2022-07-05,NVDA,303.22,308.26,299.32,304.35,42823863,Technology
2022-07-06,NVDA,299.32,301.1,296.12,297.89,35233632,Technology
2022-07-07,NVDA,300.12,302.78,296.3,298.95,46705366,Technology
2022-07-08,NVDA,301.89,304.37,299.77,302.24,35149841,Technology
2022-07-11,NVDA,299.21,302.97,296.82,300.56,45304166,Technology
2022-07-12,NVDA,291.94,296.93,286.7,291.69,50599877,Technology
2022-07-13,NVDA,296.86,299.7,294.48,297.32,58125126,Technology
2022-07-14,NVDA,295.27,297.14,292.36,294.22,46736235,Technology
2022-07-15,NVDA,307.0,312.96,301.61,307.56,42173552,Technology
2022-07-18,NVDA,320.44,325.65,314.33,319.53,38733807,Technology
2022-07-19,NVDA,319.03,326.64,312.78,320.36,33657843,Technology
2022-07-20,NVDA,329.58,334.17,324.27,328.85,61767913,Technology
2022-07-21,NVDA,317.01,322.05,313.5,318.52,50491234,Technology
2022-07-22,NVDA,317.85,321.03,314.88,318.06,46886788,Technology
2022-07-25,NVDA,325.41,327.4,323.47,325.46,44929069,Technology
2022-07-26,NVDA,320.35,325.38,314.86,319.88,37334295,Technology
2022-07-27,NVDA,319.51,322.9,316.92,320.31,37136938,Technology
2022-07-28,NVDA,329.84,334.74,323.34,328.22,52041412,Technology
2022-07-29,NVDA,328.37,333.3,323.74,328.67,41346278,Technology
2022-08-01,NVDA,302.54,308.19,295.51,301.13,47148449,Technology
2022-08-02,NVDA,286.88,289.56,283.43,286.11,35672388,Technology
2022-08-03,NVDA,276.62,281.18,271.19,275.74,35434474,Technology
2022-08-04,NVDA,273.9,279.28,267.22,272.58,61006663,Technology
2022-08-05,NVDA,272.9,276.99,269.5,273.59,49833292,Technology
2022-08-08,NVDA,263.72,267.49,260.74,264.5,44845806,Technology
2022-08-09,NVDA,262.97,268.05,259.04,264.1,42002667,Technology
2022-08-10,NVDA,294.11,295.66,291.83,293.38,51681774,Technology
2022-08-11,NVDA,296.64,298.4,293.52,295.27,32212579,Technology
2022-08-12,NVDA,293.35,297.41,288.49,292.54,56318733,Technology
2022-08-15,NVDA,298.68,300.33,295.83,297.47,60431227,Technology
2022-08-16,NVDA,296.82,300.85,292.84,296.87,32913325,Technology
2022-08-17,NVDA,283.7,287.77,279.89,283.96,55843401,Technology
2022-08-18,NVDA,294.72,297.98,290.93,294.18,34694356,Technology
2022-08-19,NVDA,292.27,295.38,290.23,293.33,32934053,Technology
2022-08-22,NVDA,303.0,306.98,298.15,302.11,50727952,Technology
2022-08-23,NVDA,301.63,305.74,296.99,301.09,42198827,Technology
2022-08-24,NVDA,307.8,311.59,304.59,308.37,53931431,Technology
2022-08-25,NVDA,299.43,303.13,297.21,300.9,50280188,Technology
2022-08-26,NVDA,291.72,297.3,285.82,291.4,56162032,Technology
2022-08-29,NVDA,298.57,303.09,294.06,298.58,54129360,Technology
2022-08-30,NVDA,295.16,301.11,290.04,295.97,42088110,Technology
2022-08-31,NVDA,292.0,294.58,289.56,292.14,59379533,Technology
2022-09-01,NVDA,296.66,300.05,293.64,297.03,58601567,Technology
2022-09-02,NVDA,306.76,310.67,302.75,306.65,58615237,Technology
2022-09-05,NVDA,314.66,318.55,310.21,314.09,34197806,Technology
2022-09-06,NVDA,319.33,322.09,316.88,319.64,47087430,Technology
2022-09-07,NVDA,319.41,325.63,311.72,317.91,58312708,Technology
2022-09-08,NVDA,309.15,312.16,304.72,307.72,53214237,Technology
2022-09-09,NVDA,301.74,305.03,297.85,301.13,32020465,Technology
2022-09-12,NVDA,311.85,314.09,308.59,310.83,51835569,Technology
2022-09-13,NVDA,319.84,323.19,316.49,319.84,60011977,Technology
2022-09-14,NVDA,321.42,326.41,316.77,321.75,35290289,Technology
2022-09-15,NVDA,329.33,332.43,324.68,327.76,45276936,Technology
2022-09-16,NVDA,340.24,344.35,336.13,340.24,59349276,Technology
2022-09-19,NVDA,344.17,349.01,338.67,343.5,43766526,Technology
2022-09-20,NVDA,342.9,344.76,339.57,341.43,61397521,Technology
2022-09-21,NVDA,366.33,373.38,357.69,364.71,57180121,Technology
2022-09-22,NVDA,361.97,367.5,355.22,360.73,50417206,Technology
2022-09-23,NVDA,361.05,363.98,358.52,361.44,62095789,Technology
2022-09-26,NVDA,359.77,363.46,354.77,358.45,34436161,Technology
2022-09-27,NVDA,358.62,362.76,355.03,359.16,33125480,Technology
2022-09-28,NVDA,348.51,351.95,346.14,349.58,57891191,Technology
2022-09-29,NVDA,342.9,345.63,340.86,343.59,31820512,Technology
2022-09-30,NVDA,338.94,344.17,333.3,338.53,51816941,Technology
2022-10-03,NVDA,355.99,360.82,352.21,357.03,54190086,Technology
2022-10-04,NVDA,352.65,360.01,346.6,353.93,46835126,Technology
2022-10-05,NVDA,359.8,364.15,356.66,361.0,54631247,Technology
2022-10-06,NVDA,364.17,369.98,359.41,365.21,41265000,Technology
2022-10-07,NVDA,376.13,383.46,367.51,374.82,59218322,Technology
2022-10-10,NVDA,370.57,374.98,365.71,370.11,43368183,Technology
2022-10-11,NVDA,360.94,363.53,358.71,361.3,50210393,Technology
2022-10-12,NVDA,352.5,355.78,348.01,351.28,36259655,Technology
2022-10-13,NVDA,368.58,373.86,364.71,369.97,44252212,Technology
2022-10-14,NVDA,357.15,359.96,355.15,357.96,44123160,Technology
2022-10-17,NVDA,366.28,370.74,361.66,366.12,40162220,Technology
2022-10-18,NVDA,370.04,374.79,365.26,370.01,41459608,Technology
2022-10-19,NVDA,371.69,378.18,365.04,371.52,41966496,Technology
2022-10-20,NVDA,366.45,373.49,358.17,365.19,62451516,Technology
2022-10-21,NVDA,365.42,371.5,359.8,365.87,40347111,Technology
2022-10-24,NVDA,371.96,377.52,364.65,370.18,51241525,Technology
2022-10-25,NVDA,371.95,379.38,365.17,372.59,44319044,Technology
2022-10-26,NVDA,386.07,393.25,377.92,385.08,62414425,Technology
2022-10-27,NVDA,395.71,402.49,389.13,395.91,48228642,Technology
2022-10-28,NVDA,377.84,384.83,370.65,377.64,39545017,Technology
2022-10-31,NVDA,359.41,363.56,355.21,359.35,34546674,Technology
2022-11-01,NVDA,350.26,357.31,344.6,351.63,44254907,Technology
2022-11-02,NVDA,351.9,358.02,345.89,352.01,58023488,Technology
2022-11-03,NVDA,348.83,352.36,343.72,347.24,38098255,Technology
2022-11-04,NVDA,343.75,345.67,340.56,342.47,55194385,Technology
2022-11-07,NVDA,340.53,343.42,336.02,338.89,47321824,Technology
2022-11-08,NVDA,330.87,337.24,324.48,330.85,46364049,Technology
2022-11-09,NVDA,334.63,339.11,330.7,335.18,48311597,Technology
2022-11-10,NVDA,342.39,348.03,338.35,343.98,39703709,Technology
2022-11-11,NVDA,341.2,344.0,337.16,339.95,50364404,Technology
2022-11-14,NVDA,326.58,331.95,319.74,325.09,51787237,Technology
2022-11-15,NVDA,305.97,312.6,299.93,306.55,37367416,Technology
2022-11-16,NVDA,307.83,311.32,304.43,307.92,59703888,Technology
2022-11-17,NVDA,300.75,305.42,296.72,301.38,54892979,Technology
2022-11-18,NVDA,303.42,308.28,299.6,304.45,49669823,Technology
2022-11-21,NVDA,304.04,309.72,297.34,303.0,49984514,Technology
2022-11-22,NVDA,298.67,303.11,295.49,299.91,46293941,Technology
2022-11-23,NVDA,302.27,307.62,297.35,302.69,38916575,Technology
2022-11-24,NVDA,309.15,315.01,302.31,308.16,51605682,Technology
2022-11-25,NVDA,287.34,290.39,285.31,288.36,34751417,Technology
2022-11-28,NVDA,290.57,295.84,286.43,291.69,58042756,Technology
2022-11-29,NVDA,273.15,278.96,267.72,273.52,45790600,Technology
2022-11-30,NVDA,266.53,270.71,261.21,265.37,59663953,Technology
2022-12-01,NVDA,262.05,264.46,260.51,262.92,55269811,Technology
2022-12-02,NVDA,245.06,249.73,241.3,245.96,47315034,Technology
2022-12-05,NVDA,246.54,251.37,242.42,247.24,58945560,Technology
2022-12-06,NVDA,251.86,253.32,249.69,251.15,50898295,Technology
2022-12-07,NVDA,255.64,258.13,252.6,255.08,56144522,Technology
2022-12-08,NVDA,246.67,251.7,241.98,247.0,53109527,Technology
2022-12-09,NVDA,246.77,250.23,243.25,246.71,59548118,Technology
2022-12-12,NVDA,239.62,241.35,238.41,240.14,48455733,Technology
2022-12-13,NVDA,241.44,243.29,238.61,240.46,51899246,Technology
2022-12-14,NVDA,246.19,249.19,242.43,245.42,45702915,Technology
2022-12-15,NVDA,249.98,254.59,246.64,251.23,43019566,Technology
2022-12-16,NVDA,258.26,260.09,255.94,257.77,46589349,Technology
2022-12-19,NVDA,265.3,267.92,262.77,265.39,38103341,Technology
2022-12-20,NVDA,258.42,264.48,253.54,259.58,58760636,Technology
2022-12-21,NVDA,262.56,265.89,258.93,262.25,41032077,Technology
2022-12-22,NVDA,246.85,252.21,242.04,247.39,50049656,Technology
2022-12-23,NVDA,259.51,264.67,253.38,258.52,48394389,Technology
2022-12-26,NVDA,261.94,267.14,256.22,261.41,38074063,Technology
2022-12-27,NVDA,266.35,269.75,263.4,266.79,42336431,Technology
2022-12-28,NVDA,275.31,279.83,270.57,275.08,32699920,Technology
2022-12-29,NVDA,266.48,271.87,261.64,267.02,62907858,Technology
2022-12-30,NVDA,279.93,285.34,273.32,278.7,57050519,Technology
2023-01-02,NVDA,274.75,277.03,272.38,274.66,38565532,Technology
2023-01-03,NVDA,277.45,279.92,274.67,277.14,32786256,Technology
2023-01-04,NVDA,278.1,283.53,271.53,276.94,43494178,Technology
2023-01-05,NVDA,274.25,277.83,270.76,274.34,59289293,Technology
2023-01-06,NVDA,277.75,282.64,273.49,278.37,45575499,Technology
2023-01-09,NVDA,291.17,294.5,286.53,289.84,37022293,Technology
2023-01-10,NVDA,306.62,308.57,303.52,305.46,59745608,Technology
2023-01-11,NVDA,307.58,313.14,301.99,307.55,52281949,Technology
2023-01-12,NVDA,310.2,315.73,306.03,311.54,50268799,Technology
2023-01-13,NVDA,316.73,318.94,315.08,317.29,60867216,Technology
2023-01-16,NVDA,312.42,315.41,308.08,311.05,39379219,Technology
2023-01-17,NVDA,311.68,314.71,308.25,311.28,55491249,Technology
2023-01-18,NVDA,297.66,301.39,292.82,296.53,32767573,Technology
2023-01-19,NVDA,270.17,276.09,265.08,270.99,59353520,Technology
2023-01-20,NVDA,271.54,274.53,267.66,270.64,52657464,Technology
2023-01-23,NVDA,273.45,275.54,270.23,272.31,39233797,Technology
2023-01-24,NVDA,283.87,286.33,280.53,282.98,34835007,Technology
2023-01-25,NVDA,272.53,274.8,270.25,272.52,57660026,Technology
2023-01-26,NVDA,267.53,269.46,265.47,267.4,53904078,Technology
2023-01-27,NVDA,261.77,266.46,255.96,260.63,56216157,Technology
2023-01-30,NVDA,260.97,265.0,257.11,261.14,35031469,Technology
2023-01-31,NVDA,266.63,270.8,261.17,265.32,54707958,Technology
2023-02-01,NVDA,261.85,263.23,260.48,261.86,50861368,Technology
2023-02-02,NVDA,263.29,267.33,258.68,262.71,49080415,Technology
2023-02-03,NVDA,276.66,278.97,273.14,275.44,53444993,Technology
2023-02-06,NVDA,271.55,274.36,269.23,272.03,60540721,Technology
2023-02-07,NVDA,274.24,279.53,269.22,274.5,32706677,Technology
2023-02-08,NVDA,286.38,288.64,284.74,287.0,51317349,Technology
2023-02-09,NVDA,281.05,284.92,276.81,280.67,54094413,Technology
2023-02-10,NVDA,279.55,282.14,278.07,280.66,42823728,Technology
2023-02-13,NVDA,273.08,276.25,271.08,274.24,51690378,Technology
2023-02-14,NVDA,289.47,294.46,283.76,288.74,57236753,Technology
2023-02-15,NVDA,270.42,274.47,265.75,269.79,40061031,Technology
2023-02-16,NVDA,265.12,271.25,259.85,265.96,38256557,Technology
2023-02-17,NVDA,263.47,265.93,259.77,262.22,62631090,Technology
2023-02-20,NVDA,256.26,260.6,251.6,255.93,47881971,Technology
2023-02-21,NVDA,257.55,262.59,252.02,257.05,61258999,Technology
2023-02-22,NVDA,260.59,263.56,258.05,261.02,58423824,Technology
2023-02-23,NVDA,262.19,264.09,259.14,261.03,47485442,Technology
2023-02-24,NVDA,265.13,270.58,260.12,265.56,54052705,Technology
2023-02-27,NVDA,259.39,262.57,255.89,259.06,47387733,Technology
2023-02-28,NVDA,268.19,273.42,262.46,267.68,39416547,Technology
2023-03-01,NVDA,262.99,268.44,258.09,263.53,43205560,Technology
2023-03-02,NVDA,271.23,273.0,268.39,270.15,40512528,Technology
2023-03-03,NVDA,266.3,268.67,262.83,265.19,56874096,Technology
2023-03-06,NVDA,264.15,266.03,261.57,263.44,60260542,Technology
2023-03-07,NVDA,259.68,261.28,257.24,258.84,48743731,Technology
2023-03-08,NVDA,276.49,280.67,272.33,276.51,53480797,Technology
2023-03-09,NVDA,276.57,278.09,274.33,275.85,32550326,Technology
2023-03-10,NVDA,262.9,266.94,259.79,263.82,57442589,Technology
2023-03-13,NVDA,263.81,266.49,261.25,263.93,45005648,Technology
2023-03-14,NVDA,285.09,289.87,280.36,285.14,56352187,Technology
2023-03-15,NVDA,283.79,286.41,282.06,284.67,48873328,Technology
2023-03-16,NVDA,285.85,292.58,280.36,287.07,32857152,Technology
2023-03-17,NVDA,283.99,286.08,281.51,283.59,44068276,Technology
2023-03-20,NVDA,299.06,305.57,293.86,300.35,37687043,Technology
2023-03-21,NVDA,302.6,305.47,299.35,302.22,53082939,Technology
2023-03-22,NVDA,293.87,295.89,290.56,292.57,42242890,Technology
2023-03-23,NVDA,304.63,309.41,299.78,304.56,38516880,Technology
2023-03-24,NVDA,299.01,304.3,292.79,298.06,43976263,Technology
2023-03-27,NVDA,294.1,298.89,290.03,294.81,53230326,Technology
2023-03-28,NVDA,290.52,293.32,286.73,289.52,38347630,Technology
2023-03-29,NVDA,277.33,279.42,275.88,277.97,37518153,Technology
2023-03-30,NVDA,285.62,290.09,282.01,286.47,55540480,Technology
2023-03-31,NVDA,279.3,281.71,276.32,278.72,49721834,Technology
2023-04-03,NVDA,281.93,287.51,274.98,280.53,58890071,Technology
2023-04-04,NVDA,272.59,277.38,268.12,272.9,55228216,Technology
2023-04-05,NVDA,258.14,264.4,253.14,259.38,48444313,Technology
2023-04-06,NVDA,261.02,263.18,258.71,260.87,46193083,Technology
2023-04-07,NVDA,256.05,259.54,252.43,255.92,61743371,Technology
2023-04-10,NVDA,259.04,262.48,254.72,258.15,41574339,Technology
2023-04-11,NVDA,252.69,255.68,249.77,252.76,40279933,Technology
2023-04-12,NVDA,276.39,279.35,273.17,276.12,49775914,Technology
2023-04-13,NVDA,276.69,281.13,272.67,277.1,41448692,Technology
2023-04-14,NVDA,282.16,287.21,278.16,283.2,39470493,Technology
2023-04-17,NVDA,282.1,284.91,280.51,283.31,39166573,Technology
2023-04-18,NVDA,267.63,269.73,266.21,268.31,52131754,Technology
2023-04-19,NVDA,279.2,281.03,277.55,279.38,60262926,Technology
2023-04-20,NVDA,277.48,282.71,272.8,278.02,60631372,Technology
2023-04-21,NVDA,280.58,284.58,277.79,281.78,62812762,Technology
2023-04-24,NVDA,292.48,297.86,287.2,292.58,52490860,Technology
2023-04-25,NVDA,302.05,307.55,297.5,302.98,37801531,Technology
2023-04-26,NVDA,325.75,329.67,320.5,324.41,31814803,Technology
2023-04-27,NVDA,324.59,331.49,319.16,326.03,46563996,Technology
2023-04-28,NVDA,320.71,325.38,315.45,320.11,33342096,Technology
2023-05-01,NVDA,325.66,329.33,321.72,325.39,33580434,Technology
2023-05-02,NVDA,328.52,330.83,325.68,327.98,47931603,Technology
2023-05-03,NVDA,322.97,325.37,320.46,322.86,60249809,Technology
2023-05-04,NVDA,326.33,328.04,324.16,325.87,33819988,Technology
2023-05-05,NVDA,326.94,329.76,325.27,328.09,44821558,Technology
2023-05-08,NVDA,312.72,318.74,307.39,313.4,51208706,Technology
2023-05-09,NVDA,304.63,308.85,301.23,305.44,47698784,Technology
2023-05-10,NVDA,294.44,299.43,288.48,293.46,58165365,Technology
2023-05-11,NVDA,307.73,310.83,303.74,306.83,38183621,Technology
2023-05-12,NVDA,321.95,327.13,315.36,320.51,31932930,Technology
2023-05-15,NVDA,311.33,314.94,307.26,310.87,53605936,Technology
2023-05-16,NVDA,315.46,317.87,311.58,313.98,50880859,Technology
2023-05-17,NVDA,322.51,326.48,320.1,324.06,56172822,Technology
2023-05-18,NVDA,321.02,324.18,319.03,322.18,49607145,Technology
2023-05-19,NVDA,335.17,339.88,329.84,334.54,43895691,Technology
2023-05-22,NVDA,344.94,350.67,337.61,343.31,40039490,Technology
2023-05-23,NVDA,352.7,358.18,345.74,351.2,53118033,Technology
2023-05-24,NVDA,363.7,370.26,358.17,364.71,48356601,Technology
2023-05-25,NVDA,364.67,369.57,359.05,363.94,62899875,Technology
2023-05-26,NVDA,362.65,366.23,360.65,364.23,33955427,Technology
2023-05-29,NVDA,360.36,367.52,354.54,361.68,51107234,Technology
2023-05-30,NVDA,370.32,374.14,366.66,370.48,38293389,Technology
2023-05-31,NVDA,378.4,385.21,371.27,378.07,61253742,Technology
2023-06-01,NVDA,380.91,387.56,375.72,382.35,36882418,Technology
2023-06-02,NVDA,377.67,385.16,369.35,376.82,33052280,Technology
2023-06-05,NVDA,369.52,375.59,363.77,369.84,41177064,Technology
2023-06-06,NVDA,370.39,373.1,366.44,369.14,33511003,Technology
2023-06-07,NVDA,354.25,358.26,350.94,354.94,36568516,Technology
2023-06-08,NVDA,361.05,367.4,356.49,362.82,40980728,Technology
2023-06-09,NVDA,375.77,383.63,368.63,376.48,42854470,Technology
2023-06-12,NVDA,376.14,380.69,371.36,375.91,56974322,Technology
2023-06-13,NVDA,370.72,373.63,366.45,369.35,55362804,Technology
2023-06-14,NVDA,370.4,377.83,364.53,371.94,32181681,Technology
2023-06-15,NVDA,350.79,355.67,344.66,349.52,49909906,Technology
2023-06-16,NVDA,347.13,351.42,344.28,348.56,53537288,Technology
2023-06-19,NVDA,336.59,343.04,331.26,337.7,32387994,Technology
2023-06-20,NVDA,343.91,347.74,339.81,343.63,53739075,Technology
2023-06-21,NVDA,369.62,375.96,362.88,369.21,34992739,Technology
2023-06-22,NVDA,376.86,382.6,369.32,375.04,60025914,Technology
2023-06-23,NVDA,373.94,381.45,367.18,374.68,55149827,Technology
2023-06-26,NVDA,373.97,380.61,366.67,373.3,39392695,Technology
2023-06-27,NVDA,373.41,380.8,366.2,373.59,35588875,Technology
2023-06-28,NVDA,375.52,378.02,372.48,374.97,45287853,Technology
2023-06-29,NVDA,380.25,382.69,376.91,379.34,56678742,Technology
2023-06-30,NVDA,363.2,370.07,357.43,364.28,53227926,Technology
2023-07-03,NVDA,358.23,360.78,356.38,358.93,44062878,Technology
2023-07-04,NVDA,352.71,359.29,346.53,353.1,31854987,Technology
2023-07-05,NVDA,357.58,361.26,353.9,357.58,61393650,Technology
2023-07-06,NVDA,346.33,354.08,339.71,347.44,37332116,Technology
2023-07-07,NVDA,343.32,345.88,339.78,342.33,31689694,Technology
2023-07-10,NVDA,340.56,342.91,338.08,340.43,39298205,Technology
2023-07-11,NVDA,344.88,347.57,342.68,345.36,40137539,Technology
2023-07-12,NVDA,339.06,343.35,333.17,337.44,35415596,Technology
2023-07-13,NVDA,332.57,336.09,327.63,331.14,59121500,Technology
2023-07-14,NVDA,327.51,331.08,323.29,326.86,34267495,Technology
2023-07-17,NVDA,331.44,336.64,324.7,329.88,48430876,Technology
2023-07-18,NVDA,335.1,340.34,330.92,336.15,51464328,Technology
2023-07-19,NVDA,326.05,330.57,321.05,325.56,32321623,Technology
2023-07-20,NVDA,341.15,345.66,336.32,340.83,38037199,Technology
2023-07-21,NVDA,334.93,338.41,332.21,335.68,53919230,Technology
2023-07-24,NVDA,349.68,354.61,343.57,348.48,40813245,Technology
2023-07-25,NVDA,359.27,365.98,351.7,358.4,43942867,Technology
2023-07-26,NVDA,365.39,368.63,363.04,366.28,61638198,Technology
2023-07-27,NVDA,366.77,370.94,363.23,367.39,37472051,Technology
2023-07-28,NVDA,362.05,369.07,355.86,362.86,41903134,Technology
2023-07-31,NVDA,373.77,378.21,369.58,374.02,44457234,Technology
2023-08-01,NVDA,361.27,365.81,355.62,360.14,57307478,Technology
2023-08-02,NVDA,367.92,375.66,361.67,369.39,56689882,Technology
2023-08-03,NVDA,378.17,382.17,375.6,379.59,61357677,Technology
2023-08-04,NVDA,396.54,403.4,389.48,396.33,59061561,Technology
2023-08-07,NVDA,383.54,391.15,375.52,383.12,50806300,Technology
2023-08-08,NVDA,379.56,386.79,373.37,380.58,36764433,Technology
2023-08-09,NVDA,374.96,381.7,368.81,375.54,35754716,Technology
2023-08-10,NVDA,361.68,365.71,358.16,362.19,61904671,Technology
2023-08-11,NVDA,383.52,389.45,377.47,383.4,62019503,Technology
2023-08-14,NVDA,385.37,392.52,378.17,385.32,60028908,Technology
2023-08-15,NVDA,377.41,382.62,373.23,378.43,38829362,Technology
2023-08-16,NVDA,381.82,387.52,376.12,381.82,52256951,Technology
2023-08-17,NVDA,394.55,402.5,388.52,396.44,33202247,Technology
2023-08-18,NVDA,385.25,391.46,380.25,386.44,51424813,Technology
2023-08-21,NVDA,366.65,371.52,361.47,366.34,41027344,Technology
2023-08-22,NVDA,341.48,346.46,335.39,340.36,62939244,Technology
2023-08-23,NVDA,337.44,343.37,331.32,337.25,37593032,Technology
2023-08-24,NVDA,334.83,339.93,328.3,333.37,38173796,Technology
2023-08-25,NVDA,329.2,333.28,326.29,330.36,54706731,Technology
2023-08-28,NVDA,331.73,336.89,328.05,333.19,59060924,Technology
2023-08-29,NVDA,325.44,330.35,321.09,325.99,42335463,Technology
2023-08-30,NVDA,332.63,335.89,329.52,332.78,42116813,Technology
2023-08-31,NVDA,326.61,330.93,321.41,325.72,52745530,Technology
2023-09-01,NVDA,326.21,329.28,323.05,326.12,57963974,Technology
2023-09-04,NVDA,331.3,334.7,329.3,332.7,49019357,Technology
2023-09-05,NVDA,337.53,343.45,332.61,338.51,54974433,Technology
2023-09-06,NVDA,342.95,347.99,336.48,341.5,36822057,Technology
2023-09-07,NVDA,334.45,341.31,329.01,335.85,49306710,Technology
2023-09-08,NVDA,345.05,350.03,340.47,345.44,58103991,Technology
2023-09-11,NVDA,358.04,359.85,356.16,357.97,38340336,Technology
2023-09-12,NVDA,373.01,380.77,366.98,374.72,57693972,Technology
2023-09-13,NVDA,381.98,388.69,374.02,380.71,36305908,Technology
2023-09-14,NVDA,375.28,382.56,369.85,377.11,58210821,Technology
2023-09-15,NVDA,365.38,371.17,359.48,365.27,54513630,Technology
2023-09-18,NVDA,366.59,368.94,364.13,366.48,40675209,Technology
2023-09-19,NVDA,359.41,366.45,351.11,358.13,54598184,Technology
2023-09-20,NVDA,359.46,366.85,352.63,360.01,59877716,Technology
2023-09-21,NVDA,344.45,347.85,340.26,343.65,54697132,Technology
2023-09-22,NVDA,338.37,340.63,336.59,338.84,32112129,Technology
2023-09-25,NVDA,342.22,350.38,335.39,343.52,48598543,Technology
2023-09-26,NVDA,356.86,363.96,350.84,357.93,46779159,Technology
2023-09-27,NVDA,345.14,351.21,340.27,346.32,56024496,Technology
2023-09-28,NVDA,352.38,356.75,349.04,353.4,49086095,Technology
2023-09-29,NVDA,350.48,354.39,345.12,349.01,59221974,Technology
2023-10-02,NVDA,347.55,352.3,343.29,348.04,41753816,Technology
2023-10-03,NVDA,342.05,345.13,338.82,341.9,56856826,Technology
2023-10-04,NVDA,351.32,355.81,347.93,352.41,46477739,Technology
2023-10-05,NVDA,362.24,364.43,359.33,361.51,47828285,Technology
2023-10-06,NVDA,338.68,343.58,334.46,339.36,59997213,Technology
2023-10-09,NVDA,348.91,351.13,345.41,347.62,43366213,Technology
2023-10-10,NVDA,334.55,340.64,327.71,333.79,34781377,Technology
2023-10-11,NVDA,332.99,338.81,326.57,332.38,32517510,Technology
2023-10-12,NVDA,345.31,347.73,342.42,344.84,52371915,Technology
2023-10-13,NVDA,354.74,360.49,348.23,353.96,52274878,Technology
2023-10-16,NVDA,356.39,362.27,350.25,356.12,39714928,Technology
2023-10-17,NVDA,347.72,355.93,341.22,349.4,43046694,Technology
2023-10-18,NVDA,351.67,357.54,346.07,351.93,32282283,Technology
2023-10-19,NVDA,340.27,342.31,337.72,339.76,61893234,Technology
2023-10-20,NVDA,334.1,338.54,329.64,334.08,41527244,Technology
2023-10-23,NVDA,319.84,324.22,317.01,321.38,40098078,Technology
2023-10-24,NVDA,330.1,334.99,326.23,331.1,34251461,Technology
2023-10-25,NVDA,339.54,344.89,332.88,338.21,61008320,Technology
2023-10-26,NVDA,348.81,355.38,343.83,350.38,54837172,Technology
2023-10-27,NVDA,342.89,345.17,340.03,342.31,56050023,Technology
2023-10-30,NVDA,349.61,355.16,342.51,348.04,54751607,Technology
2023-10-31,NVDA,354.35,360.67,348.89,355.2,60630213,Technology
2023-11-01,NVDA,393.9,396.93,389.29,392.31,41348870,Technology
2023-11-02,NVDA,388.51,391.21,384.55,387.24,31578606,Technology
2023-11-03,NVDA,360.62,367.8,354.32,361.48,59368720,Technology
2023-11-06,NVDA,353.6,359.04,347.58,353.01,43007566,Technology
2023-11-07,NVDA,365.24,367.39,361.9,364.04,36883469,Technology
2023-11-08,NVDA,363.4,367.25,359.2,363.04,46690992,Technology
2023-11-09,NVDA,351.63,355.72,348.82,352.9,35382257,Technology
2023-11-10,NVDA,353.73,361.77,347.38,355.39,62275949,Technology
2023-11-13,NVDA,360.05,364.34,357.18,361.46,49674607,Technology
2023-11-14,NVDA,355.49,357.69,352.93,355.13,58294739,Technology
2023-11-15,NVDA,351.77,353.78,348.71,350.72,43926039,Technology
2023-11-16,NVDA,351.12,354.86,348.52,352.26,60441083,Technology
2023-11-17,NVDA,335.76,338.0,332.3,334.53,48643705,Technology
2023-11-20,NVDA,330.52,332.49,328.67,330.64,57249659,Technology
2023-11-21,NVDA,339.49,344.93,334.09,339.53,58591571,Technology
2023-11-22,NVDA,326.47,328.69,322.93,325.14,58162898,Technology
2023-11-23,NVDA,325.58,330.67,319.48,324.55,48630188,Technology
2023-11-24,NVDA,323.33,328.22,318.24,323.13,42695998,Technology
2023-11-27,NVDA,321.69,326.83,317.34,322.47,45368793,Technology
2023-11-28,NVDA,333.64,337.98,330.57,334.9,41638648,Technology
2023-11-29,NVDA,336.88,343.28,330.89,337.28,55062114,Technology
2023-11-30,NVDA,331.83,334.61,329.3,332.08,35117966,Technology
2023-12-01,NVDA,340.98,343.39,338.17,340.58,50635677,Technology
2023-12-04,NVDA,346.36,349.29,343.52,346.45,58694144,Technology
2023-12-05,NVDA,348.71,353.06,346.06,350.39,52037846,Technology
2023-12-06,NVDA,337.31,339.27,333.75,335.7,50703038,Technology
2023-12-07,NVDA,339.68,344.02,335.58,339.92,49551725,Technology
2023-12-08,NVDA,334.55,336.68,331.0,333.12,51207725,Technology
2023-12-11,NVDA,327.22,329.76,324.48,327.02,35697579,Technology
2023-12-12,NVDA,326.64,328.36,324.49,326.21,51927225,Technology
2023-12-13,NVDA,335.44,341.14,330.83,336.51,50508040,Technology
2023-12-14,NVDA,345.09,347.11,342.69,344.71,48951536,Technology
2023-12-15,NVDA,364.1,369.5,357.29,362.67,58286280,Technology
2023-12-18,NVDA,359.39,366.47,350.64,357.69,55828070,Technology
2023-12-19,NVDA,360.9,367.88,352.62,359.58,54418847,Technology
2023-12-20,NVDA,377.69,381.73,375.37,379.4,57884386,Technology
2023-12-21,NVDA,381.18,385.89,375.29,379.98,41356925,Technology
2023-12-22,NVDA,384.16,388.37,379.19,383.39,60332792,Technology
2023-12-25,NVDA,379.88,382.28,376.12,378.51,56479900,Technology
2023-12-26,NVDA,372.92,377.09,369.29,373.46,32963536,Technology
2023-12-27,NVDA,359.9,361.86,358.02,359.98,34509498,Technology
2023-12-28,NVDA,356.87,359.69,352.83,355.64,49487394,Technology
2023-12-29,NVDA,357.05,363.37,351.87,358.17,57602846,Technology
2021-01-04,JNJ,155.04,157.83,152.21,155.0,10710323,Healthcare
2021-01-05,JNJ,156.93,159.7,153.8,156.57,9710825,Healthcare
2021-01-06,JNJ,156.63,158.02,155.6,156.99,5974344,Healthcare
2021-01-07,JNJ,155.22,156.55,154.42,155.75,10530728,Healthcare
2021-01-08,JNJ,156.21,157.55,154.14,155.48,8944829,Healthcare
2021-01-11,JNJ,156.07,157.41,154.73,156.07,6826931,Healthcare
2021-01-12,JNJ,157.71,160.83,154.05,157.16,5746937,Healthcare
2021-01-13,JNJ,156.53,159.54,153.18,156.18,6061335,Healthcare
2021-01-14,JNJ,154.87,157.2,152.31,154.64,6825216,Healthcare
2021-01-15,JNJ,152.33,155.46,149.84,152.96,8340893,Healthcare
2021-01-18,JNJ,155.85,156.65,154.32,155.12,9808756,Healthcare
2021-01-19,JNJ,154.07,155.45,152.93,154.31,6499149,Healthcare
2021-01-20,JNJ,154.96,158.22,152.4,155.65,10306277,Healthcare
2021-01-21,JNJ,155.51,158.49,152.27,155.24,6792606,Healthcare
2021-01-22,JNJ,156.2,157.87,154.58,156.24,8985898,Healthcare
2021-01-25,JNJ,156.92,159.28,154.47,156.83,7567357,Healthcare
2021-01-26,JNJ,157.41,160.97,154.52,158.07,8211033,Healthcare
2021-01-27,JNJ,157.42,160.74,154.8,158.11,9549877,Healthcare
2021-01-28,JNJ,158.68,161.42,155.69,158.43,5672446,Healthcare
2021-01-29,JNJ,157.24,158.7,156.03,157.49,6908664,Healthcare
2021-02-01,JNJ,156.95,160.0,153.66,156.71,7263037,Healthcare
2021-02-02,JNJ,159.49,162.51,156.1,159.11,7193800,Healthcare
2021-02-03,JNJ,156.99,159.14,155.31,157.46,11038014,Healthcare
2021-02-04,JNJ,160.2,162.24,157.53,159.57,7540398,Healthcare
2021-02-05,JNJ,157.67,161.22,154.85,158.38,11099705,Healthcare
2021-02-08,JNJ,159.73,162.94,156.75,159.95,9938444,Healthcare
2021-02-09,JNJ,160.27,162.88,157.03,159.63,7320627,Healthcare
2021-02-10,JNJ,160.12,162.04,157.63,159.54,9960044,Healthcare
2021-02-11,JNJ,161.74,163.5,159.42,161.18,5862942,Healthcare
2021-02-12,JNJ,160.22,163.38,157.54,160.69,7202277,Healthcare
2021-02-15,JNJ,162.22,164.31,160.21,162.3,8515192,Healthcare
2021-02-16,JNJ,164.07,166.51,161.91,164.35,6581274,Healthcare
2021-02-17,JNJ,164.41,167.29,161.69,164.57,8432708,Healthcare
2021-02-18,JNJ,166.3,168.74,163.19,165.62,9562295,Healthcare
2021-02-19,JNJ,165.23,166.17,163.73,164.67,11140388,Healthcare
2021-02-22,JNJ,166.57,168.58,163.79,165.79,8665040,Healthcare
2021-02-23,JNJ,164.53,166.77,162.57,164.81,9282307,Healthcare
2021-02-24,JNJ,164.79,166.84,163.4,165.44,5752527,Healthcare
2021-02-25,JNJ,168.43,170.19,166.85,168.61,8691629,Healthcare
2021-02-26,JNJ,172.08,173.7,169.64,171.25,7233772,Healthcare
2021-03-01,JNJ,172.2,174.9,170.2,172.89,7059508,Healthcare
2021-03-02,JNJ,173.38,174.37,172.29,173.28,9805962,Healthcare
2021-03-03,JNJ,172.19,173.79,170.82,172.42,5693050,Healthcare
2021-03-04,JNJ,174.11,177.17,170.57,173.62,5954222,Healthcare
2021-03-05,JNJ,174.08,175.9,171.48,173.29,7795351,Healthcare
2021-03-08,JNJ,171.48,173.94,169.27,171.73,8938335,Healthcare
2021-03-09,JNJ,174.72,178.16,170.44,173.86,9938403,Healthcare
2021-03-10,JNJ,174.46,176.4,172.53,174.47,7597695,Healthcare
2021-03-11,JNJ,175.18,178.65,171.36,174.82,8114016,Healthcare
2021-03-12,JNJ,176.74,177.66,175.78,176.7,11109997,Healthcare
2021-03-15,JNJ,175.97,178.8,173.71,176.53,5723724,Healthcare
2021-03-16,JNJ,178.53,180.37,175.96,177.79,11180703,Healthcare
2021-03-17,JNJ,179.23,182.67,175.39,178.82,8725599,Healthcare
2021-03-18,JNJ,181.14,183.65,178.56,181.07,9559476,Healthcare
2021-03-19,JNJ,182.62,184.68,180.25,182.31,6281027,Healthcare
2021-03-22,JNJ,184.9,186.56,182.62,184.28,10660994,Healthcare
2021-03-23,JNJ,183.99,187.28,181.58,184.86,10791051,Healthcare
2021-03-24,JNJ,186.39,189.45,183.5,186.55,8950922,Healthcare
2021-03-25,JNJ,186.47,188.67,184.34,186.53,10566135,Healthcare
2021-03-26,JNJ,186.51,188.64,185.13,187.25,5615280,Healthcare
2021-03-29,JNJ,182.73,185.16,180.96,183.38,6831918,Healthcare
2021-03-30,JNJ,180.34,181.76,179.41,180.83,7463184,Healthcare
2021-03-31,JNJ,181.09,182.08,179.9,180.89,8785281,Healthcare
2021-04-01,JNJ,176.88,178.02,175.57,176.71,11192461,Healthcare
2021-04-02,JNJ,174.33,178.56,170.99,175.2,10054118,Healthcare
2021-04-05,JNJ,173.96,176.52,172.17,174.72,7257505,Healthcare
2021-04-06,JNJ,173.46,175.16,171.72,173.42,9302069,Healthcare
2021-04-07,JNJ,169.54,172.73,166.79,169.97,7401915,Healthcare
2021-04-08,JNJ,171.65,173.54,170.0,171.89,11198075,Healthcare
2021-04-09,JNJ,173.39,176.28,169.69,172.57,9481421,Healthcare
2021-04-12,JNJ,171.87,173.97,169.96,172.06,8336054,Healthcare
2021-04-13,JNJ,171.57,173.5,169.09,171.01,8204011,Healthcare
2021-04-14,JNJ,172.03,173.65,169.94,171.56,10384754,Healthcare
2021-04-15,JNJ,172.61,174.56,170.37,172.32,5929305,Healthcare
2021-04-16,JNJ,173.72,176.77,171.47,174.51,5763468,Healthcare
2021-04-19,JNJ,174.36,177.18,171.89,174.7,9758208,Healthcare
2021-04-20,JNJ,171.79,175.59,168.62,172.41,9657327,Healthcare
2021-04-21,JNJ,170.69,173.53,168.52,171.35,9248918,Healthcare
2021-04-22,JNJ,169.38,171.78,166.96,169.35,10788238,Healthcare
2021-04-23,JNJ,168.95,171.12,165.98,168.13,8451681,Healthcare
2021-04-26,JNJ,167.16,168.34,166.03,167.21,6621041,Healthcare
2021-04-27,JNJ,168.49,170.84,165.82,168.17,8223237,Healthcare
2021-04-28,JNJ,167.19,168.32,166.11,167.24,6056143,Healthcare
2021-04-29,JNJ,167.71,170.26,164.67,167.22,10989329,Healthcare
2021-04-30,JNJ,168.62,169.84,167.35,168.57,8778209,Healthcare
2021-05-03,JNJ,169.06,172.24,165.67,168.85,6414854,Healthcare
2021-05-04,JNJ,167.09,169.02,164.9,166.83,9521592,Healthcare
2021-05-05,JNJ,166.4,169.93,163.41,166.93,10928636,Healthcare
2021-05-06,JNJ,166.95,167.93,165.17,166.15,10403495,Healthcare
2021-05-07,JNJ,167.06,169.55,164.19,166.67,6007075,Healthcare
2021-05-10,JNJ,166.79,168.4,165.85,167.46,6089214,Healthcare
2021-05-11,JNJ,166.88,169.57,164.68,167.36,10417151,Healthcare
2021-05-12,JNJ,167.64,169.6,165.35,167.31,9256089,Healthcare
2021-05-13,JNJ,168.22,170.3,166.57,168.65,7517755,Healthcare
2021-05-14,JNJ,169.59,172.46,166.57,169.44,7019816,Healthcare
2021-05-17,JNJ,170.37,174.09,167.43,171.13,9515426,Healthcare
2021-05-18,JNJ,170.82,172.8,168.46,170.43,10793783,Healthcare
2021-05-19,JNJ,172.58,175.49,169.78,172.68,6445463,Healthcare
2021-05-20,JNJ,173.91,176.95,170.94,173.98,6021749,Healthcare
2021-05-21,JNJ,173.49,176.59,170.75,173.85,5873774,Healthcare
2021-05-24,JNJ,174.2,177.46,170.97,174.23,7173381,Healthcare
2021-05-25,JNJ,175.05,177.81,171.63,174.38,5601719,Healthcare
2021-05-26,JNJ,174.25,176.92,171.13,173.79,6775593,Healthcare
2021-05-27,JNJ,174.26,177.14,172.11,174.98,9781799,Healthcare
2021-05-28,JNJ,176.88,180.73,173.75,177.58,10172177,Healthcare
2021-05-31,JNJ,177.18,180.39,174.24,177.45,9465621,Healthcare
2021-06-01,JNJ,180.7,181.6,179.02,179.92,8682146,Healthcare
2021-06-02,JNJ,182.93,185.55,180.02,182.63,8743666,Healthcare
2021-06-03,JNJ,185.8,189.12,182.29,185.6,10683455,Healthcare
2021-06-04,JNJ,184.61,187.76,182.07,185.22,10715950,Healthcare
2021-06-07,JNJ,183.09,185.88,179.95,182.73,11118697,Healthcare
2021-06-08,JNJ,183.73,184.99,182.6,183.86,6938934,Healthcare
2021-06-09,JNJ,181.01,183.63,177.85,180.46,11011339,Healthcare
2021-06-10,JNJ,180.04,182.17,177.41,179.53,10735488,Healthcare
2021-06-11,JNJ,176.72,179.88,174.03,177.18,9003983,Healthcare
2021-06-14,JNJ,178.34,181.83,174.0,177.47,9197215,Healthcare
2021-06-15,JNJ,176.01,179.77,172.79,176.54,6978040,Healthcare
2021-06-16,JNJ,174.52,178.54,171.15,175.16,6670196,Healthcare
2021-06-17,JNJ,177.68,179.69,175.51,177.52,8981376,Healthcare
2021-06-18,JNJ,175.38,177.03,173.01,174.65,10724559,Healthcare
2021-06-21,JNJ,173.66,175.66,171.77,173.77,9533983,Healthcare
2021-06-22,JNJ,173.3,176.09,170.71,173.5,7919767,Healthcare
2021-06-23,JNJ,173.21,175.45,171.44,173.67,8165574,Healthcare
2021-06-24,JNJ,175.33,178.01,172.23,174.91,9961692,Healthcare
2021-06-25,JNJ,175.11,176.97,172.8,174.65,5636491,Healthcare
2021-06-28,JNJ,175.46,177.59,172.82,174.95,9128250,Healthcare
2021-06-29,JNJ,175.1,177.22,172.73,174.85,10678897,Healthcare
2021-06-30,JNJ,175.93,178.3,173.03,175.4,11092159,Healthcare
2021-07-01,JNJ,175.84,178.58,172.97,175.71,5809921,Healthcare
2021-07-02,JNJ,175.11,176.97,173.14,175.0,10064356,Healthcare
2021-07-05,JNJ,179.15,181.22,176.27,178.33,7122045,Healthcare
2021-07-06,JNJ,178.41,181.44,175.53,178.55,8321535,Healthcare
2021-07-07,JNJ,177.58,180.97,174.55,177.94,6142147,Healthcare
2021-07-08,JNJ,174.77,177.01,172.48,174.72,10064139,Healthcare
2021-07-09,JNJ,175.34,179.56,171.92,176.12,8913461,Healthcare
2021-07-12,JNJ,177.54,180.24,173.99,176.68,10878505,Healthcare
2021-07-13,JNJ,175.73,178.49,172.93,175.69,6504533,Healthcare
2021-07-14,JNJ,175.22,177.11,173.19,175.07,9661122,Healthcare
2021-07-15,JNJ,177.54,180.12,174.59,177.16,8003254,Healthcare
2021-07-16,JNJ,174.67,178.08,171.89,175.29,6510483,Healthcare
2021-07-19,JNJ,175.67,176.98,173.69,174.99,6025790,Healthcare
2021-07-20,JNJ,175.45,178.91,172.46,175.92,8223207,Healthcare
2021-07-21,JNJ,178.4,181.74,174.91,178.25,6776659,Healthcare
2021-07-22,JNJ,177.92,179.57,175.54,177.18,7992005,Healthcare
2021-07-23,JNJ,175.6,178.1,173.18,175.67,7719253,Healthcare
2021-07-26,JNJ,176.14,177.61,174.34,175.81,9622155,Healthcare
2021-07-27,JNJ,179.34,180.98,177.19,178.82,10385397,Healthcare
2021-07-28,JNJ,179.47,183.47,176.09,180.08,7301972,Healthcare
2021-07-29,JNJ,179.34,183.1,176.13,179.88,5619423,Healthcare
2021-07-30,JNJ,179.38,182.94,176.14,179.69,7921186,Healthcare
2021-08-02,JNJ,180.17,182.28,177.44,179.54,7492196,Healthcare
2021-08-03,JNJ,180.79,184.11,177.26,180.58,8552805,Healthcare
2021-08-04,JNJ,179.63,181.87,177.85,180.09,9094727,Healthcare
2021-08-05,JNJ,178.65,180.74,175.84,177.92,8353176,Healthcare
2021-08-06,JNJ,177.79,180.2,175.54,177.94,10019872,Healthcare
2021-08-09,JNJ,176.28,178.7,174.28,176.69,10427372,Healthcare
2021-08-10,JNJ,177.33,179.8,174.7,177.17,9020604,Healthcare
2021-08-11,JNJ,176.55,179.67,173.76,176.88,5789528,Healthcare
2021-08-12,JNJ,177.1,180.81,174.06,177.76,9642190,Healthcare
2021-08-13,JNJ,178.75,180.09,177.64,178.97,5952945,Healthcare
2021-08-16,JNJ,180.02,182.33,177.43,179.74,6560025,Healthcare
2021-08-17,JNJ,180.16,182.07,177.49,179.39,8077379,Healthcare
2021-08-18,JNJ,180.15,183.22,176.32,179.38,11056336,Healthcare
2021-08-19,JNJ,178.76,182.4,175.46,179.09,10990408,Healthcare
2021-08-20,JNJ,181.44,184.56,177.72,180.83,5684968,Healthcare
2021-08-23,JNJ,178.16,181.6,174.24,177.67,9900617,Healthcare
2021-08-24,JNJ,176.74,178.31,175.64,177.21,10988665,Healthcare
2021-08-25,JNJ,177.8,180.21,175.58,177.98,10303668,Healthcare
2021-08-26,JNJ,178.29,179.57,177.16,178.44,7703924,Healthcare
2021-08-27,JNJ,178.33,180.5,176.5,178.67,6776419,Healthcare
2021-08-30,JNJ,177.96,179.31,176.36,177.71,10748611,Healthcare
2021-08-31,JNJ,177.97,180.58,175.72,178.33,6491297,Healthcare
2021-09-01,JNJ,180.69,183.84,176.7,179.84,7555270,Healthcare
2021-09-02,JNJ,179.22,180.9,177.36,179.04,9941842,Healthcare
2021-09-03,JNJ,176.02,178.1,173.71,175.79,9612674,Healthcare
2021-09-06,JNJ,173.03,176.98,169.67,173.61,11185341,Healthcare
2021-09-07,JNJ,172.68,174.56,170.42,172.3,8805520,Healthcare
2021-09-08,JNJ,169.6,171.69,167.18,169.26,7816221,Healthcare
2021-09-09,JNJ,169.93,171.12,168.76,169.95,8522728,Healthcare
2021-09-10,JNJ,169.21,170.57,167.13,168.48,6873863,Healthcare
2021-09-13,JNJ,169.03,171.51,167.15,169.62,8600461,Healthcare
2021-09-14,JNJ,169.4,171.05,167.77,169.42,6857854,Healthcare
2021-09-15,JNJ,171.66,172.66,170.19,171.18,9190083,Healthcare
2021-09-16,JNJ,172.58,175.11,170.84,173.36,10447220,Healthcare
2021-09-17,JNJ,173.73,175.04,171.67,172.98,8280134,Healthcare
2021-09-20,JNJ,172.73,174.48,170.57,172.31,10510300,Healthcare
2021-09-21,JNJ,172.72,174.71,170.9,172.88,8025686,Healthcare
2021-09-22,JNJ,174.52,177.81,170.9,174.18,6986818,Healthcare
2021-09-23,JNJ,171.63,173.43,170.3,172.09,7075957,Healthcare
2021-09-24,JNJ,172.24,173.7,170.52,171.97,6249227,Healthcare
2021-09-27,JNJ,171.07,172.92,169.01,170.86,7228815,Healthcare
2021-09-28,JNJ,165.84,167.54,164.85,166.54,6305413,Healthcare
2021-09-29,JNJ,168.8,171.76,165.57,168.53,5961325,Healthcare
2021-09-30,JNJ,168.0,170.2,166.17,168.37,8837024,Healthcare
2021-10-01,JNJ,170.15,172.37,167.96,170.18,7361269,Healthcare
2021-10-04,JNJ,168.9,170.09,167.3,168.49,10527197,Healthcare
2021-10-05,JNJ,167.6,171.57,164.39,168.34,9743488,Healthcare
2021-10-06,JNJ,170.31,173.02,166.85,169.55,7016321,Healthcare
2021-10-07,JNJ,170.27,173.79,167.52,171.03,9134976,Healthcare
2021-10-08,JNJ,173.56,175.34,171.31,173.09,10434504,Healthcare
2021-10-11,JNJ,172.07,173.87,170.23,172.03,6257462,Healthcare
2021-10-12,JNJ,170.29,172.45,168.37,170.53,6625491,Healthcare
2021-10-13,JNJ,169.09,172.82,165.98,169.69,9160140,Healthcare
2021-10-14,JNJ,170.29,173.42,166.48,169.59,10042142,Healthcare
2021-10-15,JNJ,169.52,170.82,167.69,168.98,7148762,Healthcare
2021-10-18,JNJ,171.32,174.55,167.74,170.96,9997498,Healthcare
2021-10-19,JNJ,170.63,171.7,169.42,170.49,10198395,Healthcare
2021-10-20,JNJ,168.92,172.76,165.89,169.72,10859291,Healthcare
2021-10-21,JNJ,169.79,170.75,168.64,169.6,9482970,Healthcare
2021-10-22,JNJ,168.77,170.66,167.65,169.54,9995508,Healthcare
2021-10-25,JNJ,167.81,170.28,166.0,168.47,9870939,Healthcare
2021-10-26,JNJ,171.27,174.31,168.08,171.12,6502926,Healthcare
2021-10-27,JNJ,170.65,171.54,169.42,170.31,8680782,Healthcare
2021-10-28,JNJ,168.05,170.53,165.06,167.53,8031675,Healthcare
2021-10-29,JNJ,166.65,167.79,164.78,165.92,8653467,Healthcare
2021-11-01,JNJ,165.26,167.61,162.21,164.55,10816868,Healthcare
2021-11-02,JNJ,164.27,166.84,162.04,164.6,11183836,Healthcare
2021-11-03,JNJ,163.94,166.59,161.45,164.09,8735086,Healthcare
2021-11-04,JNJ,164.46,166.31,161.98,163.82,8301996,Healthcare
2021-11-05,JNJ,164.12,166.97,160.72,163.56,10216261,Healthcare
2021-11-08,JNJ,165.55,168.17,162.35,164.96,7768485,Healthcare
2021-11-09,JNJ,165.25,166.36,163.58,164.69,8389743,Healthcare
2021-11-10,JNJ,165.15,166.94,164.01,165.79,6491757,Healthcare
2021-11-11,JNJ,163.91,166.58,160.91,163.57,6741384,Healthcare
2021-11-12,JNJ,161.2,164.41,158.35,161.55,10040719,Healthcare
2021-11-15,JNJ,162.6,164.61,160.22,162.22,7735770,Healthcare
2021-11-16,JNJ,163.83,165.5,161.6,163.27,5797692,Healthcare
2021-11-17,JNJ,162.36,165.55,158.94,162.12,8021906,Healthcare
2021-11-18,JNJ,162.28,165.24,159.94,162.89,8478693,Healthcare
2021-11-19,JNJ,163.42,167.09,160.19,163.85,9644757,Healthcare
2021-11-22,JNJ,164.65,166.55,162.51,164.4,6747368,Healthcare
2021-11-23,JNJ,162.66,164.62,159.93,161.88,6693608,Healthcare
2021-11-24,JNJ,162.12,164.48,159.64,162.0,8764288,Healthcare
2021-11-25,JNJ,160.02,162.3,157.74,160.02,5694812,Healthcare
2021-11-26,JNJ,159.53,162.48,156.07,159.01,6575339,Healthcare
2021-11-29,JNJ,158.75,160.53,156.55,158.32,11088348,Healthcare
2021-11-30,JNJ,158.52,161.57,154.85,157.89,6486893,Healthcare
2021-12-01,JNJ,158.36,161.32,154.81,157.76,7710919,Healthcare
2021-12-02,JNJ,157.19,158.97,155.47,157.25,9274583,Healthcare
2021-12-03,JNJ,155.56,157.7,154.17,156.31,6390885,Healthcare
2021-12-06,JNJ,157.29,159.46,155.47,157.63,9881292,Healthcare
2021-12-07,JNJ,158.52,159.57,156.82,157.86,10613832,Healthcare
2021-12-08,JNJ,157.54,160.48,154.23,157.16,6199199,Healthcare
2021-12-09,JNJ,155.5,157.89,153.7,156.08,11131115,Healthcare
2021-12-10,JNJ,155.13,156.68,153.45,155.0,9964601,Healthcare
2021-12-13,JNJ,154.34,157.24,151.05,153.95,9377221,Healthcare
2021-12-14,JNJ,154.25,156.1,152.24,154.09,6127317,Healthcare
2021-12-15,JNJ,156.52,159.38,153.59,156.45,5824756,Healthcare
2021-12-16,JNJ,155.45,158.39,152.53,155.47,10464099,Healthcare
2021-12-17,JNJ,156.18,158.97,152.91,155.69,5943856,Healthcare
2021-12-20,JNJ,156.01,157.37,154.08,155.43,10634349,Healthcare
2021-12-21,JNJ,154.64,156.57,152.8,154.73,6580787,Healthcare
2021-12-22,JNJ,154.63,158.1,151.61,155.07,6669245,Healthcare
2021-12-23,JNJ,155.92,158.65,153.6,156.32,10857121,Healthcare
2021-12-24,JNJ,154.97,156.54,154.17,155.74,8427310,Healthcare
2021-12-27,JNJ,158.63,161.13,156.68,159.17,8369309,Healthcare
2021-12-28,JNJ,162.3,164.11,159.86,161.67,5651821,Healthcare
2021-12-29,JNJ,163.13,166.33,159.73,162.93,6450323,Healthcare
2021-12-30,JNJ,161.77,162.69,160.79,161.71,6915384,Healthcare
2021-12-31,JNJ,161.77,163.72,160.23,162.18,9240964,Healthcare
2022-01-03,JNJ,162.12,164.98,159.96,162.81,8548548,Healthcare
2022-01-04,JNJ,163.26,166.72,160.51,163.95,10582538,Healthcare
2022-01-05,JNJ,165.46,167.72,162.47,164.72,6429590,Healthcare
2022-01-06,JNJ,164.3,167.57,160.79,164.06,8777967,Healthcare
2022-01-07,JNJ,165.33,168.23,163.23,166.12,10861979,Healthcare
2022-01-10,JNJ,165.55,168.67,163.12,166.23,5717332,Healthcare
2022-01-11,JNJ,168.61,169.58,167.46,168.43,9038486,Healthcare
2022-01-12,JNJ,168.07,170.5,165.97,168.4,8577759,Healthcare
2022-01-13,JNJ,169.41,172.4,167.25,170.23,7181827,Healthcare
2022-01-14,JNJ,172.39,173.39,170.7,171.7,9661249,Healthcare
2022-01-17,JNJ,171.97,175.75,168.54,172.31,10519520,Healthcare
2022-01-18,JNJ,172.83,175.34,170.4,172.91,6846409,Healthcare
2022-01-19,JNJ,174.15,176.95,170.66,173.45,6917727,Healthcare
2022-01-20,JNJ,173.48,174.8,171.82,173.14,11071049,Healthcare
2022-01-21,JNJ,173.47,176.66,170.65,173.84,7951750,Healthcare
2022-01-24,JNJ,174.74,176.62,172.26,174.13,9919676,Healthcare
2022-01-25,JNJ,171.02,173.78,168.65,171.41,10852735,Healthcare
2022-01-26,JNJ,169.72,172.23,166.43,168.93,8848655,Healthcare
2022-01-27,JNJ,169.69,172.63,166.23,169.16,7489041,Healthcare
2022-01-28,JNJ,167.33,171.4,164.07,168.13,9904781,Healthcare
2022-01-31,JNJ,166.88,170.41,163.63,167.15,9229419,Healthcare
2022-02-01,JNJ,167.5,169.75,164.82,167.06,10450596,Healthcare
2022-02-02,JNJ,166.27,168.61,163.42,165.75,7348799,Healthcare
2022-02-03,JNJ,166.18,167.7,164.78,166.3,9395324,Healthcare
2022-02-04,JNJ,165.71,167.0,164.12,165.41,7806924,Healthcare
2022-02-07,JNJ,163.29,166.83,160.52,164.05,9340702,Healthcare
2022-02-08,JNJ,165.12,167.56,161.98,164.4,9594858,Healthcare
2022-02-09,JNJ,166.38,169.2,162.9,165.71,9380290,Healthcare
2022-02-10,JNJ,165.41,166.96,163.26,164.8,9786437,Healthcare
2022-02-11,JNJ,166.3,168.19,164.06,165.95,10459057,Healthcare
2022-02-14,JNJ,166.93,170.21,162.92,166.18,7421835,Healthcare
2022-02-15,JNJ,163.49,165.99,161.64,164.13,6986248,Healthcare
2022-02-16,JNJ,165.75,169.01,162.73,165.98,9075094,Healthcare
2022-02-17,JNJ,165.26,167.74,162.33,164.8,6623680,Healthcare
2022-02-18,JNJ,164.47,166.14,162.9,164.56,7643109,Healthcare
2022-02-21,JNJ,164.66,167.91,160.87,164.11,8286245,Healthcare
2022-02-22,JNJ,161.81,165.01,158.87,162.06,10000638,Healthcare
2022-02-23,JNJ,162.79,164.15,160.99,162.35,8156139,Healthcare
2022-02-24,JNJ,161.35,162.79,160.28,161.72,7852737,Healthcare
2022-02-25,JNJ,162.68,166.03,160.04,163.38,9293463,Healthcare
2022-02-28,JNJ,163.84,166.42,161.02,163.59,9859749,Healthcare
2022-03-01,JNJ,164.84,166.1,163.44,164.7,10870411,Healthcare
2022-03-02,JNJ,167.0,169.37,164.45,166.81,9724061,Healthcare
2022-03-03,JNJ,163.72,165.36,161.76,163.39,10730909,Healthcare
2022-03-04,JNJ,163.31,164.15,161.87,162.71,6824262,Healthcare
2022-03-07,JNJ,162.82,164.75,160.33,162.25,10213907,Healthcare
2022-03-08,JNJ,162.4,165.38,158.72,161.69,8104078,Healthcare
2022-03-09,JNJ,161.32,163.9,158.93,161.5,7564013,Healthcare
2022-03-10,JNJ,162.39,164.25,160.14,162.0,8408068,Healthcare
2022-03-11,JNJ,161.23,164.0,158.07,160.84,5714679,Healthcare
2022-03-14,JNJ,160.41,162.83,158.09,160.51,8157122,Healthcare
2022-03-15,JNJ,159.03,161.78,156.2,158.95,10559482,Healthcare
2022-03-16,JNJ,159.04,161.54,156.47,158.96,9825412,Healthcare
2022-03-17,JNJ,159.54,161.19,158.65,160.3,6066756,Healthcare
2022-03-18,JNJ,160.19,162.47,158.34,160.61,11111863,Healthcare
2022-03-21,JNJ,161.75,163.87,159.37,161.49,7161392,Healthcare
2022-03-22,JNJ,159.82,161.65,158.25,160.08,9512919,Healthcare
2022-03-23,JNJ,160.38,162.32,158.41,160.35,8915216,Healthcare
2022-03-24,JNJ,157.59,160.86,154.98,158.24,9950493,Healthcare
2022-03-25,JNJ,157.67,159.79,155.28,157.4,7434289,Healthcare
2022-03-28,JNJ,159.23,161.44,157.46,159.66,11084079,Healthcare
2022-03-29,JNJ,161.87,163.89,159.06,161.07,8342801,Healthcare
2022-03-30,JNJ,160.43,161.76,159.09,160.42,5821735,Healthcare
2022-03-31,JNJ,159.78,162.75,156.31,159.27,9664594,Healthcare
2022-04-01,JNJ,160.42,162.69,158.02,160.29,11181677,Healthcare
2022-04-04,JNJ,163.33,164.83,161.38,162.87,8855866,Healthcare
2022-04-05,JNJ,163.07,166.27,159.35,162.54,11191740,Healthcare
2022-04-06,JNJ,160.37,163.07,158.15,160.85,8420647,Healthcare
2022-04-07,JNJ,161.43,163.96,158.47,160.99,5602855,Healthcare
2022-04-08,JNJ,160.04,162.48,158.03,160.46,10499506,Healthcare
2022-04-11,JNJ,160.66,161.83,159.22,160.39,7089948,Healthcare
2022-04-12,JNJ,160.01,161.67,157.66,159.31,6946509,Healthcare
2022-04-13,JNJ,158.08,159.78,157.06,158.76,8425844,Healthcare
2022-04-14,JNJ,161.1,163.74,158.74,161.38,9465454,Healthcare
2022-04-15,JNJ,161.26,162.21,159.74,160.69,10172776,Healthcare
2022-04-18,JNJ,161.36,164.55,157.48,160.66,7594704,Healthcare
2022-04-19,JNJ,162.32,164.1,160.14,161.92,6350863,Healthcare
2022-04-20,JNJ,159.68,161.85,158.13,160.29,8147364,Healthcare
2022-04-21,JNJ,162.73,165.37,160.57,163.2,5749137,Healthcare
2022-04-22,JNJ,163.96,167.35,161.37,164.75,11051054,Healthcare
2022-04-25,JNJ,161.45,162.79,159.85,161.19,8034609,Healthcare
2022-04-26,JNJ,160.87,161.86,159.92,160.91,8493859,Healthcare
2022-04-27,JNJ,161.75,164.63,158.5,161.38,6044093,Healthcare
2022-04-28,JNJ,162.02,163.65,160.7,162.33,6251883,Healthcare
2022-04-29,JNJ,163.3,165.24,160.58,162.51,8481831,Healthcare
2022-05-02,JNJ,164.12,166.77,161.18,163.82,10359504,Healthcare
2022-05-03,JNJ,165.06,166.42,163.28,164.64,10535589,Healthcare
2022-05-04,JNJ,162.71,164.19,161.48,162.96,11032569,Healthcare
2022-05-05,JNJ,162.35,165.42,159.64,162.7,8758073,Healthcare
2022-05-06,JNJ,163.56,165.39,161.75,163.58,7588930,Healthcare
2022-05-09,JNJ,162.93,164.43,161.16,162.65,9959834,Healthcare
2022-05-10,JNJ,161.56,165.06,158.63,162.12,10207990,Healthcare
2022-05-11,JNJ,161.14,162.68,159.72,161.26,10648084,Healthcare
2022-05-12,JNJ,158.77,161.13,156.89,159.25,6495264,Healthcare
2022-05-13,JNJ,160.27,162.21,157.92,159.85,11184348,Healthcare
2022-05-16,JNJ,162.31,165.04,158.98,161.7,9787861,Healthcare
2022-05-17,JNJ,162.05,165.74,159.06,162.74,10807616,Healthcare
2022-05-18,JNJ,163.09,164.88,160.63,162.41,6024103,Healthcare
2022-05-19,JNJ,161.08,163.61,158.17,160.7,11182700,Healthcare
2022-05-20,JNJ,161.46,164.32,158.79,161.65,8720591,Healthcare
2022-05-23,JNJ,161.22,163.41,159.53,161.71,6991613,Healthcare
2022-05-24,JNJ,163.06,164.42,161.62,162.98,10674499,Healthcare
2022-05-25,JNJ,162.68,166.46,159.64,163.41,6047436,Healthcare
2022-05-26,JNJ,164.68,166.51,163.25,165.08,6131379,Healthcare
2022-05-27,JNJ,165.86,167.66,163.92,165.71,8837708,Healthcare
2022-05-30,JNJ,163.85,166.27,161.7,164.11,9556151,Healthcare
2022-05-31,JNJ,165.46,168.59,162.58,165.71,6078998,Healthcare
2022-06-01,JNJ,167.62,169.82,166.04,168.23,8217208,Healthcare
2022-06-02,JNJ,169.14,170.44,167.9,169.2,6837616,Healthcare
2022-06-03,JNJ,168.44,171.96,165.73,169.24,8706579,Healthcare
2022-06-06,JNJ,170.78,172.93,169.49,171.64,10467520,Healthcare
2022-06-07,JNJ,172.0,175.29,169.41,172.69,9318805,Healthcare
2022-06-08,JNJ,172.78,175.28,170.33,172.83,7947845,Healthcare
2022-06-09,JNJ,172.43,176.03,169.27,172.87,7830536,Healthcare
2022-06-10,JNJ,172.19,173.9,170.01,171.72,10732205,Healthcare
2022-06-13,JNJ,171.71,174.76,168.16,171.2,11126023,Healthcare
2022-06-14,JNJ,171.78,174.44,168.7,171.35,11103694,Healthcare
2022-06-15,JNJ,170.68,171.55,169.58,170.45,9738240,Healthcare
2022-06-16,JNJ,172.28,175.51,168.4,171.62,10314979,Healthcare
2022-06-17,JNJ,174.25,177.59,170.84,174.18,5638752,Healthcare
2022-06-20,JNJ,172.27,173.16,171.3,172.19,8037524,Healthcare
2022-06-21,JNJ,171.93,174.13,169.91,172.1,10739264,Healthcare
2022-06-22,JNJ,172.41,174.2,170.02,171.8,10656042,Healthcare
2022-06-23,JNJ,171.88,174.12,169.73,171.97,9861715,Healthcare
2022-06-24,JNJ,172.65,175.65,169.95,172.95,6174269,Healthcare
2022-06-27,JNJ,172.64,174.83,171.09,173.28,7250500,Healthcare
2022-06-28,JNJ,172.85,174.39,171.07,172.61,10945177,Healthcare
2022-06-29,JNJ,174.02,176.68,170.63,173.28,9991140,Healthcare
2022-06-30,JNJ,174.4,177.33,171.62,174.55,7418849,Healthcare
2022-07-01,JNJ,174.83,177.92,171.04,174.12,8130541,Healthcare
2022-07-04,JNJ,175.65,176.55,174.24,175.14,7196385,Healthcare
2022-07-05,JNJ,176.18,177.09,174.74,175.64,8497519,Healthcare
2022-07-06,JNJ,175.58,178.26,172.18,174.85,8630573,Healthcare
2022-07-07,JNJ,175.84,178.42,173.63,176.21,7309085,Healthcare
2022-07-08,JNJ,175.68,178.75,172.7,175.77,6515746,Healthcare
2022-07-11,JNJ,175.01,176.18,173.89,175.06,8203748,Healthcare
2022-07-12,JNJ,173.42,176.04,170.85,173.47,6403463,Healthcare
2022-07-13,JNJ,173.07,175.25,170.2,172.37,6492871,Healthcare
2022-07-14,JNJ,173.32,175.98,170.5,173.16,9792080,Healthcare
2022-07-15,JNJ,173.94,175.2,171.92,173.18,9077411,Healthcare
2022-07-18,JNJ,171.23,174.71,168.2,171.67,9740712,Healthcare
2022-07-19,JNJ,172.96,176.03,170.07,173.14,7750139,Healthcare
2022-07-20,JNJ,175.16,178.49,172.56,175.88,9719495,Healthcare
2022-07-21,JNJ,176.73,178.28,175.73,177.28,9319205,Healthcare
2022-07-22,JNJ,178.84,180.0,176.85,178.0,10463018,Healthcare
2022-07-25,JNJ,179.26,181.84,176.12,178.69,10570448,Healthcare
2022-07-26,JNJ,178.0,179.58,175.8,177.38,6690845,Healthcare
2022-07-27,JNJ,178.01,180.0,175.92,177.91,9597789,Healthcare
2022-07-28,JNJ,176.87,178.21,175.91,177.24,9007706,Healthcare
2022-07-29,JNJ,177.18,179.02,174.86,176.69,9249252,Healthcare
2022-08-01,JNJ,176.77,178.91,175.26,177.4,9122663,Healthcare
2022-08-02,JNJ,175.31,177.96,173.25,175.89,7427695,Healthcare
2022-08-03,JNJ,174.6,176.96,172.93,175.29,8662690,Healthcare
2022-08-04,JNJ,177.14,180.05,174.1,177.01,10227231,Healthcare
2022-08-05,JNJ,178.0,179.34,176.77,178.11,9012724,Healthcare
2022-08-08,JNJ,176.01,178.67,173.01,175.67,9682206,Healthcare
2022-08-09,JNJ,175.2,178.51,172.61,175.91,9493711,Healthcare
2022-08-10,JNJ,178.44,181.27,174.74,177.56,9482829,Healthcare
2022-08-11,JNJ,174.66,177.33,171.96,174.63,10460368,Healthcare
2022-08-12,JNJ,174.98,178.47,171.01,174.49,9030002,Healthcare
2022-08-15,JNJ,175.3,176.38,173.82,174.9,9567944,Healthcare
2022-08-16,JNJ,173.65,177.2,170.76,174.3,9260902,Healthcare
2022-08-17,JNJ,170.76,172.37,168.71,170.32,6946094,Healthcare
2022-08-18,JNJ,169.78,172.73,167.19,170.13,5650368,Healthcare
2022-08-19,JNJ,171.61,174.78,169.12,172.28,9292032,Healthcare
2022-08-22,JNJ,172.75,176.01,168.69,171.94,6921169,Healthcare
2022-08-23,JNJ,171.06,174.25,168.13,171.31,10642559,Healthcare
2022-08-24,JNJ,171.36,174.98,168.48,172.09,7879967,Healthcare
2022-08-25,JNJ,172.2,173.93,169.98,171.71,7897599,Healthcare
2022-08-26,JNJ,170.81,173.42,168.03,170.64,11063576,Healthcare
2022-08-29,JNJ,172.06,175.46,168.78,172.18,9652037,Healthcare
2022-08-30,JNJ,170.65,173.63,167.01,169.97,5981551,Healthcare
2022-08-31,JNJ,170.94,172.88,169.31,171.25,8032897,Healthcare
2022-09-01,JNJ,173.24,174.56,171.93,173.25,9314000,Healthcare
2022-09-02,JNJ,173.49,175.65,171.04,173.2,5972073,Healthcare
2022-09-05,JNJ,174.33,177.49,170.42,173.57,9060281,Healthcare
2022-09-06,JNJ,174.66,178.5,171.48,175.31,10065713,Healthcare
2022-09-07,JNJ,176.53,177.89,175.33,176.69,7413383,Healthcare
2022-09-08,JNJ,176.38,179.17,173.95,176.73,9168956,Healthcare
2022-09-09,JNJ,176.02,177.87,173.55,175.39,9149749,Healthcare
2022-09-12,JNJ,176.15,177.89,174.7,176.44,10345556,Healthcare
2022-09-13,JNJ,178.31,180.24,176.33,178.25,9234074,Healthcare
2022-09-14,JNJ,176.95,179.13,175.14,177.32,8261427,Healthcare
2022-09-15,JNJ,179.35,181.22,177.88,179.74,5947639,Healthcare
2022-09-16,JNJ,179.3,181.34,177.59,179.62,10986265,Healthcare
2022-09-19,JNJ,179.02,181.5,176.04,178.51,5854112,Healthcare
2022-09-20,JNJ,177.93,179.1,176.2,177.37,9091877,Healthcare
2022-09-21,JNJ,178.69,180.27,177.28,178.86,8616565,Healthcare
2022-09-22,JNJ,178.26,182.21,175.11,179.05,8941644,Healthcare
2022-09-23,JNJ,181.09,183.94,177.39,180.23,10120096,Healthcare
2022-09-26,JNJ,179.55,181.19,177.53,179.17,9874356,Healthcare
2022-09-27,JNJ,179.61,182.47,176.19,179.04,10660887,Healthcare
2022-09-28,JNJ,179.17,181.04,178.01,179.88,10059839,Healthcare
2022-09-29,JNJ,178.69,181.06,177.12,179.48,7846883,Healthcare
2022-09-30,JNJ,177.28,181.02,174.21,177.94,9362315,Healthcare
2022-10-03,JNJ,175.74,177.32,174.85,176.43,7564761,Healthcare
2022-10-04,JNJ,178.74,179.86,177.01,178.12,10438794,Healthcare
2022-10-05,JNJ,176.77,180.12,173.88,177.23,8530183,Healthcare
2022-10-06,JNJ,176.56,178.32,175.19,176.95,8489629,Healthcare
2022-10-07,JNJ,175.68,179.22,172.86,176.39,7261501,Healthcare
2022-10-10,JNJ,175.37,178.81,172.06,175.49,10857670,Healthcare
2022-10-11,JNJ,177.11,180.63,173.54,177.06,7213046,Healthcare
2022-10-12,JNJ,176.26,179.84,173.29,176.86,7011462,Healthcare
2022-10-13,JNJ,179.09,182.22,176.09,179.21,6728612,Healthcare
2022-10-14,JNJ,178.07,180.7,175.04,177.66,6300398,Healthcare
2022-10-17,JNJ,178.79,180.93,177.15,179.29,7727185,Healthcare
2022-10-18,JNJ,178.41,181.35,175.1,178.03,9310133,Healthcare
2022-10-19,JNJ,178.77,180.32,177.86,179.41,6850466,Healthcare
2022-10-20,JNJ,178.94,181.2,177.32,179.57,7897767,Healthcare
2022-10-21,JNJ,180.71,181.82,179.16,180.26,10011236,Healthcare
2022-10-24,JNJ,178.16,181.33,175.73,178.89,10584465,Healthcare
2022-10-25,JNJ,177.3,181.29,173.85,177.83,9545982,Healthcare
2022-10-26,JNJ,179.68,182.85,176.44,179.61,7410609,Healthcare
2022-10-27,JNJ,177.76,179.92,175.58,177.74,7843567,Healthcare
2022-10-28,JNJ,177.0,180.35,173.22,176.57,6951289,Healthcare
2022-10-31,JNJ,174.81,177.22,172.08,174.48,6384875,Healthcare
2022-11-01,JNJ,175.98,177.81,173.45,175.27,8776169,Healthcare
2022-11-02,JNJ,173.95,176.05,172.51,174.61,8502070,Healthcare
2022-11-03,JNJ,174.33,176.93,172.03,174.62,9130329,Healthcare
2022-11-04,JNJ,175.74,177.43,174.68,176.37,8659133,Healthcare
2022-11-07,JNJ,177.2,178.25,175.48,176.53,6396019,Healthcare
2022-11-08,JNJ,175.03,177.87,172.39,175.22,7838811,Healthcare
2022-11-09,JNJ,175.62,178.51,172.73,175.62,9663670,Healthcare
2022-11-10,JNJ,175.05,177.25,172.69,174.89,9860001,Healthcare
2022-11-11,JNJ,174.36,176.82,171.7,174.16,10019629,Healthcare
2022-11-14,JNJ,171.28,174.79,167.99,171.49,8831856,Healthcare
2022-11-15,JNJ,170.74,172.06,169.67,170.98,7907475,Healthcare
2022-11-16,JNJ,169.58,172.55,166.59,169.56,9693971,Healthcare
2022-11-17,JNJ,169.98,170.94,169.08,170.04,10647378,Healthcare
2022-11-18,JNJ,169.78,172.01,168.36,170.58,8027088,Healthcare
2022-11-21,JNJ,169.75,172.47,167.11,169.83,8175878,Healthcare
2022-11-22,JNJ,168.55,171.51,166.01,168.97,9810582,Healthcare
2022-11-23,JNJ,169.01,170.42,167.78,169.19,9273645,Healthcare
2022-11-24,JNJ,168.89,171.83,165.47,168.4,9641439,Healthcare
2022-11-25,JNJ,167.14,169.51,165.4,167.77,6814271,Healthcare
2022-11-28,JNJ,168.53,171.56,164.91,167.93,10928740,Healthcare
2022-11-29,JNJ,167.53,168.56,166.44,167.47,9232625,Healthcare
2022-11-30,JNJ,169.2,171.85,166.31,168.96,9912063,Healthcare
2022-12-01,JNJ,168.96,171.26,167.2,169.5,6745666,Healthcare
2022-12-02,JNJ,169.27,170.4,168.39,169.52,6113766,Healthcare
2022-12-05,JNJ,170.3,171.97,168.41,170.08,10609077,Healthcare
2022-12-06,JNJ,169.24,172.65,166.26,169.66,6350865,Healthcare
2022-12-07,JNJ,172.12,173.48,169.96,171.31,8677057,Healthcare
2022-12-08,JNJ,171.07,172.39,169.17,170.49,7813070,Healthcare
2022-12-09,JNJ,170.58,174.15,167.43,170.99,7802041,Healthcare
2022-12-12,JNJ,171.06,173.21,168.25,170.39,10465041,Healthcare
2022-12-13,JNJ,169.34,172.12,167.03,169.81,7858799,Healthcare
2022-12-14,JNJ,171.33,174.69,167.79,171.15,9974147,Healthcare
2022-12-15,JNJ,169.97,171.97,167.92,169.92,8002143,Healthcare
2022-12-16,JNJ,169.5,172.13,166.28,168.91,8441235,Healthcare
2022-12-19,JNJ,169.81,172.16,167.74,170.08,6591741,Healthcare
2022-12-20,JNJ,170.5,174.07,167.25,170.81,10083872,Healthcare
2022-12-21,JNJ,169.63,172.3,166.48,169.14,10845901,Healthcare
2022-12-22,JNJ,170.96,173.41,167.84,170.28,6539105,Healthcare
2022-12-23,JNJ,168.78,171.21,165.9,168.32,7121190,Healthcare
2022-12-26,JNJ,165.75,168.42,162.63,165.29,10254652,Healthcare
2022-12-27,JNJ,165.7,167.31,163.8,165.4,7303818,Healthcare
2022-12-28,JNJ,165.51,168.23,162.85,165.57,8946248,Healthcare
2022-12-29,JNJ,161.02,163.39,159.21,161.57,6596965,Healthcare
2022-12-30,JNJ,162.38,163.38,161.19,162.19,10352375,Healthcare
2023-01-02,JNJ,162.98,164.56,162.11,163.69,8161815,Healthcare
2023-01-03,JNJ,163.04,166.23,160.42,163.6,7121247,Healthcare
2023-01-04,JNJ,163.05,164.59,161.67,163.21,6859992,Healthcare
2023-01-05,JNJ,164.71,166.4,162.64,164.33,9021651,Healthcare
2023-01-06,JNJ,161.49,162.49,160.27,161.27,8271632,Healthcare
2023-01-09,JNJ,159.35,162.73,156.32,159.69,9666531,Healthcare
2023-01-10,JNJ,160.05,163.06,157.5,160.5,10658052,Healthcare
2023-01-11,JNJ,159.35,161.32,157.1,159.07,6416791,Healthcare
2023-01-12,JNJ,160.47,161.89,158.91,160.33,7386552,Healthcare
2023-01-13,JNJ,159.71,161.91,157.71,159.91,9187101,Healthcare
2023-01-16,JNJ,157.68,160.41,155.74,158.46,9238212,Healthcare
2023-01-17,JNJ,155.39,157.4,153.63,155.64,6127221,Healthcare
2023-01-18,JNJ,153.19,154.89,151.92,153.61,10838069,Healthcare
2023-01-19,JNJ,151.01,153.44,149.28,151.7,6377373,Healthcare
2023-01-20,JNJ,152.35,153.29,151.27,152.21,6645080,Healthcare
2023-01-23,JNJ,150.62,152.7,148.74,150.82,10101707,Healthcare
2023-01-24,JNJ,150.13,151.66,148.66,150.19,9639199,Healthcare
2023-01-25,JNJ,149.98,151.7,147.82,149.54,9305432,Healthcare
2023-01-26,JNJ,147.92,149.57,146.26,147.91,11016339,Healthcare
2023-01-27,JNJ,145.72,147.89,142.96,145.13,6601047,Healthcare
2023-01-30,JNJ,144.77,146.54,142.41,144.18,7406627,Healthcare
2023-01-31,JNJ,143.64,147.03,140.84,144.22,10654958,Healthcare
2023-02-01,JNJ,144.98,147.3,143.29,145.6,10525320,Healthcare
2023-02-02,JNJ,144.59,146.56,143.32,145.28,6360519,Healthcare
2023-02-03,JNJ,146.86,149.05,143.98,146.16,6224187,Healthcare
2023-02-06,JNJ,142.84,145.01,141.14,143.3,9772204,Healthcare
2023-02-07,JNJ,141.35,142.68,140.39,141.72,6699873,Healthcare
2023-02-08,JNJ,143.49,145.4,141.06,142.96,8462105,Healthcare
2023-02-09,JNJ,143.1,143.94,142.17,143.01,10066117,Healthcare
2023-02-10,JNJ,144.19,145.82,143.18,144.81,6651723,Healthcare
2023-02-13,JNJ,146.49,148.86,143.99,146.36,8627330,Healthcare
2023-02-14,JNJ,145.42,146.93,144.15,145.66,11008956,Healthcare
2023-02-15,JNJ,144.2,145.44,142.38,143.62,8850976,Healthcare
2023-02-16,JNJ,142.27,143.29,141.3,142.32,10911872,Healthcare
2023-02-17,JNJ,144.59,146.22,142.45,144.07,7036000,Healthcare
2023-02-20,JNJ,143.69,145.64,141.26,143.2,10755855,Healthcare
2023-02-21,JNJ,144.03,145.8,142.06,143.83,5616688,Healthcare
2023-02-22,JNJ,144.52,146.11,143.25,144.84,6123560,Healthcare
2023-02-23,JNJ,143.04,144.62,141.72,143.3,11025089,Healthcare
2023-02-24,JNJ,144.04,146.32,141.88,144.15,11133104,Healthcare
2023-02-27,JNJ,144.28,145.36,143.23,144.31,9223548,Healthcare
2023-02-28,JNJ,143.45,144.29,142.3,143.14,6159257,Healthcare
2023-03-01,JNJ,142.99,144.5,141.97,143.48,10801783,Healthcare
2023-03-02,JNJ,145.47,147.69,143.03,145.24,8710763,Healthcare
2023-03-03,JNJ,144.11,145.46,142.59,143.94,7896838,Healthcare
2023-03-06,JNJ,144.43,145.47,143.12,144.16,6325660,Healthcare
2023-03-07,JNJ,144.19,145.32,142.6,143.73,9296655,Healthcare
2023-03-08,JNJ,144.18,146.39,142.09,144.3,7819170,Healthcare
2023-03-09,JNJ,145.23,147.46,142.66,144.88,8457193,Healthcare
2023-03-10,JNJ,141.86,144.63,138.46,141.22,7909605,Healthcare
2023-03-13,JNJ,141.07,143.51,138.57,141.01,8465832,Healthcare
2023-03-14,JNJ,142.96,143.79,142.02,142.85,10643236,Healthcare
2023-03-15,JNJ,142.26,144.64,139.48,141.85,6495602,Healthcare
2023-03-16,JNJ,143.31,145.18,141.82,143.69,7369125,Healthcare
2023-03-17,JNJ,142.0,144.14,140.06,142.19,8739907,Healthcare
2023-03-20,JNJ,140.98,142.92,139.35,141.28,6134259,Healthcare
2023-03-21,JNJ,138.26,141.49,135.72,138.94,5609253,Healthcare
2023-03-22,JNJ,139.92,142.35,136.81,139.23,9671775,Healthcare
2023-03-23,JNJ,139.09,140.2,138.36,139.47,11042207,Healthcare
2023-03-24,JNJ,141.37,143.79,138.86,141.28,6926419,Healthcare
2023-03-27,JNJ,142.22,143.65,141.48,142.9,9027092,Healthcare
2023-03-28,JNJ,142.71,143.47,141.25,142.01,6626949,Healthcare
2023-03-29,JNJ,140.14,142.83,137.95,140.63,8624523,Healthcare
2023-03-30,JNJ,140.2,141.07,138.96,139.83,8875558,Healthcare
2023-03-31,JNJ,138.91,139.78,137.56,138.43,8663304,Healthcare
2023-04-03,JNJ,140.0,142.64,136.8,139.42,10754843,Healthcare
2023-04-04,JNJ,140.4,141.8,139.53,140.93,11131152,Healthcare
2023-04-05,JNJ,140.32,142.42,138.59,140.69,9910121,Healthcare
2023-04-06,JNJ,139.63,140.88,138.06,139.31,10288800,Healthcare
2023-04-07,JNJ,140.25,142.93,137.9,140.57,7849064,Healthcare
2023-04-10,JNJ,140.29,141.87,138.72,140.3,6537287,Healthcare
2023-04-11,JNJ,139.03,140.67,137.38,139.02,8577570,Healthcare
2023-04-12,JNJ,140.46,142.89,138.01,140.44,6892389,Healthcare
2023-04-13,JNJ,141.52,143.64,138.99,141.1,7388481,Healthcare
2023-04-14,JNJ,142.88,145.49,140.78,143.39,7514787,Healthcare
2023-04-17,JNJ,144.06,146.75,140.8,143.47,8821817,Healthcare
2023-04-18,JNJ,142.59,144.81,139.88,142.09,10967897,Healthcare
2023-04-19,JNJ,142.93,144.69,141.08,142.84,7927592,Healthcare
2023-04-20,JNJ,142.23,143.21,141.37,142.34,10027513,Healthcare
2023-04-21,JNJ,143.46,145.91,140.46,142.9,5888213,Healthcare
2023-04-24,JNJ,143.73,146.16,141.87,144.3,6724156,Healthcare
2023-04-25,JNJ,144.6,147.28,141.92,144.6,9847851,Healthcare
2023-04-26,JNJ,146.37,147.36,145.5,146.49,9375745,Healthcare
2023-04-27,JNJ,148.68,149.98,147.64,148.94,5961467,Healthcare
2023-04-28,JNJ,149.35,151.56,146.45,148.65,10231454,Healthcare
2023-05-01,JNJ,149.28,152.21,145.85,148.77,10389096,Healthcare
2023-05-02,JNJ,147.49,149.5,145.45,147.46,7875023,Healthcare
2023-05-03,JNJ,147.78,150.81,145.23,148.25,5914859,Healthcare
2023-05-04,JNJ,148.4,152.01,145.55,149.14,11070244,Healthcare
2023-05-05,JNJ,148.5,151.13,146.13,148.76,9507791,Healthcare
2023-05-08,JNJ,146.91,149.83,144.37,147.29,9917015,Healthcare
2023-05-09,JNJ,147.1,149.99,144.59,147.47,5834787,Healthcare
2023-05-10,JNJ,148.09,149.73,146.9,148.53,5965346,Healthcare
2023-05-11,JNJ,150.56,153.14,148.17,150.74,10552562,Healthcare
2023-05-12,JNJ,152.02,153.43,150.68,152.09,9178497,Healthcare
2023-05-15,JNJ,150.67,153.41,147.89,150.63,7691737,Healthcare
2023-05-16,JNJ,150.24,153.24,147.53,150.53,6044772,Healthcare
2023-05-17,JNJ,151.21,152.98,149.02,150.78,5772372,Healthcare
2023-05-18,JNJ,150.92,153.0,148.7,150.78,10799833,Healthcare
2023-05-19,JNJ,150.35,152.08,148.95,150.68,8066708,Healthcare
2023-05-22,JNJ,150.21,151.77,148.31,149.86,9193811,Healthcare
2023-05-23,JNJ,149.14,151.58,146.22,148.66,10768694,Healthcare
2023-05-24,JNJ,149.81,151.53,147.38,149.09,6807700,Healthcare
2023-05-25,JNJ,150.44,152.8,148.03,150.39,10174643,Healthcare
2023-05-26,JNJ,150.22,152.05,147.97,149.79,10808944,Healthcare
2023-05-29,JNJ,149.53,151.92,146.74,149.12,5976182,Healthcare
2023-05-30,JNJ,148.66,149.86,146.77,147.96,9481847,Healthcare
2023-05-31,JNJ,150.35,152.57,148.33,150.55,5848578,Healthcare
2023-06-01,JNJ,151.49,153.09,149.89,151.49,6784173,Healthcare
2023-06-02,JNJ,153.77,154.94,152.59,153.76,8881063,Healthcare
2023-06-05,JNJ,153.37,154.69,151.92,153.24,10641903,Healthcare
2023-06-06,JNJ,154.37,156.24,151.96,153.82,10792720,Healthcare
2023-06-07,JNJ,151.58,153.17,150.61,152.2,8265847,Healthcare
2023-06-08,JNJ,152.18,154.39,150.08,152.29,7428124,Healthcare
2023-06-09,JNJ,151.82,154.81,149.6,152.58,11021210,Healthcare
2023-06-12,JNJ,152.67,153.96,150.75,152.04,6210482,Healthcare
2023-06-13,JNJ,151.15,152.85,149.85,151.55,11178456,Healthcare
2023-06-14,JNJ,150.26,151.02,149.29,150.05,10470244,Healthcare
2023-06-15,JNJ,151.09,153.58,148.81,151.3,10966532,Healthcare
2023-06-16,JNJ,149.99,152.85,147.23,150.09,8810639,Healthcare
2023-06-19,JNJ,148.12,151.01,144.53,147.41,8119010,Healthcare
2023-06-20,JNJ,146.65,149.54,144.05,146.94,7682152,Healthcare
2023-06-21,JNJ,147.58,149.12,146.48,148.01,9278490,Healthcare
2023-06-22,JNJ,147.18,149.45,145.32,147.58,7856293,Healthcare
2023-06-23,JNJ,147.54,149.1,145.26,146.82,10379968,Healthcare
2023-06-26,JNJ,148.23,149.83,146.02,147.62,7518758,Healthcare
2023-06-27,JNJ,151.49,153.77,148.53,150.79,7785561,Healthcare
2023-06-28,JNJ,151.12,153.73,148.82,151.43,7091348,Healthcare
2023-06-29,JNJ,151.18,153.24,148.41,150.46,8137549,Healthcare
2023-06-30,JNJ,150.77,153.64,147.29,150.15,7021070,Healthcare
2023-07-03,JNJ,150.46,152.12,148.58,150.24,8501056,Healthcare
2023-07-04,JNJ,149.95,150.92,148.25,149.21,9814862,Healthcare
2023-07-05,JNJ,149.19,150.92,147.29,149.01,6090407,Healthcare
2023-07-06,JNJ,148.54,150.39,146.06,147.9,10620965,Healthcare
2023-07-07,JNJ,147.49,148.97,145.96,147.44,9505347,Healthcare
2023-07-10,JNJ,144.25,146.34,142.79,144.88,8430473,Healthcare
2023-07-11,JNJ,144.33,147.08,142.31,145.05,6135222,Healthcare
2023-07-12,JNJ,147.44,148.86,146.24,147.66,8629886,Healthcare
2023-07-13,JNJ,145.82,147.52,144.45,146.15,10468356,Healthcare
2023-07-14,JNJ,144.23,145.28,143.2,144.24,10935818,Healthcare
2023-07-17,JNJ,146.29,148.39,143.87,145.97,8014927,Healthcare
2023-07-18,JNJ,145.87,146.64,144.89,145.66,9138775,Healthcare
2023-07-19,JNJ,143.1,144.1,142.15,143.15,10725842,Healthcare
2023-07-20,JNJ,144.28,145.51,143.11,144.34,8182177,Healthcare
2023-07-21,JNJ,144.58,147.06,141.64,144.11,9851908,Healthcare
2023-07-24,JNJ,144.68,146.82,143.16,145.3,7557104,Healthcare
2023-07-25,JNJ,143.28,145.46,140.82,142.99,11004001,Healthcare
2023-07-26,JNJ,145.01,146.72,143.11,144.82,8619468,Healthcare
2023-07-27,JNJ,147.29,148.42,146.22,147.35,8651076,Healthcare
2023-07-28,JNJ,146.62,149.65,143.8,146.82,11088554,Healthcare
2023-07-31,JNJ,147.35,149.67,145.41,147.73,6673320,Healthcare
2023-08-01,JNJ,146.2,147.31,145.16,146.27,5722788,Healthcare
2023-08-02,JNJ,146.58,148.29,144.17,145.87,9352598,Healthcare
2023-08-03,JNJ,148.34,151.35,145.91,148.91,8249364,Healthcare
2023-08-04,JNJ,148.52,149.9,146.57,147.94,6615237,Healthcare
2023-08-07,JNJ,148.14,149.9,146.25,148.01,8478630,Healthcare
2023-08-08,JNJ,146.12,149.07,143.57,146.51,7713390,Healthcare
2023-08-09,JNJ,144.84,147.29,142.36,144.8,7851857,Healthcare
2023-08-10,JNJ,143.7,144.48,142.56,143.34,11044219,Healthcare
2023-08-11,JNJ,144.06,146.12,141.5,143.55,8494504,Healthcare
2023-08-14,JNJ,144.97,146.91,143.74,145.68,9259030,Healthcare
2023-08-15,JNJ,145.55,147.35,143.34,145.14,9490221,Healthcare
2023-08-16,JNJ,144.83,147.7,141.95,144.82,7992178,Healthcare
2023-08-17,JNJ,144.61,145.99,143.26,144.64,10488080,Healthcare
2023-08-18,JNJ,144.73,145.55,143.23,144.04,11162520,Healthcare
2023-08-21,JNJ,142.7,144.94,140.71,142.94,6849074,Healthcare
2023-08-22,JNJ,140.91,142.84,139.62,141.55,8260621,Healthcare
2023-08-23,JNJ,141.73,142.56,140.59,141.42,7682804,Healthcare
2023-08-24,JNJ,139.04,140.15,137.87,138.98,11053052,Healthcare
2023-08-25,JNJ,140.99,143.18,138.81,141.0,9950720,Healthcare
2023-08-28,JNJ,142.24,144.52,139.4,141.68,6746146,Healthcare
2023-08-29,JNJ,140.87,143.67,138.35,141.15,10869593,Healthcare
2023-08-30,JNJ,141.56,142.86,139.66,140.96,10997228,Healthcare
2023-08-31,JNJ,140.72,141.73,139.05,140.06,6080048,Healthcare
2023-09-01,JNJ,140.19,141.43,139.03,140.27,11164145,Healthcare
2023-09-04,JNJ,140.12,141.85,138.32,140.05,9488779,Healthcare
2023-09-05,JNJ,140.92,143.67,137.78,140.52,6855262,Healthcare
2023-09-06,JNJ,138.99,140.88,137.66,139.55,9208933,Healthcare
2023-09-07,JNJ,138.07,139.48,137.01,138.41,10573436,Healthcare
2023-09-08,JNJ,140.56,141.95,139.08,140.47,7826369,Healthcare
2023-09-11,JNJ,143.29,144.37,142.41,143.49,7885181,Healthcare
2023-09-12,JNJ,143.86,146.77,141.21,144.11,7723750,Healthcare
2023-09-13,JNJ,143.7,146.11,140.93,143.33,10070397,Healthcare
2023-09-14,JNJ,142.35,145.1,139.19,141.93,7882605,Healthcare
2023-09-15,JNJ,143.39,145.87,140.9,143.38,7155198,Healthcare
2023-09-18,JNJ,144.47,146.25,143.09,144.87,6411960,Healthcare
2023-09-19,JNJ,145.36,147.13,144.23,146.0,10575324,Healthcare
2023-09-20,JNJ,144.78,147.53,141.91,144.65,10306741,Healthcare
2023-09-21,JNJ,145.88,147.01,144.17,145.3,8435624,Healthcare
2023-09-22,JNJ,145.63,147.03,144.76,146.15,7330268,Healthcare
2023-09-25,JNJ,144.29,145.39,143.47,144.57,5935610,Healthcare
2023-09-26,JNJ,142.75,144.31,141.53,143.09,11168466,Healthcare
2023-09-27,JNJ,141.82,143.4,140.61,142.19,9446018,Healthcare
2023-09-28,JNJ,141.67,144.37,139.14,141.83,10503460,Healthcare
2023-09-29,JNJ,140.89,142.75,139.47,141.32,7445977,Healthcare
2023-10-02,JNJ,141.68,143.88,139.68,141.87,9368205,Healthcare
2023-10-03,JNJ,142.37,143.59,140.86,142.08,7545654,Healthcare
2023-10-04,JNJ,143.49,145.19,141.71,143.41,9442860,Healthcare
2023-10-05,JNJ,145.84,147.09,144.1,145.35,9642319,Healthcare
2023-10-06,JNJ,145.71,146.95,143.79,145.02,9322863,Healthcare
2023-10-09,JNJ,144.82,147.03,143.11,145.32,8586037,Healthcare
2023-10-10,JNJ,143.69,144.86,142.62,143.79,7888790,Healthcare
2023-10-11,JNJ,144.46,147.2,142.18,144.91,10202479,Healthcare
2023-10-12,JNJ,143.68,145.18,142.26,143.76,9925109,Healthcare
2023-10-13,JNJ,144.01,146.37,141.94,144.29,7762736,Healthcare
2023-10-16,JNJ,145.75,147.15,144.21,145.61,7462697,Healthcare
2023-10-17,JNJ,146.75,149.08,144.3,146.63,6415957,Healthcare
2023-10-18,JNJ,146.42,148.25,145.01,146.83,7785753,Healthcare
2023-10-19,JNJ,144.79,146.63,142.94,144.78,9825332,Healthcare
2023-10-20,JNJ,143.98,145.11,142.22,143.34,7519932,Healthcare
2023-10-23,JNJ,142.08,143.43,140.47,141.82,10110893,Healthcare
2023-10-24,JNJ,144.51,146.05,142.61,144.15,10548921,Healthcare
2023-10-25,JNJ,143.16,146.2,140.8,143.83,10233265,Healthcare
2023-10-26,JNJ,141.96,144.32,139.37,141.72,9856125,Healthcare
2023-10-27,JNJ,141.81,144.7,139.02,141.91,5976450,Healthcare
2023-10-30,JNJ,141.0,143.33,139.32,141.64,7247802,Healthcare
2023-10-31,JNJ,143.82,146.08,141.83,144.09,9438213,Healthcare
2023-11-01,JNJ,145.87,148.52,143.34,145.99,10640772,Healthcare
2023-11-02,JNJ,143.29,144.18,141.91,142.8,10240009,Healthcare
2023-11-03,JNJ,139.94,141.6,138.56,140.22,7308531,Healthcare
2023-11-06,JNJ,139.57,141.97,136.72,139.11,7446445,Healthcare
2023-11-07,JNJ,139.2,141.64,137.27,139.7,8225160,Healthcare
2023-11-08,JNJ,138.0,141.24,135.24,138.47,10906350,Healthcare
2023-11-09,JNJ,139.34,141.76,136.28,138.69,6605641,Healthcare
2023-11-10,JNJ,138.44,140.25,137.3,139.11,9658330,Healthcare
2023-11-13,JNJ,138.6,141.09,136.57,139.05,10030411,Healthcare
2023-11-14,JNJ,136.51,138.31,135.21,137.01,7966350,Healthcare
2023-11-15,JNJ,137.5,138.71,136.62,137.83,7679466,Healthcare
2023-11-16,JNJ,139.53,142.01,136.65,139.12,8079424,Healthcare
2023-11-17,JNJ,138.72,140.92,136.42,138.62,7508714,Healthcare
2023-11-20,JNJ,139.24,141.45,136.77,138.98,9066928,Healthcare
2023-11-21,JNJ,139.63,141.62,137.38,139.37,7753454,Healthcare
2023-11-22,JNJ,138.99,141.98,136.48,139.46,10549758,Healthcare
2023-11-23,JNJ,138.82,140.75,137.41,139.34,8960153,Healthcare
2023-11-24,JNJ,139.39,140.87,137.47,138.95,8012398,Healthcare
2023-11-27,JNJ,138.42,140.77,136.34,138.69,6772933,Healthcare
2023-11-28,JNJ,140.28,141.8,138.61,140.13,9278901,Healthcare
2023-11-29,JNJ,139.29,141.19,136.71,138.61,9470105,Healthcare
2023-11-30,JNJ,137.52,140.67,134.91,138.05,5943688,Healthcare
2023-12-01,JNJ,137.4,139.23,136.07,137.9,8544863,Healthcare
2023-12-04,JNJ,139.21,140.99,137.33,139.11,9773276,Healthcare
2023-12-05,JNJ,139.5,142.23,136.25,138.97,6262856,Healthcare
2023-12-06,JNJ,137.97,139.7,136.58,138.31,6590177,Healthcare
2023-12-07,JNJ,140.69,142.54,138.77,140.62,6872571,Healthcare
2023-12-08,JNJ,141.22,143.43,138.68,140.89,5717487,Healthcare
2023-12-11,JNJ,141.7,143.25,139.61,141.15,8513784,Healthcare
2023-12-12,JNJ,142.01,143.81,140.56,142.36,6962785,Healthcare
2023-12-13,JNJ,142.5,143.43,141.13,142.05,6085281,Healthcare
2023-12-14,JNJ,140.51,142.47,139.19,141.15,9975764,Healthcare
2023-12-15,JNJ,140.42,141.48,139.64,140.69,8810465,Healthcare
2023-12-18,JNJ,138.04,139.88,136.5,138.34,7141058,Healthcare
2023-12-19,JNJ,140.42,142.8,137.39,139.76,7549029,Healthcare
2023-12-20,JNJ,138.27,139.69,137.5,138.91,9851595,Healthcare
2023-12-21,JNJ,141.74,143.62,139.46,141.34,9505983,Healthcare
2023-12-22,JNJ,139.83,142.43,136.7,139.29,10014633,Healthcare
2023-12-25,JNJ,138.89,140.85,137.21,139.16,8439350,Healthcare
2023-12-26,JNJ,137.56,139.28,135.69,137.41,6642146,Healthcare
2023-12-27,JNJ,137.79,139.89,135.75,137.85,9073147,Healthcare
2023-12-28,JNJ,137.44,138.71,136.26,137.53,6777126,Healthcare
2023-12-29,JNJ,138.93,141.47,136.41,138.95,6859895,Healthcare
2021-01-04,JPM,125.22,125.92,124.3,125.0,11903518,Financials
2021-01-05,JPM,125.16,127.64,122.64,125.12,12631974,Financials
2021-01-06,JPM,125.06,127.2,123.2,125.34,17838688,Financials
2021-01-07,JPM,126.14,127.35,124.32,125.53,15730418,Financials
2021-01-08,JPM,125.92,128.69,123.7,126.46,13213334,Financials
2021-01-11,JPM,126.4,128.43,124.17,126.2,11703582,Financials
2021-01-12,JPM,126.88,128.5,125.57,127.18,15811027,Financials
2021-01-13,JPM,125.23,126.75,123.96,125.47,11832304,Financials
2021-01-14,JPM,122.33,124.07,120.97,122.7,19233181,Financials
2021-01-15,JPM,121.14,122.03,119.76,120.64,13999036,Financials
2021-01-18,JPM,124.59,126.26,123.26,124.93,16030412,Financials
2021-01-19,JPM,124.2,126.14,122.3,124.24,10345927,Financials
2021-01-20,JPM,124.94,127.29,122.01,124.34,14024225,Financials
2021-01-21,JPM,126.92,128.78,125.12,126.98,12954420,Financials
2021-01-22,JPM,125.9,126.74,125.12,125.96,17820168,Financials
2021-01-25,JPM,125.18,125.84,124.42,125.08,18431566,Financials
2021-01-26,JPM,127.09,128.54,126.04,127.49,17368310,Financials
2021-01-27,JPM,130.29,131.84,129.14,130.69,13504294,Financials
2021-01-28,JPM,131.43,132.86,129.51,130.94,15860746,Financials
2021-01-29,JPM,132.16,133.63,130.64,132.11,19148859,Financials
2021-02-01,JPM,133.07,134.35,132.18,133.46,19232781,Financials
2021-02-02,JPM,138.86,142.01,136.17,139.31,11222066,Financials
2021-02-03,JPM,139.47,141.69,137.89,140.1,16218054,Financials
2021-02-04,JPM,139.02,140.5,138.16,139.64,14554831,Financials
2021-02-05,JPM,138.97,141.76,136.28,139.07,13293515,Financials
2021-02-08,JPM,138.85,141.62,136.04,138.81,13477365,Financials
2021-02-09,JPM,137.17,139.07,135.69,137.59,14819785,Financials
2021-02-10,JPM,134.15,136.02,132.6,134.46,11373292,Financials
2021-02-11,JPM,134.87,136.17,133.56,134.86,10371666,Financials
2021-02-12,JPM,138.7,139.71,137.07,138.08,15119982,Financials
2021-02-15,JPM,138.95,139.78,137.85,138.68,10405668,Financials
2021-02-16,JPM,137.03,139.23,134.49,136.69,16180573,Financials
2021-02-17,JPM,134.08,136.78,131.94,134.63,16922449,Financials
2021-02-18,JPM,134.6,135.77,133.65,134.82,19038903,Financials
2021-02-19,JPM,136.58,138.29,134.23,135.94,10671440,Financials
2021-02-22,JPM,137.07,139.34,135.4,137.67,15976060,Financials
2021-02-23,JPM,137.1,138.4,136.25,137.55,12336537,Financials
2021-02-24,JPM,139.78,142.53,137.51,140.25,18096994,Financials
2021-02-25,JPM,143.94,145.62,142.94,144.61,13671445,Financials
2021-02-26,JPM,147.67,151.17,144.76,148.25,10796840,Financials
2021-03-01,JPM,148.75,151.45,146.33,149.03,16829359,Financials
2021-03-02,JPM,151.06,152.33,149.85,151.12,12399840,Financials
2021-03-03,JPM,150.21,151.98,148.05,149.81,17267697,Financials
2021-03-04,JPM,150.8,152.72,148.25,150.16,12385084,Financials
2021-03-05,JPM,147.6,148.87,146.16,147.43,15888710,Financials
2021-03-08,JPM,144.6,145.42,143.62,144.44,13469474,Financials
2021-03-09,JPM,145.19,147.54,142.39,144.74,15211107,Financials
2021-03-10,JPM,144.22,144.94,143.3,144.02,17139036,Financials
2021-03-11,JPM,143.86,145.17,142.6,143.91,19264120,Financials
2021-03-12,JPM,145.93,147.73,144.55,146.34,11866376,Financials
2021-03-15,JPM,143.88,145.81,141.32,143.24,15765163,Financials
2021-03-16,JPM,142.19,143.55,140.63,141.99,15923454,Financials
2021-03-17,JPM,141.63,144.09,139.65,142.11,16018754,Financials
2021-03-18,JPM,141.09,143.39,139.47,141.77,15089691,Financials
2021-03-19,JPM,143.33,146.4,140.49,143.55,19262480,Financials
2021-03-22,JPM,146.13,147.07,144.85,145.79,10920433,Financials
2021-03-23,JPM,148.92,150.28,147.46,148.81,15609241,Financials
2021-03-24,JPM,149.49,151.98,146.84,149.32,15617424,Financials
2021-03-25,JPM,152.77,155.7,149.92,152.84,12007604,Financials
2021-03-26,JPM,152.42,153.7,151.29,152.57,16784977,Financials
2021-03-29,JPM,150.28,151.69,149.43,150.84,10839911,Financials
2021-03-30,JPM,149.36,151.81,147.3,149.75,11429342,Financials
2021-03-31,JPM,147.66,149.71,145.23,147.28,13055118,Financials
2021-04-01,JPM,142.38,144.9,140.43,142.95,18964872,Financials
2021-04-02,JPM,142.67,144.1,140.53,141.96,19390160,Financials
2021-04-05,JPM,141.45,144.5,139.09,142.13,15126054,Financials
2021-04-06,JPM,141.57,142.46,140.12,141.01,17538435,Financials
2021-04-07,JPM,141.73,144.51,138.81,141.58,14917293,Financials
2021-04-08,JPM,141.8,143.77,139.99,141.96,14393162,Financials
2021-04-09,JPM,146.58,148.71,143.83,145.95,15639666,Financials
2021-04-12,JPM,143.09,145.65,140.02,142.57,14884560,Financials
2021-04-13,JPM,143.22,144.68,141.56,143.02,14169597,Financials
2021-04-14,JPM,142.54,143.6,141.65,142.71,19541906,Financials
2021-04-15,JPM,139.2,140.0,138.13,138.93,18043649,Financials
2021-04-16,JPM,140.38,142.45,138.21,140.28,16734033,Financials
2021-04-19,JPM,139.72,141.89,138.12,140.29,19231243,Financials
2021-04-20,JPM,137.99,139.57,136.18,137.76,15006842,Financials
2021-04-21,JPM,136.81,137.61,135.4,136.19,17566864,Financials
2021-04-22,JPM,132.62,133.58,131.02,131.98,17021633,Financials
2021-04-23,JPM,133.09,134.7,131.33,132.94,10846019,Financials
2021-04-26,JPM,131.13,133.46,129.37,131.69,15139581,Financials
2021-04-27,JPM,130.63,132.37,128.41,130.14,16905563,Financials
2021-04-28,JPM,132.03,133.18,130.37,131.52,15417778,Financials
2021-04-29,JPM,131.56,133.86,129.71,132.0,18206181,Financials
2021-04-30,JPM,134.68,137.23,131.76,134.31,19019374,Financials
2021-05-03,JPM,134.96,136.25,133.19,134.47,14591152,Financials
2021-05-04,JPM,137.1,138.12,135.85,136.87,16504378,Financials
2021-05-05,JPM,136.63,138.56,135.36,137.28,11758503,Financials
2021-05-06,JPM,135.15,137.09,133.66,135.6,11701493,Financials
2021-05-07,JPM,136.65,138.14,134.54,136.02,17289586,Financials
2021-05-10,JPM,135.42,136.75,133.49,134.81,16127338,Financials
2021-05-11,JPM,136.93,138.59,135.31,136.97,13825295,Financials
2021-05-12,JPM,137.87,139.2,136.7,138.03,14973384,Financials
2021-05-13,JPM,137.11,138.88,134.98,136.75,13316219,Financials
2021-05-14,JPM,138.95,141.14,136.65,138.84,19226084,Financials
2021-05-17,JPM,141.91,143.44,139.82,141.34,17842296,Financials
2021-05-18,JPM,142.57,144.65,140.28,142.35,10629569,Financials
2021-05-19,JPM,142.63,145.95,139.88,143.19,15319686,Financials
2021-05-20,JPM,148.6,150.18,147.12,148.7,15779793,Financials
2021-05-21,JPM,149.67,152.52,146.88,149.73,19479749,Financials
2021-05-24,JPM,150.86,153.47,148.76,151.37,11662091,Financials
2021-05-25,JPM,148.58,151.6,146.24,149.25,14507347,Financials
2021-05-26,JPM,148.5,149.67,147.43,148.6,17149190,Financials
2021-05-27,JPM,147.52,149.78,145.77,148.02,12268868,Financials
2021-05-28,JPM,149.38,151.61,147.81,150.03,15526508,Financials
2021-05-31,JPM,147.65,150.39,145.57,148.3,13742650,Financials
2021-06-01,JPM,146.74,148.63,145.1,146.98,15265849,Financials
2021-06-02,JPM,150.65,152.32,149.11,150.78,17615730,Financials
2021-06-03,JPM,150.19,151.31,148.9,150.01,14754825,Financials
2021-06-04,JPM,153.47,154.94,151.65,153.12,15201645,Financials
2021-06-07,JPM,151.25,153.09,149.16,151.0,17662445,Financials
2021-06-08,JPM,145.93,148.79,142.88,145.74,18369511,Financials
2021-06-09,JPM,147.88,148.62,147.1,147.84,11903545,Financials
2021-06-10,JPM,145.79,146.72,144.81,145.74,17118899,Financials
2021-06-11,JPM,144.88,146.5,143.01,144.63,14599248,Financials
2021-06-14,JPM,144.47,146.44,142.8,144.77,13549416,Financials
2021-06-15,JPM,147.87,149.39,146.14,147.65,10936981,Financials
2021-06-16,JPM,148.67,149.62,147.48,148.43,15153721,Financials
2021-06-17,JPM,145.84,148.03,144.17,146.35,13828065,Financials
2021-06-18,JPM,148.12,150.62,145.06,147.55,16685250,Financials
2021-06-21,JPM,144.11,144.96,143.01,143.86,12161658,Financials
2021-06-22,JPM,146.36,148.24,144.94,146.81,17402406,Financials
2021-06-23,JPM,149.78,151.99,147.41,149.61,16346131,Financials
2021-06-24,JPM,148.11,149.46,146.84,148.19,16005886,Financials
2021-06-25,JPM,148.27,150.43,145.69,147.84,12613618,Financials
2021-06-28,JPM,148.91,151.47,146.44,149.0,16367692,Financials
2021-06-29,JPM,147.66,149.41,145.26,147.0,11557162,Financials
2021-06-30,JPM,143.63,145.8,141.35,143.52,11492764,Financials
2021-07-01,JPM,143.66,144.52,142.37,143.23,11343023,Financials
2021-07-02,JPM,141.98,143.09,140.2,141.3,16829156,Financials
2021-07-05,JPM,139.81,141.03,138.46,139.68,15034296,Financials
2021-07-06,JPM,140.15,142.63,137.36,139.83,17950867,Financials
2021-07-07,JPM,136.25,137.36,134.95,136.06,10194360,Financials
2021-07-08,JPM,134.92,135.73,133.82,134.63,10039317,Financials
2021-07-09,JPM,135.26,137.11,132.95,134.8,13523429,Financials
2021-07-12,JPM,135.54,136.31,134.48,135.25,18910927,Financials
2021-07-13,JPM,135.42,137.55,133.18,135.31,12054282,Financials
2021-07-14,JPM,136.4,137.11,135.42,136.13,12064056,Financials
2021-07-15,JPM,139.8,142.35,137.3,139.85,15000228,Financials
2021-07-16,JPM,138.89,141.16,136.24,138.5,16097978,Financials
2021-07-19,JPM,141.39,144.09,138.03,140.71,19079477,Financials
2021-07-20,JPM,141.59,144.05,138.85,141.3,16300593,Financials
2021-07-21,JPM,143.13,144.4,142.19,143.46,9855744,Financials
2021-07-22,JPM,143.66,144.77,142.65,143.75,11236058,Financials
2021-07-23,JPM,142.78,145.42,139.7,142.34,10501796,Financials
2021-07-26,JPM,145.07,146.34,143.35,144.61,17669852,Financials
2021-07-27,JPM,151.21,154.11,147.57,150.46,19367446,Financials
2021-07-28,JPM,145.75,147.74,144.12,146.11,17232419,Financials
2021-07-29,JPM,149.65,151.07,147.77,149.19,15032756,Financials
2021-07-30,JPM,146.85,149.67,144.37,147.18,14778667,Financials
2021-08-02,JPM,146.77,148.75,144.15,146.12,12412656,Financials
2021-08-03,JPM,145.91,148.69,142.7,145.47,16962761,Financials
2021-08-04,JPM,143.23,145.64,140.68,143.08,12191984,Financials
2021-08-05,JPM,142.73,143.85,141.09,142.21,16906366,Financials
2021-08-06,JPM,139.89,141.04,138.58,139.73,14185955,Financials
2021-08-09,JPM,140.36,141.4,139.28,140.32,12558887,Financials
2021-08-10,JPM,139.94,140.89,139.04,139.99,15583063,Financials
2021-08-11,JPM,138.98,139.91,138.19,139.12,12325086,Financials
2021-08-12,JPM,139.31,140.59,138.55,139.83,11162534,Financials
2021-08-13,JPM,142.94,144.05,141.41,142.51,14107020,Financials
2021-08-16,JPM,141.29,142.88,140.27,141.86,12719816,Financials
2021-08-17,JPM,142.61,145.22,140.19,142.8,11366994,Financials
2021-08-18,JPM,143.2,144.78,141.54,143.12,10089924,Financials
2021-08-19,JPM,140.48,142.66,138.46,140.63,9895313,Financials
2021-08-20,JPM,141.92,144.06,139.48,141.62,15962629,Financials
2021-08-23,JPM,141.81,143.25,140.33,141.77,13594145,Financials
2021-08-24,JPM,144.39,146.63,142.03,144.27,10601631,Financials
2021-08-25,JPM,147.9,150.07,145.46,147.62,13432881,Financials
2021-08-26,JPM,144.59,147.21,141.49,144.1,11516631,Financials
2021-08-27,JPM,143.05,145.79,140.39,143.13,16892746,Financials
2021-08-30,JPM,141.84,144.28,139.39,141.83,13711199,Financials
2021-08-31,JPM,142.99,146.07,140.31,143.38,12318306,Financials
2021-09-01,JPM,144.53,146.04,142.51,144.01,19000124,Financials
2021-09-02,JPM,148.02,149.25,146.26,147.48,12330389,Financials
2021-09-03,JPM,146.21,149.07,143.21,146.07,9869447,Financials
2021-09-06,JPM,145.8,147.13,145.0,146.32,11638216,Financials
2021-09-07,JPM,145.59,148.4,143.19,145.99,19297587,Financials
2021-09-08,JPM,144.1,146.2,141.73,143.82,11934601,Financials
2021-09-09,JPM,145.36,148.03,142.45,145.12,18271175,Financials
2021-09-10,JPM,145.54,148.92,142.72,146.09,10746554,Financials
2021-09-13,JPM,149.23,151.77,146.15,148.69,15520861,Financials
2021-09-14,JPM,150.89,152.47,149.08,150.66,12795507,Financials
2021-09-15,JPM,152.66,153.99,151.35,152.68,11918307,Financials
2021-09-16,JPM,153.97,155.86,151.39,153.27,18029883,Financials
2021-09-17,JPM,155.43,158.4,152.0,154.96,13276559,Financials
2021-09-20,JPM,156.06,158.74,152.73,155.4,19080950,Financials
2021-09-21,JPM,150.62,153.36,148.32,151.06,10189345,Financials
2021-09-22,JPM,151.06,152.15,149.28,150.36,14328548,Financials
2021-09-23,JPM,149.37,152.08,146.71,149.42,16276012,Financials
2021-09-24,JPM,146.87,148.03,146.08,147.24,14075438,Financials
2021-09-27,JPM,146.0,148.6,143.89,146.48,17292604,Financials
2021-09-28,JPM,149.9,151.47,147.87,149.43,10760097,Financials
2021-09-29,JPM,156.23,158.93,153.86,156.55,17594755,Financials
2021-09-30,JPM,155.33,157.04,153.36,155.07,18956191,Financials
2021-10-01,JPM,157.01,158.62,156.18,157.78,17348736,Financials
2021-10-04,JPM,154.83,157.43,152.55,155.15,14645087,Financials
2021-10-05,JPM,154.9,156.25,154.03,155.38,13960064,Financials
2021-10-06,JPM,153.19,155.9,150.51,153.22,15546352,Financials
2021-10-07,JPM,156.87,160.02,154.03,157.17,16666853,Financials
2021-10-08,JPM,155.21,158.46,152.43,155.67,13293486,Financials
2021-10-11,JPM,156.69,159.78,152.87,155.94,11987653,Financials
2021-10-12,JPM,154.68,155.97,153.75,155.04,13697773,Financials
2021-10-13,JPM,156.42,158.24,154.42,156.23,18615127,Financials
2021-10-14,JPM,150.62,152.12,148.6,150.09,10716093,Financials
2021-10-15,JPM,148.55,149.39,147.7,148.54,10384689,Financials
2021-10-18,JPM,152.65,154.31,150.39,152.05,12166533,Financials
2021-10-19,JPM,147.54,150.13,145.24,147.83,10240216,Financials
2021-10-20,JPM,152.24,154.27,149.7,151.73,13812790,Financials
2021-10-21,JPM,148.21,150.32,145.52,147.62,17539006,Financials
2021-10-22,JPM,145.37,146.52,143.88,145.03,14718551,Financials
2021-10-25,JPM,143.22,145.55,140.9,143.23,11053990,Financials
2021-10-26,JPM,142.57,144.51,140.64,142.58,14875632,Financials
2021-10-27,JPM,142.76,145.36,139.61,142.2,14244663,Financials
2021-10-28,JPM,140.23,141.89,138.55,140.21,14891974,Financials
2021-10-29,JPM,138.97,141.65,136.09,138.76,12519078,Financials
2021-11-01,JPM,137.05,138.83,135.1,136.88,16069762,Financials
2021-11-02,JPM,138.03,140.39,136.13,138.48,10129213,Financials
2021-11-03,JPM,136.84,138.32,135.46,136.94,10405681,Financials
2021-11-04,JPM,137.93,140.53,135.55,138.15,18753600,Financials
2021-11-05,JPM,137.91,139.53,136.9,138.52,14526697,Financials
2021-11-08,JPM,143.15,144.27,141.41,142.53,9900973,Financials
2021-11-09,JPM,142.46,144.05,140.26,141.85,13567298,Financials
2021-11-10,JPM,142.97,144.17,142.06,143.25,14680501,Financials
2021-11-11,JPM,143.96,145.13,142.84,144.01,17996163,Financials
2021-11-12,JPM,145.25,148.55,142.62,145.91,11376852,Financials
2021-11-15,JPM,144.63,145.95,143.17,144.49,13337748,Financials
2021-11-16,JPM,145.33,147.9,142.46,145.02,10784469,Financials
2021-11-17,JPM,145.83,148.5,143.73,146.4,12299349,Financials
2021-11-18,JPM,144.64,146.22,143.53,145.11,15840676,Financials
2021-11-19,JPM,147.12,149.59,145.14,147.6,19503693,Financials
2021-11-22,JPM,149.02,151.31,147.33,149.62,10981576,Financials
2021-11-23,JPM,147.41,149.44,144.69,146.71,15405120,Financials
2021-11-24,JPM,150.37,153.34,147.48,150.45,14071242,Financials
2021-11-25,JPM,147.84,149.69,145.71,147.55,13402636,Financials
2021-11-26,JPM,141.77,145.0,139.22,142.44,14109689,Financials
2021-11-29,JPM,145.5,147.34,143.5,145.34,12505504,Financials
2021-11-30,JPM,147.65,149.36,145.96,147.67,16531717,Financials
2021-12-01,JPM,146.52,148.95,143.74,146.17,13147513,Financials
2021-12-02,JPM,145.7,148.61,142.29,145.19,12348229,Financials
2021-12-03,JPM,148.76,150.22,147.58,149.04,14232979,Financials
2021-12-06,JPM,149.95,152.61,146.87,149.53,18142212,Financials
2021-12-07,JPM,151.38,152.75,149.87,151.24,12575840,Financials
2021-12-08,JPM,148.99,149.98,147.73,148.72,11201376,Financials
2021-12-09,JPM,147.74,149.96,145.3,147.52,17740434,Financials
2021-12-10,JPM,147.51,148.56,146.05,147.09,19592909,Financials
2021-12-13,JPM,148.98,151.63,145.97,148.61,16289220,Financials
2021-12-14,JPM,147.82,149.49,145.81,147.48,16896944,Financials
2021-12-15,JPM,147.38,149.51,144.81,146.94,14197886,Financials
2021-12-16,JPM,144.22,145.2,143.15,144.13,12397426,Financials
2021-12-17,JPM,142.67,144.9,141.13,143.36,13551347,Financials
2021-12-20,JPM,144.95,147.43,142.41,144.89,9896045,Financials
2021-12-21,JPM,146.76,148.84,144.99,147.07,14479996,Financials
2021-12-22,JPM,148.59,150.23,146.31,147.95,10203537,Financials
2021-12-23,JPM,149.9,152.19,147.1,149.38,19200538,Financials
2021-12-24,JPM,146.58,147.7,145.41,146.53,10227177,Financials
2021-12-27,JPM,150.27,152.71,148.39,150.83,18011387,Financials
2021-12-28,JPM,150.39,151.4,149.36,150.37,14906741,Financials
2021-12-29,JPM,156.25,159.31,152.96,156.01,12620834,Financials
2021-12-30,JPM,155.55,157.47,154.21,156.13,17213844,Financials
2021-12-31,JPM,159.3,161.75,156.69,159.13,10200236,Financials
2022-01-03,JPM,154.82,157.37,152.06,154.6,19246110,Financials
2022-01-04,JPM,154.6,157.04,152.47,154.9,13538901,Financials
2022-01-05,JPM,153.83,155.0,152.32,153.49,16735672,Financials
2022-01-06,JPM,149.11,150.82,147.92,149.62,10554648,Financials
2022-01-07,JPM,155.98,159.32,153.07,156.4,13172802,Financials
2022-01-10,JPM,152.64,154.18,151.23,152.77,16797678,Financials
2022-01-11,JPM,155.05,158.35,152.25,155.54,16526840,Financials
2022-01-12,JPM,154.19,155.78,151.87,153.45,12729407,Financials
2022-01-13,JPM,153.73,154.52,152.92,153.71,11277164,Financials
2022-01-14,JPM,152.18,153.04,151.02,151.88,16976140,Financials
2022-01-17,JPM,151.15,152.95,149.08,150.88,15074746,Financials
2022-01-18,JPM,150.48,152.65,148.16,150.33,16325063,Financials
2022-01-19,JPM,145.68,147.19,144.52,146.02,14111638,Financials
2022-01-20,JPM,143.07,144.74,141.01,142.68,13400457,Financials
2022-01-21,JPM,140.17,141.57,139.13,140.52,11904388,Financials
2022-01-24,JPM,139.38,141.65,137.15,139.42,16744580,Financials
2022-01-25,JPM,138.3,139.85,136.21,137.76,19438499,Financials
2022-01-26,JPM,135.83,137.87,133.3,135.34,14777746,Financials
2022-01-27,JPM,132.66,135.18,129.71,132.22,19519430,Financials
2022-01-28,JPM,131.66,133.55,129.41,131.29,15120107,Financials
2022-01-31,JPM,130.52,131.87,129.36,130.71,18561253,Financials
2022-02-01,JPM,132.91,133.69,132.01,132.79,13450343,Financials
2022-02-02,JPM,137.52,139.01,135.51,136.99,18167459,Financials
2022-02-03,JPM,136.57,138.79,134.66,136.88,14459472,Financials
2022-02-04,JPM,134.6,136.3,133.1,134.8,10807298,Financials
2022-02-07,JPM,136.34,138.41,134.55,136.61,16275917,Financials
2022-02-08,JPM,138.28,139.73,136.93,138.38,10313131,Financials
2022-02-09,JPM,136.35,139.06,133.63,136.34,10037528,Financials
2022-02-10,JPM,135.08,136.85,132.81,134.58,17371010,Financials
2022-02-11,JPM,137.57,140.21,135.44,138.07,16245823,Financials
2022-02-14,JPM,135.93,138.17,133.59,135.83,18548940,Financials
2022-02-15,JPM,132.53,134.09,131.32,132.87,18321783,Financials
2022-02-16,JPM,133.33,135.93,131.41,134.0,13260687,Financials
2022-02-17,JPM,133.09,136.11,130.71,133.72,9831829,Financials
2022-02-18,JPM,131.21,132.42,129.47,130.67,18634480,Financials
2022-02-21,JPM,132.1,133.79,130.34,132.03,13053678,Financials
2022-02-22,JPM,133.12,134.27,131.55,132.7,10841689,Financials
2022-02-23,JPM,131.85,133.47,130.05,131.67,10816066,Financials
2022-02-24,JPM,132.82,134.52,131.02,132.72,17076461,Financials
2022-02-25,JPM,131.43,132.82,130.31,131.7,15381307,Financials
2022-02-28,JPM,129.95,132.89,127.38,130.32,19461857,Financials
2022-03-01,JPM,133.71,135.81,131.19,133.28,10678484,Financials
2022-03-02,JPM,133.87,135.74,132.6,134.46,13441160,Financials
2022-03-03,JPM,133.32,136.49,130.69,133.85,15311253,Financials
2022-03-04,JPM,137.59,138.29,136.6,137.3,11732488,Financials
2022-03-07,JPM,138.12,139.31,137.16,138.35,17356234,Financials
2022-03-08,JPM,136.95,138.23,136.05,137.32,9882951,Financials
2022-03-09,JPM,137.84,140.53,135.02,137.71,16855016,Financials
2022-03-10,JPM,139.36,141.93,137.3,139.86,15630411,Financials
2022-03-11,JPM,138.25,139.35,137.29,138.39,15375838,Financials
2022-03-14,JPM,137.25,139.61,135.41,137.77,10137472,Financials
2022-03-15,JPM,140.18,142.56,137.49,139.86,10601825,Financials
2022-03-16,JPM,139.28,140.24,137.78,138.74,17337463,Financials
2022-03-17,JPM,141.4,144.58,138.58,141.75,14580469,Financials
2022-03-18,JPM,142.08,143.29,140.7,141.91,10931059,Financials
2022-03-21,JPM,144.0,145.62,143.01,144.62,16597143,Financials
2022-03-22,JPM,145.12,146.92,143.15,144.95,18417150,Financials
2022-03-23,JPM,144.41,146.8,142.08,144.47,19446688,Financials
2022-03-24,JPM,143.8,146.07,142.1,144.36,19528016,Financials
2022-03-25,JPM,141.43,142.19,140.6,141.36,12829135,Financials
2022-03-28,JPM,143.6,145.4,141.72,143.52,12152939,Financials
2022-03-29,JPM,144.5,146.43,142.21,144.13,12411796,Financials
2022-03-30,JPM,143.58,145.46,142.04,143.91,17841485,Financials
2022-03-31,JPM,143.54,145.82,140.74,143.01,11466488,Financials
2022-04-01,JPM,140.27,141.67,139.41,140.81,11377979,Financials
2022-04-04,JPM,146.2,148.1,143.62,145.51,13300907,Financials
2022-04-05,JPM,143.63,147.1,140.85,144.3,18883347,Financials
2022-04-06,JPM,147.36,148.5,145.62,146.75,10351028,Financials
2022-04-07,JPM,142.43,145.61,139.69,142.86,12766597,Financials
2022-04-08,JPM,139.29,141.18,137.57,139.46,16341774,Financials
2022-04-11,JPM,135.45,138.11,132.65,135.31,16870557,Financials
2022-04-12,JPM,136.17,137.03,135.14,136.0,14247727,Financials
2022-04-13,JPM,132.7,135.28,130.27,132.85,16458650,Financials
2022-04-14,JPM,133.62,135.07,132.49,133.94,13485999,Financials
2022-04-15,JPM,134.61,136.23,133.32,134.94,10286753,Financials
2022-04-18,JPM,134.81,137.78,132.44,135.4,18496182,Financials
2022-04-19,JPM,135.99,137.52,135.05,136.58,15317446,Financials
2022-04-20,JPM,136.66,138.38,134.95,136.67,15430142,Financials
2022-04-21,JPM,139.87,141.17,138.34,139.64,14723541,Financials
2022-04-22,JPM,141.68,143.1,139.8,141.22,16931666,Financials
2022-04-25,JPM,135.09,136.56,133.15,134.62,18818530,Financials
2022-04-26,JPM,134.64,136.78,132.88,135.02,18774763,Financials
2022-04-27,JPM,132.96,134.61,131.92,133.56,13009372,Financials
2022-04-28,JPM,130.9,132.98,128.28,130.35,16045399,Financials
2022-04-29,JPM,131.28,134.36,128.75,131.82,10395386,Financials
2022-05-02,JPM,133.81,135.69,131.32,133.19,14726668,Financials
2022-05-03,JPM,133.01,134.15,132.24,133.38,12198970,Financials
2022-05-04,JPM,134.08,136.05,132.73,134.69,18667948,Financials
2022-05-05,JPM,132.52,134.21,130.61,132.29,10458293,Financials
2022-05-06,JPM,137.21,138.01,136.29,137.09,18495500,Financials
2022-05-09,JPM,135.92,137.68,133.66,135.41,17747714,Financials
2022-05-10,JPM,137.08,138.33,136.24,137.49,16245564,Financials
2022-05-11,JPM,137.61,139.51,136.01,137.9,13902611,Financials
2022-05-12,JPM,139.0,140.62,136.81,138.43,10813891,Financials
2022-05-13,JPM,139.97,141.26,138.63,139.92,16643211,Financials
2022-05-16,JPM,139.51,141.53,136.89,138.9,17596967,Financials
2022-05-17,JPM,140.94,143.23,139.06,141.34,14218567,Financials
2022-05-18,JPM,139.58,141.73,136.97,139.11,19205414,Financials
2022-05-19,JPM,139.18,141.14,137.18,139.14,9973380,Financials
2022-05-20,JPM,140.19,141.53,139.34,140.67,10336647,Financials
2022-05-23,JPM,141.11,142.9,139.56,141.34,16046070,Financials
2022-05-24,JPM,143.62,145.49,141.61,143.48,14425376,Financials
2022-05-25,JPM,144.61,145.94,142.64,143.96,10646809,Financials
2022-05-26,JPM,142.51,145.5,139.79,142.78,14824082,Financials
2022-05-27,JPM,144.16,145.74,143.2,144.78,14009545,Financials
2022-05-30,JPM,138.53,141.09,136.3,138.85,15311009,Financials
2022-05-31,JPM,141.25,142.71,139.95,141.41,18683173,Financials
2022-06-01,JPM,142.81,145.36,140.24,142.79,12133435,Financials
2022-06-02,JPM,143.15,144.28,141.37,142.5,11786622,Financials
2022-06-03,JPM,140.83,143.42,138.42,141.01,19459466,Financials
2022-06-06,JPM,143.55,145.27,142.04,143.76,16047143,Financials
2022-06-07,JPM,141.81,144.56,138.4,141.14,16730620,Financials
2022-06-08,JPM,139.62,141.9,137.25,139.53,17206602,Financials
2022-06-09,JPM,139.64,142.16,137.14,139.66,15874650,Financials
2022-06-10,JPM,138.62,140.43,136.72,138.53,18522469,Financials
2022-06-13,JPM,139.11,140.96,137.67,139.52,14271545,Financials
2022-06-14,JPM,140.06,141.2,138.92,140.06,18654379,Financials
2022-06-15,JPM,141.87,143.89,139.35,141.37,11428671,Financials
2022-06-16,JPM,140.67,143.27,137.93,140.53,10111245,Financials
2022-06-17,JPM,145.87,147.98,143.1,145.21,10575836,Financials
2022-06-20,JPM,143.46,145.43,140.91,142.87,9895012,Financials
2022-06-21,JPM,146.41,148.57,144.29,146.45,13200495,Financials
2022-06-22,JPM,147.61,150.41,145.48,148.27,17180017,Financials
2022-06-23,JPM,147.39,148.43,146.64,147.68,14738794,Financials
2022-06-24,JPM,151.42,153.33,149.81,151.71,17942184,Financials
2022-06-27,JPM,152.1,154.99,148.65,151.53,14919826,Financials
2022-06-28,JPM,151.7,154.47,148.3,151.06,13810536,Financials
2022-06-29,JPM,152.16,154.18,150.75,152.77,14495100,Financials
2022-06-30,JPM,153.54,156.49,150.5,153.45,16342108,Financials
2022-07-01,JPM,152.92,154.5,151.9,153.47,14351837,Financials
2022-07-04,JPM,154.87,158.08,151.89,155.09,18399343,Financials
2022-07-05,JPM,155.38,156.44,154.14,155.2,15686007,Financials
2022-07-06,JPM,151.25,154.73,148.54,152.01,11661330,Financials
2022-07-07,JPM,151.28,152.53,149.35,150.6,11306197,Financials
2022-07-08,JPM,150.23,151.06,149.35,150.18,14979872,Financials
2022-07-11,JPM,150.59,153.25,147.27,149.92,15077745,Financials
2022-07-12,JPM,152.01,154.89,148.8,151.67,12392679,Financials
2022-07-13,JPM,155.08,158.02,151.89,154.82,13858140,Financials
2022-07-14,JPM,152.44,154.91,150.12,152.59,10919000,Financials
2022-07-15,JPM,155.28,157.73,152.34,154.78,16942300,Financials
2022-07-18,JPM,155.26,156.57,153.25,154.55,10047494,Financials
2022-07-19,JPM,155.39,157.32,153.84,155.76,10271637,Financials
2022-07-20,JPM,158.33,160.09,156.39,158.14,18449018,Financials
2022-07-21,JPM,157.23,160.35,153.64,156.75,14393069,Financials
2022-07-22,JPM,157.09,159.58,154.07,156.55,14360010,Financials
2022-07-25,JPM,157.64,160.32,155.0,157.67,13587660,Financials
2022-07-26,JPM,155.75,157.76,153.48,155.48,16923444,Financials
2022-07-27,JPM,152.51,154.09,150.82,152.4,18716734,Financials
2022-07-28,JPM,153.46,156.9,150.45,153.88,11689745,Financials
2022-07-29,JPM,155.77,158.26,153.41,155.9,10037378,Financials
2022-08-01,JPM,153.78,155.35,151.75,153.31,17614783,Financials
2022-08-02,JPM,151.33,153.25,149.45,151.37,15479172,Financials
2022-08-03,JPM,150.72,151.97,149.43,150.68,9908254,Financials
2022-08-04,JPM,147.03,149.06,145.25,147.27,16413722,Financials
2022-08-05,JPM,144.47,146.75,142.36,144.64,9871275,Financials
2022-08-08,JPM,139.45,140.67,138.04,139.26,10509258,Financials
2022-08-09,JPM,139.47,140.39,138.35,139.27,17206520,Financials
2022-08-10,JPM,141.37,142.77,139.98,141.38,19067971,Financials
2022-08-11,JPM,140.1,143.06,137.41,140.37,17737881,Financials
2022-08-12,JPM,135.38,137.26,132.87,134.74,14480612,Financials
2022-08-15,JPM,132.9,135.11,130.34,132.54,14674842,Financials
2022-08-16,JPM,131.87,134.43,129.64,132.19,10998079,Financials
2022-08-17,JPM,130.81,132.3,128.75,130.23,14707297,Financials
2022-08-18,JPM,129.64,131.52,127.6,129.48,11099214,Financials
2022-08-19,JPM,128.9,130.3,127.23,128.63,19325502,Financials
2022-08-22,JPM,126.66,127.72,125.71,126.77,10731919,Financials
2022-08-23,JPM,124.04,125.26,122.97,124.19,15098303,Financials
2022-08-24,JPM,125.77,127.18,124.71,126.11,17422733,Financials
2022-08-25,JPM,125.95,128.62,123.5,126.17,16542321,Financials
2022-08-26,JPM,124.27,125.37,122.64,123.74,16394443,Financials
2022-08-29,JPM,127.2,129.96,125.03,127.78,15665358,Financials
2022-08-30,JPM,125.51,127.39,123.89,125.77,12371813,Financials
2022-08-31,JPM,125.78,127.5,123.8,125.52,10125093,Financials
2022-09-01,JPM,123.83,125.92,122.16,124.24,11175554,Financials
2022-09-02,JPM,124.68,126.71,122.89,124.92,14120626,Financials
2022-09-05,JPM,122.81,124.09,121.35,122.63,14407173,Financials
2022-09-06,JPM,120.15,122.67,117.81,120.33,17054786,Financials
2022-09-07,JPM,119.89,120.95,118.82,119.88,15215183,Financials
2022-09-08,JPM,120.14,121.36,118.95,120.17,12536930,Financials
2022-09-09,JPM,118.61,119.56,118.01,118.95,16660628,Financials
2022-09-12,JPM,118.35,120.57,116.39,118.61,13798821,Financials
2022-09-13,JPM,119.65,120.64,118.98,119.97,17436348,Financials
2022-09-14,JPM,120.58,122.64,118.88,120.94,12322931,Financials
2022-09-15,JPM,119.45,121.87,117.39,119.8,13074745,Financials
2022-09-16,JPM,118.39,120.16,116.55,118.32,14316528,Financials
2022-09-19,JPM,117.96,120.48,115.78,118.29,17065914,Financials
2022-09-20,JPM,115.35,116.2,114.37,115.22,18332110,Financials
2022-09-21,JPM,119.97,121.39,118.28,119.7,17839854,Financials
2022-09-22,JPM,122.06,122.92,120.95,121.81,18814442,Financials
2022-09-23,JPM,122.1,124.15,120.43,122.48,11044036,Financials
2022-09-26,JPM,122.94,124.53,121.85,123.43,14831261,Financials
2022-09-27,JPM,122.47,123.55,121.73,122.81,14111122,Financials
2022-09-28,JPM,122.03,123.51,120.47,121.95,16715026,Financials
2022-09-29,JPM,122.49,123.71,121.79,123.01,10396419,Financials
2022-09-30,JPM,122.31,124.26,120.92,122.87,17111596,Financials
2022-10-03,JPM,122.32,123.34,120.77,121.79,14566756,Financials
2022-10-04,JPM,120.79,122.2,119.04,120.45,16788909,Financials
2022-10-05,JPM,122.5,124.23,120.25,121.97,13938140,Financials
2022-10-06,JPM,121.04,123.27,118.97,121.19,18015787,Financials
2022-10-07,JPM,123.24,124.6,122.14,123.5,16443121,Financials
2022-10-10,JPM,126.52,127.9,125.48,126.86,12791571,Financials
2022-10-11,JPM,126.83,128.76,124.42,126.34,16410762,Financials
2022-10-12,JPM,123.59,125.74,121.39,123.54,10475447,Financials
2022-10-13,JPM,123.29,124.09,122.42,123.22,13012449,Financials
2022-10-14,JPM,120.91,121.95,119.91,120.95,16331668,Financials
2022-10-17,JPM,122.4,123.72,120.72,122.03,17037527,Financials
2022-10-18,JPM,125.66,127.67,123.05,125.05,12693253,Financials
2022-10-19,JPM,125.65,127.49,123.36,125.2,15479339,Financials
2022-10-20,JPM,125.3,127.52,123.19,125.41,15586815,Financials
2022-10-21,JPM,128.44,129.19,127.07,127.82,17640181,Financials
2022-10-24,JPM,130.12,132.47,127.53,129.87,11623290,Financials
2022-10-25,JPM,131.64,132.36,130.44,131.16,13684040,Financials
2022-10-26,JPM,134.9,136.11,133.61,134.82,13924805,Financials
2022-10-27,JPM,132.31,134.29,130.36,132.33,16632884,Financials
2022-10-28,JPM,130.32,133.05,128.0,130.72,13028442,Financials
2022-10-31,JPM,132.73,134.26,130.59,132.12,13380269,Financials
2022-11-01,JPM,131.77,133.18,130.16,131.57,13908157,Financials
2022-11-02,JPM,128.15,130.62,125.19,127.65,14831406,Financials
2022-11-03,JPM,125.87,128.28,124.02,126.43,16618159,Financials
2022-11-04,JPM,125.4,127.54,123.44,125.58,11952892,Financials
2022-11-07,JPM,125.48,127.92,123.13,125.57,16206319,Financials
2022-11-08,JPM,119.86,120.62,119.2,119.96,17809136,Financials
2022-11-09,JPM,123.6,124.94,122.13,123.47,11856586,Financials
2022-11-10,JPM,125.85,127.27,123.9,125.31,15351227,Financials
2022-11-11,JPM,126.44,128.78,123.6,125.93,19052648,Financials
2022-11-14,JPM,125.51,128.46,123.2,126.14,18953345,Financials
2022-11-15,JPM,123.06,124.5,122.19,123.63,10342807,Financials
2022-11-16,JPM,124.78,126.06,123.35,124.63,13742649,Financials
2022-11-17,JPM,126.47,127.18,125.79,126.5,14132881,Financials
2022-11-18,JPM,127.6,129.97,125.51,127.88,11931805,Financials
2022-11-21,JPM,125.13,126.49,124.02,125.38,15671815,Financials
2022-11-22,JPM,127.48,129.23,125.94,127.69,13468278,Financials
2022-11-23,JPM,130.25,131.63,128.27,129.64,12083370,Financials
2022-11-24,JPM,128.39,130.61,125.91,128.12,9854586,Financials
2022-11-25,JPM,130.15,132.74,127.24,129.82,16488005,Financials
2022-11-28,JPM,137.03,138.55,135.43,136.95,12282054,Financials
2022-11-29,JPM,135.55,136.3,134.35,135.1,18585548,Financials
2022-11-30,JPM,136.08,137.09,134.68,135.69,17063296,Financials
2022-12-01,JPM,137.23,138.39,136.18,137.34,13943027,Financials
2022-12-02,JPM,134.88,137.09,132.23,134.43,10728796,Financials
2022-12-05,JPM,135.19,137.01,133.03,134.84,17504667,Financials
2022-12-06,JPM,133.96,134.93,132.96,133.93,18204075,Financials
2022-12-07,JPM,135.06,136.48,133.74,135.16,17682713,Financials
2022-12-08,JPM,133.65,134.5,132.33,133.17,12849335,Financials
2022-12-09,JPM,135.11,136.15,134.43,135.47,10677106,Financials
2022-12-12,JPM,133.11,133.96,132.0,132.85,11896968,Financials
2022-12-13,JPM,130.66,133.15,128.16,130.64,14308962,Financials
2022-12-14,JPM,132.51,134.04,130.74,132.26,14232175,Financials
2022-12-15,JPM,133.33,134.25,131.91,132.83,13998274,Financials
2022-12-16,JPM,131.28,132.08,130.44,131.24,16143999,Financials
2022-12-19,JPM,132.5,133.71,130.89,132.1,16363803,Financials
2022-12-20,JPM,132.45,134.51,130.5,132.55,19226769,Financials
2022-12-21,JPM,131.88,133.08,130.58,131.78,12828740,Financials
2022-12-22,JPM,130.11,132.81,128.01,130.7,10249759,Financials
2022-12-23,JPM,130.6,132.93,128.36,130.69,13143564,Financials
2022-12-26,JPM,130.15,131.99,128.06,129.89,11771773,Financials
2022-12-27,JPM,132.35,133.38,130.72,131.75,15578710,Financials
2022-12-28,JPM,131.62,133.05,129.8,131.22,14946557,Financials
2022-12-29,JPM,131.18,132.7,130.05,131.57,13689220,Financials
2022-12-30,JPM,136.06,139.11,133.62,136.66,11941554,Financials
2023-01-02,JPM,136.55,139.59,134.04,137.07,15970332,Financials
2023-01-03,JPM,134.66,135.76,133.42,134.52,13554420,Financials
2023-01-04,JPM,131.84,132.7,130.87,131.73,16493818,Financials
2023-01-05,JPM,132.47,134.48,130.28,132.29,14702202,Financials
2023-01-06,JPM,133.26,134.96,131.38,133.08,16564541,Financials
2023-01-09,JPM,132.67,134.64,130.59,132.55,11327222,Financials
2023-01-10,JPM,132.6,134.0,131.52,132.92,18812684,Financials
2023-01-11,JPM,133.35,135.54,131.1,133.28,12270157,Financials
2023-01-12,JPM,131.63,132.51,130.24,131.11,18548126,Financials
2023-01-13,JPM,132.93,133.82,131.66,132.54,14177121,Financials
2023-01-16,JPM,134.11,135.43,132.47,133.79,15820429,Financials
2023-01-17,JPM,132.2,134.99,129.99,132.77,12922152,Financials
2023-01-18,JPM,129.05,130.54,127.79,129.27,14724302,Financials
2023-01-19,JPM,129.27,130.54,128.07,129.34,13404220,Financials
2023-01-20,JPM,128.85,130.92,126.66,128.72,16205568,Financials
2023-01-23,JPM,126.29,127.54,125.26,126.51,10007421,Financials
2023-01-24,JPM,126.22,127.36,125.38,126.52,10441544,Financials
2023-01-25,JPM,126.37,128.14,123.97,125.74,10787989,Financials
2023-01-26,JPM,122.96,125.57,120.83,123.43,16365157,Financials
2023-01-27,JPM,118.47,120.21,116.26,117.99,10916667,Financials
2023-01-30,JPM,115.39,116.99,114.27,115.86,13792356,Financials
2023-01-31,JPM,120.06,122.3,117.48,119.72,16884420,Financials
2023-02-01,JPM,120.98,122.55,118.95,120.52,14204529,Financials
2023-02-02,JPM,116.33,117.17,115.1,115.94,12540455,Financials
2023-02-03,JPM,114.64,115.74,113.97,115.07,15768777,Financials
2023-02-06,JPM,115.3,117.21,113.67,115.58,16926365,Financials
2023-02-07,JPM,114.21,116.11,111.84,113.73,15532387,Financials
2023-02-08,JPM,116.33,118.27,114.1,116.04,12326528,Financials
2023-02-09,JPM,115.53,116.67,114.41,115.55,9986581,Financials
2023-02-10,JPM,115.59,116.71,114.5,115.62,10859079,Financials
2023-02-13,JPM,115.36,116.2,114.56,115.4,16963457,Financials
2023-02-14,JPM,118.25,120.32,116.13,118.2,14452540,Financials
2023-02-15,JPM,118.93,120.58,117.65,119.3,11236307,Financials
2023-02-16,JPM,121.24,123.33,119.19,121.28,17545138,Financials
2023-02-17,JPM,121.82,124.09,119.92,122.19,14801011,Financials
2023-02-20,JPM,123.32,124.85,121.88,123.41,15117196,Financials
2023-02-21,JPM,125.15,127.62,122.3,124.76,18656381,Financials
2023-02-22,JPM,123.71,124.84,123.04,124.16,10630683,Financials
2023-02-23,JPM,125.54,126.73,124.42,125.61,16092121,Financials
2023-02-24,JPM,126.19,127.77,124.11,125.68,19010588,Financials
2023-02-27,JPM,129.3,130.26,127.89,128.85,14520877,Financials
2023-02-28,JPM,128.13,129.64,126.26,127.77,10712776,Financials
2023-03-01,JPM,130.53,132.91,127.93,130.31,18377563,Financials
2023-03-02,JPM,133.08,135.73,130.41,133.06,10713969,Financials
2023-03-03,JPM,130.71,131.92,129.73,130.94,10814818,Financials
2023-03-06,JPM,132.57,135.13,130.29,132.84,19363684,Financials
2023-03-07,JPM,131.07,133.54,129.03,131.5,14465217,Financials
2023-03-08,JPM,130.28,131.85,128.72,130.29,15049773,Financials
2023-03-09,JPM,130.52,131.23,129.57,130.28,14574479,Financials
2023-03-10,JPM,125.88,128.0,123.36,125.48,12059244,Financials
2023-03-13,JPM,127.83,128.56,126.84,127.57,19382075,Financials
2023-03-14,JPM,127.78,129.59,126.28,128.09,11335384,Financials
2023-03-15,JPM,122.76,124.12,121.62,122.97,13953972,Financials
2023-03-16,JPM,122.25,124.35,120.44,122.53,10299572,Financials
2023-03-17,JPM,121.77,123.06,120.05,121.34,14683844,Financials
2023-03-20,JPM,121.36,123.72,119.0,121.36,12503808,Financials
2023-03-21,JPM,120.35,121.3,119.17,120.12,15056536,Financials
2023-03-22,JPM,118.65,120.32,116.69,118.35,16913853,Financials
2023-03-23,JPM,118.1,118.77,117.07,117.74,15020492,Financials
2023-03-24,JPM,115.13,116.38,113.84,115.09,15802024,Financials
2023-03-27,JPM,111.35,112.25,110.54,111.44,13088744,Financials
2023-03-28,JPM,111.17,112.77,110.03,111.63,11366466,Financials
2023-03-29,JPM,110.78,111.74,109.96,110.92,18566017,Financials
2023-03-30,JPM,108.72,109.69,107.84,108.81,12853772,Financials
2023-03-31,JPM,104.66,106.9,102.9,105.13,11726125,Financials
2023-04-03,JPM,110.32,111.22,108.88,109.78,15393595,Financials
2023-04-04,JPM,108.72,109.74,107.95,108.97,11444656,Financials
2023-04-05,JPM,109.55,110.3,108.48,109.23,14658375,Financials
2023-04-06,JPM,107.93,109.67,106.37,108.11,15226211,Financials
2023-04-07,JPM,111.69,112.89,110.7,111.9,16191931,Financials
2023-04-10,JPM,113.05,113.87,112.1,112.92,18151901,Financials
2023-04-11,JPM,112.57,113.34,111.36,112.12,10578567,Financials
2023-04-12,JPM,114.14,115.31,112.84,114.01,15282264,Financials
2023-04-13,JPM,115.24,115.98,114.16,114.9,19336902,Financials
2023-04-14,JPM,117.03,117.93,115.67,116.57,15256732,Financials
2023-04-17,JPM,114.79,117.35,112.6,115.16,17561809,Financials
2023-04-18,JPM,115.49,116.17,114.37,115.05,16406762,Financials
2023-04-19,JPM,115.76,117.35,114.54,116.12,17802024,Financials
2023-04-20,JPM,114.35,116.12,112.74,114.51,14149591,Financials
2023-04-21,JPM,115.36,117.56,113.35,115.55,10678400,Financials
2023-04-24,JPM,112.49,114.72,110.39,112.62,13214197,Financials
2023-04-25,JPM,116.93,117.87,115.53,116.47,11931552,Financials
2023-04-26,JPM,116.71,118.41,114.58,116.27,10142153,Financials
2023-04-27,JPM,118.61,120.79,116.54,118.72,16248150,Financials
2023-04-28,JPM,118.05,119.3,116.57,117.82,12292090,Financials
2023-05-01,JPM,121.5,122.15,120.32,120.96,9960404,Financials
2023-05-02,JPM,119.64,122.12,117.56,120.04,13643758,Financials
2023-05-03,JPM,116.82,119.19,114.79,117.16,18283934,Financials
2023-05-04,JPM,114.81,116.39,113.38,114.96,16291889,Financials
2023-05-05,JPM,114.74,116.08,113.58,114.92,16988558,Financials
2023-05-08,JPM,116.15,117.62,115.03,116.5,17714932,Financials
2023-05-09,JPM,113.82,115.76,111.88,113.82,14961225,Financials
2023-05-10,JPM,113.41,115.16,111.65,113.4,13886991,Financials
2023-05-11,JPM,113.55,116.22,111.29,113.95,15608734,Financials
2023-05-12,JPM,114.74,116.84,112.44,114.53,18433048,Financials
2023-05-15,JPM,113.11,114.51,111.97,113.37,18142469,Financials
2023-05-16,JPM,112.37,113.6,110.91,112.13,11247936,Financials
2023-05-17,JPM,109.58,111.37,107.74,109.53,12432394,Financials
2023-05-18,JPM,110.9,112.28,109.31,110.68,9916486,Financials
2023-05-19,JPM,111.77,113.4,110.09,111.72,11958804,Financials
2023-05-22,JPM,108.26,110.24,106.5,108.47,12513237,Financials
2023-05-23,JPM,108.72,110.03,107.22,108.53,18902690,Financials
2023-05-24,JPM,113.28,114.21,112.47,113.4,10456498,Financials
2023-05-25,JPM,112.14,114.04,110.3,112.2,16727905,Financials
2023-05-26,JPM,113.22,114.33,111.72,112.83,15041315,Financials
2023-05-29,JPM,111.65,114.27,109.51,112.12,14839912,Financials
2023-05-30,JPM,115.84,117.75,113.81,115.72,10027302,Financials
2023-05-31,JPM,117.34,119.88,115.04,117.58,12242923,Financials
2023-06-01,JPM,116.21,117.64,114.73,116.16,17309623,Financials
2023-06-02,JPM,117.14,118.49,115.86,117.21,15042607,Financials
2023-06-05,JPM,116.07,117.34,114.33,115.59,18142269,Financials
2023-06-06,JPM,116.31,118.27,114.93,116.89,18629158,Financials
2023-06-07,JPM,115.34,116.43,114.55,115.64,11293140,Financials
2023-06-08,JPM,113.72,114.6,112.51,113.38,15479114,Financials
2023-06-09,JPM,112.36,114.84,110.19,112.66,14559222,Financials
2023-06-12,JPM,112.63,114.84,110.05,112.26,16940433,Financials
2023-06-13,JPM,113.9,114.79,112.7,113.59,13206138,Financials
2023-06-14,JPM,110.78,112.22,109.23,110.66,15771764,Financials
2023-06-15,JPM,110.54,112.3,108.61,110.36,10470034,Financials
2023-06-16,JPM,109.86,111.16,108.38,109.68,12700731,Financials
2023-06-19,JPM,107.88,109.34,106.83,108.29,13902426,Financials
2023-06-20,JPM,107.69,110.06,105.56,107.92,15008081,Financials
2023-06-21,JPM,108.09,110.37,106.34,108.62,18624307,Financials
2023-06-22,JPM,106.98,108.14,105.44,106.59,10181687,Financials
2023-06-23,JPM,105.07,106.02,104.32,105.26,13185525,Financials
2023-06-26,JPM,105.45,107.85,103.58,105.97,16082895,Financials
2023-06-27,JPM,105.12,105.85,104.05,104.78,17430018,Financials
2023-06-28,JPM,105.85,107.49,104.53,106.16,16018054,Financials
2023-06-29,JPM,105.05,106.15,104.28,105.38,15941561,Financials
2023-06-30,JPM,104.85,106.93,102.36,104.44,15612452,Financials
2023-07-03,JPM,106.73,108.13,104.81,106.2,15164492,Financials
2023-07-04,JPM,108.13,109.35,106.47,107.69,12095006,Financials
2023-07-05,JPM,110.1,110.81,109.24,109.95,10739326,Financials
2023-07-06,JPM,107.96,109.18,106.82,108.04,15165873,Financials
2023-07-07,JPM,108.98,111.45,106.81,109.28,13482412,Financials
2023-07-10,JPM,107.57,108.32,106.7,107.45,16931197,Financials
2023-07-11,JPM,108.5,110.11,107.17,108.78,15884705,Financials
2023-07-12,JPM,109.69,111.49,108.25,110.05,13775682,Financials
2023-07-13,JPM,109.1,110.36,107.33,108.58,18123001,Financials
2023-07-14,JPM,107.98,109.71,105.84,107.56,17007747,Financials
2023-07-17,JPM,108.14,110.64,106.13,108.62,14269448,Financials
2023-07-18,JPM,109.29,111.06,107.43,109.2,11516628,Financials
2023-07-19,JPM,107.06,108.34,105.98,107.26,12361199,Financials
2023-07-20,JPM,108.23,109.33,107.11,108.21,18177716,Financials
2023-07-21,JPM,107.31,109.04,105.22,106.95,18459316,Financials
2023-07-24,JPM,105.47,106.82,104.28,105.63,10364709,Financials
2023-07-25,JPM,103.95,106.38,101.98,104.4,17063128,Financials
2023-07-26,JPM,104.63,105.75,103.05,104.16,13912099,Financials
2023-07-27,JPM,107.69,109.78,105.83,107.92,12731069,Financials
2023-07-28,JPM,109.29,110.81,107.23,108.75,14872209,Financials
2023-07-31,JPM,109.7,111.79,107.31,109.39,17599470,Financials
2023-08-01,JPM,107.43,108.79,106.19,107.55,11680833,Financials
2023-08-02,JPM,107.92,110.02,105.34,107.43,17121263,Financials
2023-08-03,JPM,108.82,110.13,107.79,109.1,19488380,Financials
2023-08-04,JPM,110.43,111.09,109.39,110.05,13283488,Financials
2023-08-07,JPM,109.34,110.57,107.75,108.98,10687909,Financials
2023-08-08,JPM,110.26,111.4,108.63,109.76,16650845,Financials
2023-08-09,JPM,107.1,108.85,105.08,106.82,10393586,Financials
2023-08-10,JPM,105.68,106.54,104.83,105.69,13407872,Financials
2023-08-11,JPM,108.46,109.67,106.95,108.16,9943856,Financials
2023-08-14,JPM,106.09,108.21,104.51,106.62,10417973,Financials
2023-08-15,JPM,106.74,107.93,105.2,106.38,11220958,Financials
2023-08-16,JPM,109.37,110.83,107.73,109.18,12049422,Financials
2023-08-17,JPM,110.48,111.88,108.63,110.03,14819839,Financials
2023-08-18,JPM,107.79,108.58,106.86,107.65,15603561,Financials
2023-08-21,JPM,106.06,107.08,105.49,106.5,11336457,Financials
2023-08-22,JPM,104.93,105.92,104.19,105.18,14250232,Financials
2023-08-23,JPM,105.24,106.35,103.72,104.83,15798672,Financials
2023-08-24,JPM,104.29,106.18,102.37,104.26,10680730,Financials
2023-08-25,JPM,104.06,105.3,102.49,103.73,11702216,Financials
2023-08-28,JPM,102.77,103.61,102.12,102.95,13611198,Financials
2023-08-29,JPM,103.79,105.17,102.79,104.17,12258230,Financials
2023-08-30,JPM,106.14,107.88,104.52,106.26,15998984,Financials
2023-08-31,JPM,106.06,107.44,104.63,106.01,12235785,Financials
2023-09-01,JPM,104.4,106.25,103.06,104.9,14031088,Financials
2023-09-04,JPM,104.7,106.46,103.28,105.03,12314273,Financials
2023-09-05,JPM,106.33,107.68,105.45,106.79,13209001,Financials
2023-09-06,JPM,107.75,110.03,105.63,107.91,14313258,Financials
2023-09-07,JPM,106.25,107.82,104.52,106.09,19108970,Financials
2023-09-08,JPM,109.07,111.02,106.81,108.75,19125946,Financials
2023-09-11,JPM,111.0,111.94,109.93,110.87,18494528,Financials
2023-09-12,JPM,114.43,116.07,112.25,113.89,10783456,Financials
2023-09-13,JPM,113.29,114.6,111.44,112.75,13519766,Financials
2023-09-14,JPM,110.8,113.11,109.02,111.32,16609403,Financials
2023-09-15,JPM,111.18,113.43,109.07,111.31,10008738,Financials
2023-09-18,JPM,113.13,113.74,112.08,112.69,16880657,Financials
2023-09-19,JPM,111.41,112.65,110.67,111.91,17687288,Financials
2023-09-20,JPM,109.39,111.69,107.51,109.81,12754899,Financials
2023-09-21,JPM,108.88,110.7,107.03,108.85,19174531,Financials
2023-09-22,JPM,108.24,109.56,106.73,108.05,14795876,Financials
2023-09-25,JPM,107.38,109.55,105.32,107.49,12052005,Financials
2023-09-26,JPM,106.8,107.86,105.37,106.42,14679797,Financials
2023-09-27,JPM,104.38,105.46,103.25,104.33,11105651,Financials
2023-09-28,JPM,102.16,102.9,101.64,102.38,15729056,Financials
2023-09-29,JPM,102.34,103.94,100.41,102.01,18881302,Financials
2023-10-02,JPM,101.59,102.73,100.22,101.35,10531794,Financials
2023-10-03,JPM,106.11,107.13,105.49,106.51,14195977,Financials
2023-10-04,JPM,107.07,108.18,106.2,107.3,16149225,Financials
2023-10-05,JPM,111.22,112.37,110.01,111.16,13841556,Financials
2023-10-06,JPM,108.95,110.24,108.13,109.42,12115068,Financials
2023-10-09,JPM,111.31,111.96,110.53,111.18,17598032,Financials
2023-10-10,JPM,110.18,111.41,109.07,110.3,17798672,Financials
2023-10-11,JPM,111.25,112.61,110.32,111.68,14710957,Financials
2023-10-12,JPM,113.04,114.7,111.27,112.93,16795955,Financials
2023-10-13,JPM,114.85,115.6,114.18,114.93,12137991,Financials
2023-10-16,JPM,115.87,117.77,113.55,115.44,12557090,Financials
2023-10-17,JPM,117.01,118.05,116.26,117.3,10819283,Financials
2023-10-18,JPM,114.71,115.84,113.54,114.67,19342073,Financials
2023-10-19,JPM,116.18,117.79,114.9,116.51,11434657,Financials
2023-10-20,JPM,118.52,119.79,117.62,118.89,17270216,Financials
2023-10-23,JPM,118.03,118.73,116.76,117.45,14922326,Financials
2023-10-24,JPM,118.89,120.63,117.32,119.06,16564502,Financials
2023-10-25,JPM,119.09,120.73,117.65,119.29,12398356,Financials
2023-10-26,JPM,117.42,119.89,115.2,117.67,14076653,Financials
2023-10-27,JPM,115.45,117.12,114.27,115.93,11622157,Financials
2023-10-30,JPM,117.71,118.63,116.56,117.48,13784537,Financials
2023-10-31,JPM,118.61,120.59,116.38,118.36,11682087,Financials
2023-11-01,JPM,123.15,124.81,121.2,122.85,16003820,Financials
2023-11-02,JPM,122.91,124.63,120.9,122.62,10356451,Financials
2023-11-03,JPM,117.84,120.0,115.96,118.11,15404348,Financials
2023-11-06,JPM,118.5,119.52,117.08,118.1,14509481,Financials
2023-11-07,JPM,119.42,121.17,117.33,119.07,18574089,Financials
2023-11-08,JPM,120.33,122.68,118.41,120.75,18174417,Financials
2023-11-09,JPM,119.09,120.79,117.26,118.96,18829137,Financials
2023-11-10,JPM,120.44,121.8,119.39,120.75,14829296,Financials
2023-11-13,JPM,119.5,121.5,117.56,119.56,16012135,Financials
2023-11-14,JPM,117.74,119.13,116.22,117.61,17858170,Financials
2023-11-15,JPM,117.15,118.05,116.02,116.92,17516772,Financials
2023-11-16,JPM,116.51,118.09,115.15,116.72,9932734,Financials
2023-11-17,JPM,117.24,119.43,115.25,117.44,13301632,Financials
2023-11-20,JPM,116.38,117.55,115.21,116.38,16684495,Financials
2023-11-21,JPM,119.3,121.41,117.32,119.43,16298399,Financials
2023-11-22,JPM,117.77,119.88,115.91,118.01,10746890,Financials
2023-11-23,JPM,117.31,119.47,114.94,117.1,16151482,Financials
2023-11-24,JPM,117.61,118.3,116.55,117.24,15347330,Financials
2023-11-27,JPM,118.45,120.55,115.8,117.89,19179583,Financials
2023-11-28,JPM,118.9,121.61,116.78,119.48,18480126,Financials
2023-11-29,JPM,117.38,118.1,116.25,116.97,12545705,Financials
2023-11-30,JPM,112.46,114.58,110.87,112.98,17357580,Financials
2023-12-01,JPM,114.16,115.02,113.4,114.26,17810970,Financials
2023-12-04,JPM,113.19,115.51,111.44,113.75,13749716,Financials
2023-12-05,JPM,114.93,115.58,114.08,114.73,19295695,Financials
2023-12-06,JPM,112.92,114.91,111.25,113.23,13281283,Financials
2023-12-07,JPM,114.06,116.63,111.82,114.38,15302984,Financials
2023-12-08,JPM,112.86,114.1,111.32,112.56,18300414,Financials
2023-12-11,JPM,114.41,115.57,113.07,114.23,15180667,Financials
2023-12-12,JPM,116.9,118.25,115.83,117.17,15078590,Financials
2023-12-13,JPM,116.97,117.83,115.76,116.61,10476247,Financials
2023-12-14,JPM,114.96,115.88,114.22,115.14,10957299,Financials
2023-12-15,JPM,115.39,116.91,113.99,115.51,16873735,Financials
2023-12-18,JPM,115.77,118.0,113.25,115.48,11558596,Financials
2023-12-19,JPM,114.85,117.16,112.66,114.97,14447055,Financials
2023-12-20,JPM,115.24,116.8,113.94,115.49,18571434,Financials
2023-12-21,JPM,118.84,120.03,117.56,118.75,12152329,Financials
2023-12-22,JPM,122.26,124.33,119.86,121.93,12703858,Financials
2023-12-25,JPM,122.13,123.99,120.02,121.88,15312611,Financials
2023-12-26,JPM,122.39,124.1,120.59,122.3,10602271,Financials
2023-12-27,JPM,123.76,125.66,121.9,123.8,14096881,Financials
2023-12-28,JPM,125.21,128.06,122.97,125.81,12262886,Financials
2023-12-29,JPM,125.75,127.2,124.89,126.34,12501634,Financials
2021-01-04,XOM,41.9,42.83,41.07,42.0,25621069,Energy
2021-01-05,XOM,41.19,41.47,40.87,41.15,30561014,Energy
2021-01-06,XOM,41.52,41.91,40.99,41.38,30762599,Energy
2021-01-07,XOM,41.28,41.93,40.71,41.36,25772381,Energy
2021-01-08,XOM,41.53,42.41,40.8,41.67,22368742,Energy
2021-01-11,XOM,41.18,41.67,40.78,41.27,28656647,Energy
2021-01-12,XOM,41.2,41.74,40.73,41.27,24694062,Energy
2021-01-13,XOM,39.3,39.74,38.97,39.41,23412446,Energy
2021-01-14,XOM,38.76,39.27,38.33,38.84,16230847,Energy
2021-01-15,XOM,39.11,39.61,38.49,38.99,28511208,Energy
2021-01-18,XOM,40.39,40.73,40.01,40.35,28580572,Energy
2021-01-19,XOM,39.73,40.17,39.12,39.56,29305869,Energy
2021-01-20,XOM,40.98,41.41,40.65,41.08,18178806,Energy
2021-01-21,XOM,42.8,43.14,42.29,42.63,29739523,Energy
2021-01-22,XOM,42.7,42.95,42.41,42.66,24089166,Energy
2021-01-25,XOM,42.81,43.27,42.29,42.75,29989464,Energy
2021-01-26,XOM,42.8,43.28,42.48,42.96,15914214,Energy
2021-01-27,XOM,43.79,44.32,43.33,43.86,22034623,Energy
2021-01-28,XOM,44.45,45.01,43.78,44.34,21438546,Energy
2021-01-29,XOM,44.47,44.91,43.89,44.33,28486868,Energy
2021-02-01,XOM,44.26,44.72,43.88,44.34,28106792,Energy
2021-02-02,XOM,45.24,45.6,44.96,45.32,22304591,Energy
2021-02-03,XOM,46.14,46.65,45.78,46.29,21942875,Energy
2021-02-04,XOM,45.44,46.18,44.55,45.29,30480220,Energy
2021-02-05,XOM,46.59,47.01,46.31,46.72,27052099,Energy
2021-02-08,XOM,48.24,48.95,47.61,48.32,18566080,Energy
2021-02-09,XOM,48.04,48.51,47.6,48.07,18128128,Energy
2021-02-10,XOM,47.04,48.15,46.12,47.23,30577892,Energy
2021-02-11,XOM,48.28,49.17,47.43,48.32,26793171,Energy
2021-02-12,XOM,47.84,48.7,47.12,47.98,20621679,Energy
2021-02-15,XOM,49.47,50.1,48.77,49.4,23760582,Energy
2021-02-16,XOM,50.51,51.15,49.9,50.54,23073273,Energy
2021-02-17,XOM,49.75,50.32,49.16,49.73,29074973,Energy
2021-02-18,XOM,51.42,52.17,50.57,51.31,24601240,Energy
2021-02-19,XOM,50.41,51.15,49.63,50.37,15813744,Energy
2021-02-22,XOM,50.72,51.98,49.71,50.96,21485279,Energy
2021-02-23,XOM,50.95,51.5,50.61,51.16,27620315,Energy
2021-02-24,XOM,52.89,53.49,52.13,52.73,19600911,Energy
2021-02-25,XOM,53.97,54.58,53.49,54.1,24888642,Energy
2021-02-26,XOM,54.81,55.78,53.87,54.84,21240432,Energy
2021-03-01,XOM,53.51,54.77,52.46,53.72,22894143,Energy
2021-03-02,XOM,53.6,54.42,53.0,53.82,19530285,Energy
2021-03-03,XOM,51.82,52.1,51.35,51.63,24760882,Energy
2021-03-04,XOM,50.86,51.74,49.97,50.85,24632451,Energy
2021-03-05,XOM,50.23,51.01,49.25,50.03,16812979,Energy
2021-03-08,XOM,49.36,49.85,48.77,49.26,30158598,Energy
2021-03-09,XOM,50.84,51.84,49.77,50.77,18381416,Energy
2021-03-10,XOM,51.16,51.51,50.58,50.93,22082486,Energy
2021-03-11,XOM,50.93,51.33,50.31,50.71,17009673,Energy
2021-03-12,XOM,50.23,51.03,49.37,50.17,16751113,Energy
2021-03-15,XOM,49.63,50.3,49.13,49.8,24709278,Energy
2021-03-16,XOM,51.43,52.32,50.8,51.69,30425942,Energy
2021-03-17,XOM,52.55,53.22,52.01,52.68,18825621,Energy
2021-03-18,XOM,54.39,54.79,53.72,54.12,19944685,Energy
2021-03-19,XOM,54.79,55.4,53.98,54.59,25285067,Energy
2021-03-22,XOM,55.16,55.74,54.36,54.94,26945752,Energy
2021-03-23,XOM,54.77,55.23,54.23,54.69,29604936,Energy
2021-03-24,XOM,55.15,55.84,54.34,55.02,30354997,Energy
2021-03-25,XOM,55.95,57.03,55.09,56.17,19166217,Energy
2021-03-26,XOM,57.17,58.1,56.37,57.3,30146142,Energy
2021-03-29,XOM,57.35,58.01,56.71,57.37,26204672,Energy
2021-03-30,XOM,56.67,57.47,55.94,56.74,16580223,Energy
2021-03-31,XOM,56.64,57.43,55.64,56.43,25960741,Energy
2021-04-01,XOM,54.37,55.16,53.79,54.57,27971608,Energy
2021-04-02,XOM,54.54,55.64,53.5,54.6,26621089,Energy
2021-04-05,XOM,53.58,54.18,52.98,53.58,28281736,Energy
2021-04-06,XOM,52.83,53.16,52.48,52.81,18705152,Energy
2021-04-07,XOM,50.43,50.94,49.85,50.36,15819317,Energy
2021-04-08,XOM,50.47,51.28,49.77,50.58,25710059,Energy
2021-04-09,XOM,52.31,52.68,51.82,52.19,25342851,Energy
2021-04-12,XOM,52.01,53.03,50.79,51.8,19762864,Energy
2021-04-13,XOM,51.77,52.05,51.41,51.69,24684465,Energy
2021-04-14,XOM,51.43,51.9,51.15,51.62,24404406,Energy
2021-04-15,XOM,52.16,53.13,50.98,51.95,17732869,Energy
2021-04-16,XOM,52.77,53.58,52.2,53.01,22626786,Energy
2021-04-19,XOM,54.04,54.92,53.0,53.88,23084437,Energy
2021-04-20,XOM,54.41,54.82,54.06,54.47,29754370,Energy
2021-04-21,XOM,51.96,52.49,51.52,52.05,26901138,Energy
2021-04-22,XOM,50.65,51.46,49.63,50.44,21377027,Energy
2021-04-23,XOM,51.42,52.09,50.77,51.44,29687383,Energy
2021-04-26,XOM,50.27,51.1,49.27,50.1,17449713,Energy
2021-04-27,XOM,49.84,50.71,49.0,49.87,15759415,Energy
2021-04-28,XOM,49.76,50.05,49.38,49.67,21128991,Energy
2021-04-29,XOM,48.8,49.68,47.81,48.69,15733872,Energy
2021-04-30,XOM,49.65,50.56,48.89,49.8,21907771,Energy
2021-05-03,XOM,50.09,50.81,49.18,49.9,22423907,Energy
2021-05-04,XOM,50.5,51.36,49.5,50.36,21783893,Energy
2021-05-05,XOM,49.98,50.61,49.26,49.88,15879685,Energy
2021-05-06,XOM,48.11,48.99,47.1,47.98,19241004,Energy
2021-05-07,XOM,48.43,49.55,47.48,48.59,29476934,Energy
2021-05-10,XOM,48.56,49.04,47.95,48.43,22428199,Energy
2021-05-11,XOM,49.21,50.17,48.42,49.38,19550399,Energy
2021-05-12,XOM,49.13,49.45,48.63,48.95,19962912,Energy
2021-05-13,XOM,49.01,49.77,48.1,48.85,29281840,Energy
2021-05-14,XOM,49.02,49.34,48.51,48.83,18437692,Energy
2021-05-17,XOM,50.12,50.92,49.21,50.01,15530948,Energy
2021-05-18,XOM,49.62,50.03,49.21,49.62,21868534,Energy
2021-05-19,XOM,51.13,52.16,50.17,51.2,29829549,Energy
2021-05-20,XOM,51.77,52.39,50.92,51.53,26755264,Energy
2021-05-21,XOM,52.02,53.14,51.11,52.23,24426578,Energy
2021-05-24,XOM,52.92,53.41,52.54,53.03,25002907,Energy
2021-05-25,XOM,52.78,53.86,51.94,53.02,23576533,Energy
2021-05-26,XOM,51.4,52.32,50.71,51.62,23110595,Energy
2021-05-27,XOM,50.01,51.02,49.22,50.23,27108123,Energy
2021-05-28,XOM,51.21,51.91,50.34,51.04,18758163,Energy
2021-05-31,XOM,50.38,51.48,49.5,50.59,21618977,Energy
2021-06-01,XOM,52.09,52.51,51.48,51.89,26255765,Energy
2021-06-02,XOM,52.27,52.81,51.99,52.53,19885238,Energy
2021-06-03,XOM,53.11,53.49,52.66,53.04,25622472,Energy
2021-06-04,XOM,54.54,55.58,53.25,54.29,25547009,Energy
2021-06-07,XOM,55.37,55.73,55.09,55.45,23302379,Energy
2021-06-08,XOM,53.8,54.47,53.07,53.74,30192492,Energy
2021-06-09,XOM,53.86,55.06,52.88,54.07,19496098,Energy
2021-06-10,XOM,53.4,54.33,52.3,53.23,19640709,Energy
2021-06-11,XOM,52.97,53.82,52.04,52.88,22692269,Energy
2021-06-14,XOM,53.34,53.77,52.7,53.13,25838908,Energy
2021-06-15,XOM,53.76,54.17,53.25,53.65,26818079,Energy
2021-06-16,XOM,52.85,53.97,51.88,53.0,30626813,Energy
2021-06-17,XOM,53.18,53.57,52.74,53.13,25520518,Energy
2021-06-18,XOM,54.13,54.75,53.52,54.14,29120015,Energy
2021-06-21,XOM,53.36,54.14,52.58,53.36,17376583,Energy
2021-06-22,XOM,56.03,56.53,55.74,56.24,30125242,Energy
2021-06-23,XOM,56.74,57.67,55.55,56.48,15949914,Energy
2021-06-24,XOM,56.2,57.32,55.35,56.46,27443669,Energy
2021-06-25,XOM,56.83,57.67,56.22,57.06,24147918,Energy
2021-06-28,XOM,58.09,58.62,57.47,58.0,25535891,Energy
2021-06-29,XOM,59.49,60.42,58.28,59.2,21355144,Energy
2021-06-30,XOM,58.96,59.67,58.08,58.78,24306898,Energy
2021-07-01,XOM,58.34,58.66,57.82,58.14,16193079,Energy
2021-07-02,XOM,56.94,57.6,56.51,57.17,16600077,Energy
2021-07-05,XOM,56.73,57.29,56.42,56.98,22213563,Energy
2021-07-06,XOM,56.27,56.98,55.78,56.48,25544065,Energy
2021-07-07,XOM,57.41,58.17,56.93,57.69,21843664,Energy
2021-07-08,XOM,57.74,58.4,57.18,57.84,22257158,Energy
2021-07-09,XOM,58.46,59.34,57.51,58.39,29833828,Energy
2021-07-12,XOM,58.3,59.06,57.56,58.32,18686582,Energy
2021-07-13,XOM,57.46,58.61,56.52,57.67,22963446,Energy
2021-07-14,XOM,59.2,59.87,58.44,59.11,29531370,Energy
2021-07-15,XOM,60.05,61.41,58.9,60.25,19431985,Energy
2021-07-16,XOM,59.34,60.36,58.31,59.33,22376732,Energy
2021-07-19,XOM,60.21,61.15,59.21,60.15,30348996,Energy
2021-07-20,XOM,58.91,59.74,58.1,58.93,23759387,Energy
2021-07-21,XOM,60.83,61.87,59.72,60.76,25364540,Energy
2021-07-22,XOM,59.23,60.39,58.0,59.16,21256392,Energy
2021-07-23,XOM,58.59,59.49,57.6,58.5,15613253,Energy
2021-07-26,XOM,59.01,59.72,58.16,58.87,23085238,Energy
2021-07-27,XOM,60.68,61.72,59.67,60.71,30543152,Energy
2021-07-28,XOM,60.68,61.5,60.11,60.93,22022181,Energy
2021-07-29,XOM,59.61,60.48,58.83,59.7,19131129,Energy
2021-07-30,XOM,58.08,59.03,57.2,58.15,25123075,Energy
2021-08-02,XOM,58.99,59.97,57.86,58.84,21179763,Energy
2021-08-03,XOM,57.73,58.54,56.95,57.76,28810400,Energy
2021-08-04,XOM,56.47,57.59,55.44,56.56,16812756,Energy
2021-08-05,XOM,56.14,56.63,55.72,56.21,24089449,Energy
2021-08-06,XOM,57.64,58.6,56.78,57.74,25679486,Energy
2021-08-09,XOM,59.95,61.09,58.72,59.86,17841904,Energy
2021-08-10,XOM,61.94,62.79,61.06,61.91,28808781,Energy
2021-08-11,XOM,62.24,62.93,61.6,62.29,24619349,Energy
2021-08-12,XOM,62.78,63.59,61.83,62.64,16021990,Energy
2021-08-13,XOM,62.37,63.45,61.53,62.61,20254218,Energy
2021-08-16,XOM,62.9,64.06,61.96,63.12,20156164,Energy
2021-08-17,XOM,64.48,65.48,63.38,64.38,16802010,Energy
2021-08-18,XOM,64.09,65.2,63.21,64.32,19284979,Energy
2021-08-19,XOM,63.87,64.88,63.11,64.12,30702163,Energy
2021-08-20,XOM,62.21,62.68,61.58,62.04,28179518,Energy
2021-08-23,XOM,63.21,64.52,61.95,63.26,28861055,Energy
2021-08-24,XOM,62.53,63.95,61.32,62.74,22783315,Energy
2021-08-25,XOM,62.39,62.76,61.94,62.31,24353654,Energy
2021-08-26,XOM,60.01,60.49,59.35,59.83,15973938,Energy
2021-08-27,XOM,59.94,61.26,58.92,60.23,25515163,Energy
2021-08-30,XOM,60.07,60.59,59.7,60.22,26517465,Energy
2021-08-31,XOM,60.1,60.65,59.54,60.09,29494823,Energy
2021-09-01,XOM,60.95,61.3,60.41,60.76,16405188,Energy
2021-09-02,XOM,59.27,59.91,58.86,59.5,30709175,Energy
2021-09-03,XOM,59.66,60.12,58.96,59.42,30660355,Energy
2021-09-06,XOM,58.25,58.88,57.54,58.17,27398005,Energy
2021-09-07,XOM,60.12,60.98,59.47,60.32,22079946,Energy
2021-09-08,XOM,61.15,62.16,59.97,60.98,18950297,Energy
2021-09-09,XOM,60.22,60.68,59.51,59.97,16077585,Energy
2021-09-10,XOM,58.68,59.89,57.74,58.95,28303660,Energy
2021-09-13,XOM,59.7,60.93,58.59,59.82,16538608,Energy
2021-09-14,XOM,60.57,61.43,59.83,60.69,21823896,Energy
2021-09-15,XOM,61.29,62.39,60.37,61.47,20897054,Energy
2021-09-16,XOM,60.5,61.51,59.4,60.41,20424642,Energy
2021-09-17,XOM,60.09,60.99,59.03,59.93,24524277,Energy
2021-09-20,XOM,60.17,60.99,59.65,60.47,27763876,Energy
2021-09-21,XOM,58.35,59.36,57.22,58.23,16579346,Energy
2021-09-22,XOM,57.54,58.33,56.57,57.36,21400892,Energy
2021-09-23,XOM,59.01,59.48,58.49,58.96,28125122,Energy
2021-09-24,XOM,59.3,59.64,58.9,59.24,25304876,Energy
2021-09-27,XOM,59.87,60.71,58.94,59.78,25123179,Energy
2021-09-28,XOM,59.09,59.66,58.68,59.25,24932507,Energy
2021-09-29,XOM,60.62,60.94,60.22,60.54,25646954,Energy
2021-09-30,XOM,59.98,60.5,59.41,59.92,23624986,Energy
2021-10-01,XOM,60.69,61.25,60.15,60.71,29408217,Energy
2021-10-04,XOM,59.75,60.43,58.99,59.67,15944402,Energy
2021-10-05,XOM,58.7,59.31,58.34,58.95,27384907,Energy
2021-10-06,XOM,58.81,59.57,58.21,58.97,26908798,Energy
2021-10-07,XOM,58.01,58.6,57.57,58.16,22036344,Energy
2021-10-08,XOM,58.13,58.71,57.5,58.08,20602745,Energy
2021-10-11,XOM,56.77,57.39,55.94,56.56,29021784,Energy
2021-10-12,XOM,57.2,58.2,56.0,56.99,24173821,Energy
2021-10-13,XOM,57.11,57.95,56.24,57.08,27498056,Energy
2021-10-14,XOM,56.29,57.26,55.54,56.51,27867533,Energy
2021-10-15,XOM,57.8,58.75,56.67,57.62,18332613,Energy
2021-10-18,XOM,57.01,57.65,56.49,57.13,23224440,Energy
2021-10-19,XOM,55.36,55.81,54.97,55.42,18205235,Energy
2021-10-20,XOM,56.04,56.54,55.42,55.92,28564091,Energy
2021-10-21,XOM,56.03,56.33,55.69,55.99,15955320,Energy
2021-10-22,XOM,55.19,55.54,54.73,55.08,26728364,Energy
2021-10-25,XOM,54.27,55.21,53.34,54.28,28641035,Energy
2021-10-26,XOM,55.03,55.58,54.62,55.17,17471333,Energy
2021-10-27,XOM,55.43,56.52,54.49,55.58,17794873,Energy
2021-10-28,XOM,54.77,55.79,53.98,55.0,16091464,Energy
2021-10-29,XOM,55.0,55.64,54.64,55.28,26133648,Energy
2021-11-01,XOM,55.87,56.78,55.12,56.03,18988276,Energy
2021-11-02,XOM,55.48,56.43,54.53,55.48,26157336,Energy
2021-11-03,XOM,55.45,56.26,54.8,55.6,30344203,Energy
2021-11-04,XOM,54.6,55.54,53.86,54.8,21653786,Energy
2021-11-05,XOM,54.61,55.31,54.07,54.77,29774975,Energy
2021-11-08,XOM,55.48,56.66,54.47,55.65,20823077,Energy
2021-11-09,XOM,55.71,56.79,54.79,55.87,24510098,Energy
2021-11-10,XOM,57.34,58.23,56.36,57.25,26278693,Energy
2021-11-11,XOM,57.95,58.85,56.78,57.68,20736082,Energy
2021-11-12,XOM,55.94,57.23,54.92,56.21,19838325,Energy
2021-11-15,XOM,57.16,57.49,56.74,57.07,16952171,Energy
2021-11-16,XOM,57.08,58.09,55.99,57.0,15843757,Energy
2021-11-17,XOM,58.46,59.38,57.33,58.25,25581263,Energy
2021-11-18,XOM,58.04,58.36,57.51,57.83,26679944,Energy
2021-11-19,XOM,59.57,60.31,58.93,59.67,22789230,Energy
2021-11-22,XOM,61.45,62.71,60.34,61.6,16954842,Energy
2021-11-23,XOM,59.95,61.32,58.87,60.24,29429354,Energy
2021-11-24,XOM,62.13,62.73,61.52,62.12,17437351,Energy
2021-11-25,XOM,62.24,63.39,60.93,62.08,29631996,Energy
2021-11-26,XOM,60.81,61.93,59.88,61.0,20147311,Energy
2021-11-29,XOM,62.81,63.58,61.97,62.74,29667475,Energy
2021-11-30,XOM,63.17,63.85,62.36,63.04,30199536,Energy
2021-12-01,XOM,63.01,63.47,62.32,62.78,21878873,Energy
2021-12-02,XOM,62.42,63.55,61.42,62.55,20543356,Energy
2021-12-03,XOM,63.37,63.71,62.73,63.07,27927169,Energy
2021-12-06,XOM,65.38,65.8,64.64,65.06,24717378,Energy
2021-12-07,XOM,65.93,67.4,64.76,66.22,21397548,Energy
2021-12-08,XOM,63.33,64.54,62.38,63.58,22929103,Energy
2021-12-09,XOM,62.84,63.75,62.11,63.02,20024155,Energy
2021-12-10,XOM,61.51,62.84,60.31,61.64,18686762,Energy
2021-12-13,XOM,62.57,63.39,61.65,62.46,26566433,Energy
2021-12-14,XOM,63.51,64.85,62.47,63.81,21463910,Energy
2021-12-15,XOM,64.52,65.59,63.19,64.26,24673881,Energy
2021-12-16,XOM,63.2,63.64,62.83,63.27,16543097,Energy
2021-12-17,XOM,60.61,61.87,59.63,60.88,18260258,Energy
2021-12-20,XOM,60.55,61.25,59.87,60.57,21659818,Energy
2021-12-21,XOM,62.02,62.76,61.15,61.89,21086739,Energy
2021-12-22,XOM,63.84,64.82,63.0,63.97,20845863,Energy
2021-12-23,XOM,64.15,65.07,63.24,64.16,26534758,Energy
2021-12-24,XOM,62.93,63.77,61.9,62.74,22228486,Energy
2021-12-27,XOM,65.65,66.46,64.73,65.54,18807156,Energy
2021-12-28,XOM,66.42,67.14,65.62,66.34,15844694,Energy
2021-12-29,XOM,68.93,69.73,68.06,68.86,30297583,Energy
2021-12-30,XOM,68.19,69.58,66.95,68.34,23211035,Energy
2021-12-31,XOM,67.24,67.8,66.85,67.41,27332780,Energy
2022-01-03,XOM,67.0,67.62,66.54,67.16,29938254,Energy
2022-01-04,XOM,68.79,69.98,67.41,68.6,28714185,Energy
2022-01-05,XOM,68.1,69.47,66.99,68.36,23355044,Energy
2022-01-06,XOM,68.38,69.31,67.58,68.51,28244222,Energy
2022-01-07,XOM,72.22,73.41,71.36,72.54,19634469,Energy
2022-01-10,XOM,72.1,72.71,71.21,71.82,25370546,Energy
2022-01-11,XOM,72.27,73.24,71.3,72.27,25411740,Energy
2022-01-12,XOM,73.33,74.53,72.09,73.29,29849595,Energy
2022-01-13,XOM,78.17,79.71,76.25,77.78,25708623,Energy
2022-01-14,XOM,77.26,78.8,75.79,77.33,28637722,Energy
2022-01-17,XOM,78.88,80.35,77.1,78.56,28195032,Energy
2022-01-18,XOM,78.21,79.35,77.34,78.48,20542927,Energy
2022-01-19,XOM,76.04,77.5,74.78,76.24,22765389,Energy
2022-01-20,XOM,76.0,77.02,74.9,75.92,29810173,Energy
2022-01-21,XOM,75.79,76.92,74.44,75.57,24360926,Energy
2022-01-24,XOM,75.98,77.49,74.65,76.16,18632116,Energy
2022-01-25,XOM,76.99,78.44,75.39,76.84,25741493,Energy
2022-01-26,XOM,79.23,80.28,78.28,79.33,23957644,Energy
2022-01-27,XOM,77.66,78.23,77.13,77.7,22412662,Energy
2022-01-28,XOM,79.44,80.48,78.29,79.33,30142702,Energy
2022-01-31,XOM,80.13,81.31,78.64,79.82,23967079,Energy
2022-02-01,XOM,80.02,81.53,78.87,80.37,17452261,Energy
2022-02-02,XOM,79.43,80.6,78.34,79.51,27701682,Energy
2022-02-03,XOM,79.51,80.56,78.17,79.21,30373907,Energy
2022-02-04,XOM,78.42,79.07,77.85,78.5,25640707,Energy
2022-02-07,XOM,78.98,79.92,78.22,79.16,27931573,Energy
2022-02-08,XOM,78.0,79.54,76.26,77.79,23464619,Energy
2022-02-09,XOM,75.81,76.69,74.9,75.78,22527731,Energy
2022-02-10,XOM,75.04,76.2,74.1,75.26,29317626,Energy
2022-02-11,XOM,77.7,78.97,76.29,77.56,30028844,Energy
2022-02-14,XOM,75.8,76.83,75.1,76.12,28122535,Energy
2022-02-15,XOM,75.14,76.64,73.58,75.08,16305664,Energy
2022-02-16,XOM,76.41,78.02,75.13,76.74,23716215,Energy
2022-02-17,XOM,79.44,80.17,78.39,79.11,22350500,Energy
2022-02-18,XOM,78.2,79.81,76.76,78.36,21365383,Energy
2022-02-21,XOM,77.68,79.41,76.19,77.91,24308917,Energy
2022-02-22,XOM,78.69,79.54,77.62,78.47,17391164,Energy
2022-02-23,XOM,79.0,79.91,77.93,78.84,21668050,Energy
2022-02-24,XOM,80.22,80.69,79.59,80.06,23149254,Energy
2022-02-25,XOM,79.41,79.82,78.91,79.32,29566167,Energy
2022-02-28,XOM,79.23,79.76,78.63,79.16,26621500,Energy
2022-03-01,XOM,78.21,79.07,77.74,78.59,22548616,Energy
2022-03-02,XOM,80.55,82.18,79.19,80.82,28284213,Energy
2022-03-03,XOM,79.57,80.88,78.39,79.7,23343717,Energy
2022-03-04,XOM,81.5,83.32,79.91,81.73,23092845,Energy
2022-03-07,XOM,81.2,82.66,80.03,81.49,16070240,Energy
2022-03-08,XOM,80.11,80.67,79.69,80.25,16538788,Energy
2022-03-09,XOM,81.04,82.42,79.26,80.64,16344078,Energy
2022-03-10,XOM,80.55,81.86,79.62,80.93,17463459,Energy
2022-03-11,XOM,79.71,80.58,78.93,79.79,29872657,Energy
2022-03-14,XOM,78.81,79.67,77.95,78.81,19181983,Energy
2022-03-15,XOM,79.16,79.56,78.46,78.85,16658407,Energy
2022-03-16,XOM,78.96,80.79,77.42,79.25,24715128,Energy
2022-03-17,XOM,79.92,81.81,78.32,80.21,21928723,Energy
2022-03-18,XOM,80.14,81.87,78.8,80.52,26022654,Energy
2022-03-21,XOM,82.88,83.62,82.37,83.1,17865172,Energy
2022-03-22,XOM,80.73,82.5,79.23,80.99,16022685,Energy
2022-03-23,XOM,80.41,81.64,79.3,80.53,21647875,Energy
2022-03-24,XOM,79.99,80.53,79.25,79.79,24663926,Energy
2022-03-25,XOM,78.17,79.25,77.35,78.43,24539156,Energy
2022-03-28,XOM,79.66,81.14,78.33,79.81,15798249,Energy
2022-03-29,XOM,80.8,81.46,79.99,80.65,30632084,Energy
2022-03-30,XOM,83.65,84.25,83.21,83.81,16355121,Energy
2022-03-31,XOM,83.96,84.86,83.14,84.04,29581276,Energy
2022-04-01,XOM,82.71,83.22,81.97,82.48,21491229,Energy
2022-04-04,XOM,86.31,87.79,84.82,86.3,16004943,Energy
2022-04-05,XOM,86.12,88.14,84.47,86.48,24604325,Energy
2022-04-06,XOM,86.93,88.89,85.35,87.3,23929958,Energy
2022-04-07,XOM,89.13,90.68,87.16,88.7,26554641,Energy
2022-04-08,XOM,86.63,87.42,85.67,86.46,26268808,Energy
2022-04-11,XOM,85.06,86.38,83.45,84.76,16745652,Energy
2022-04-12,XOM,85.28,85.85,84.6,85.16,30089768,Energy
2022-04-13,XOM,85.51,86.54,84.1,85.12,29846512,Energy
2022-04-14,XOM,85.49,87.08,83.56,85.14,29234109,Energy
2022-04-15,XOM,85.18,86.65,83.54,85.01,15775885,Energy
2022-04-18,XOM,85.05,85.96,84.46,85.36,15762520,Energy
2022-04-19,XOM,84.73,85.3,83.81,84.38,25622586,Energy
2022-04-20,XOM,86.61,87.45,85.52,86.36,22920890,Energy
2022-04-21,XOM,88.9,89.53,87.93,88.56,20615393,Energy
2022-04-22,XOM,90.2,91.79,88.8,90.39,23101097,Energy
2022-04-25,XOM,88.09,89.91,86.57,88.39,30449671,Energy
2022-04-26,XOM,88.02,88.55,87.46,87.99,29506792,Energy
2022-04-27,XOM,86.24,88.13,84.59,86.47,17617368,Energy
2022-04-28,XOM,86.88,88.66,85.5,87.28,22872680,Energy
2022-04-29,XOM,88.9,90.41,87.34,88.85,18295404,Energy
2022-05-02,XOM,89.53,90.63,88.05,89.15,24905079,Energy
2022-05-03,XOM,88.74,90.3,87.34,88.89,18302650,Energy
2022-05-04,XOM,86.12,86.88,85.33,86.09,19715390,Energy
2022-05-05,XOM,87.19,88.33,85.87,87.01,26709696,Energy
2022-05-06,XOM,87.73,88.39,86.86,87.51,25759397,Energy
2022-05-09,XOM,86.35,87.18,85.9,86.73,25352242,Energy
2022-05-10,XOM,87.06,88.31,86.12,87.37,16083707,Energy
2022-05-11,XOM,85.4,86.03,84.38,85.01,26604510,Energy
2022-05-12,XOM,87.02,88.14,85.52,86.64,24934300,Energy
2022-05-13,XOM,88.3,89.9,86.9,88.49,24470320,Energy
2022-05-16,XOM,86.54,87.24,85.92,86.62,15911901,Energy
2022-05-17,XOM,86.33,87.42,85.62,86.7,21371793,Energy
2022-05-18,XOM,83.3,84.87,81.83,83.4,28207250,Energy
2022-05-19,XOM,82.4,83.62,81.17,82.39,19048132,Energy
2022-05-20,XOM,83.08,85.02,81.52,83.45,26009260,Energy
2022-05-23,XOM,84.77,86.03,83.56,84.82,19100942,Energy
2022-05-24,XOM,84.94,85.91,83.65,84.62,28286198,Energy
2022-05-25,XOM,87.01,88.85,85.35,87.18,21361404,Energy
2022-05-26,XOM,89.67,90.14,88.8,89.27,20472607,Energy
2022-05-27,XOM,88.94,89.92,87.6,88.58,23509615,Energy
2022-05-30,XOM,88.7,90.19,87.5,88.99,23079364,Energy
2022-05-31,XOM,88.48,90.14,86.77,88.43,19328792,Energy
2022-06-01,XOM,86.25,86.86,85.78,86.39,24217900,Energy
2022-06-02,XOM,85.97,86.45,85.4,85.88,23460572,Energy
2022-06-03,XOM,83.79,85.6,82.39,84.19,27425049,Energy
2022-06-06,XOM,85.56,86.77,84.46,85.67,30266897,Energy
2022-06-07,XOM,84.08,84.7,83.43,84.05,20343114,Energy
2022-06-08,XOM,82.78,83.85,81.67,82.74,16777503,Energy
2022-06-09,XOM,82.1,83.32,80.77,81.99,27249796,Energy
2022-06-10,XOM,79.91,80.58,79.4,80.07,25411703,Energy
2022-06-13,XOM,81.63,82.21,80.92,81.49,16309011,Energy
2022-06-14,XOM,81.51,82.33,80.42,81.23,27324085,Energy
2022-06-15,XOM,82.66,83.87,81.14,82.35,26322750,Energy
2022-06-16,XOM,81.59,82.63,80.16,81.2,26100783,Energy
2022-06-17,XOM,83.13,84.38,81.96,83.21,29297152,Energy
2022-06-20,XOM,81.8,82.98,81.03,82.2,18429804,Energy
2022-06-21,XOM,85.56,86.29,84.99,85.72,28118531,Energy
2022-06-22,XOM,87.56,89.15,86.27,87.85,27547854,Energy
2022-06-23,XOM,84.4,85.46,83.33,84.39,20976527,Energy
2022-06-24,XOM,85.25,86.94,83.72,85.41,16849752,Energy
2022-06-27,XOM,89.15,90.0,88.11,88.96,25526761,Energy
2022-06-28,XOM,91.36,92.44,90.65,91.72,25577332,Energy
2022-06-29,XOM,90.99,92.49,89.61,91.11,28379141,Energy
2022-06-30,XOM,91.71,93.79,89.91,91.98,24286858,Energy
2022-07-01,XOM,91.66,92.13,91.01,91.47,21779944,Energy
2022-07-04,XOM,89.82,90.53,88.88,89.59,27883991,Energy
2022-07-05,XOM,88.67,89.67,88.08,89.08,20544808,Energy
2022-07-06,XOM,88.37,89.64,86.84,88.11,23809362,Energy
2022-07-07,XOM,89.6,90.83,88.11,89.33,23544187,Energy
2022-07-08,XOM,89.82,91.09,88.54,89.81,28959056,Energy
2022-07-11,XOM,91.77,92.77,90.99,91.99,17370606,Energy
2022-07-12,XOM,91.95,93.62,90.36,92.03,20757566,Energy
2022-07-13,XOM,95.43,97.31,93.15,95.02,30368610,Energy
2022-07-14,XOM,96.04,96.73,94.99,95.67,20462127,Energy
2022-07-15,XOM,99.38,100.01,98.86,99.49,23241623,Energy
2022-07-18,XOM,99.05,99.71,98.35,99.01,28019739,Energy
2022-07-19,XOM,100.95,102.18,99.87,101.1,20617680,Energy
2022-07-20,XOM,99.43,101.76,97.56,99.88,22254172,Energy
2022-07-21,XOM,99.5,100.39,98.22,99.11,16879204,Energy
2022-07-22,XOM,98.94,100.14,97.83,99.03,29081274,Energy
2022-07-25,XOM,100.24,101.07,99.27,100.09,17469854,Energy
2022-07-26,XOM,97.22,99.1,95.25,97.13,25044353,Energy
2022-07-27,XOM,96.78,98.05,95.67,96.93,18675217,Energy
2022-07-28,XOM,94.13,95.45,92.38,93.7,20940780,Energy
2022-07-29,XOM,93.11,95.15,91.41,93.44,29816340,Energy
2022-08-01,XOM,92.49,93.55,91.54,92.6,22527770,Energy
2022-08-02,XOM,90.84,92.27,89.21,90.64,22785664,Energy
2022-08-03,XOM,91.19,92.8,90.02,91.62,20086169,Energy
2022-08-04,XOM,95.55,96.52,94.52,95.49,23997816,Energy
2022-08-05,XOM,94.85,96.33,93.16,94.64,19022245,Energy
2022-08-08,XOM,92.82,94.81,91.28,93.27,26428893,Energy
2022-08-09,XOM,91.34,91.94,90.53,91.13,23517618,Energy
2022-08-10,XOM,90.6,91.65,89.38,90.43,15960110,Energy
2022-08-11,XOM,92.46,93.23,91.58,92.35,28447117,Energy
2022-08-12,XOM,92.0,93.21,91.01,92.22,23388541,Energy
2022-08-15,XOM,91.26,92.64,89.95,91.33,28901344,Energy
2022-08-16,XOM,88.76,90.32,87.62,89.17,18835030,Energy
2022-08-17,XOM,88.48,89.52,87.27,88.31,18784184,Energy
2022-08-18,XOM,89.34,91.26,87.59,89.5,23600195,Energy
2022-08-19,XOM,88.02,88.49,87.22,87.68,27548053,Energy
2022-08-22,XOM,86.45,87.14,85.4,86.08,20263932,Energy
2022-08-23,XOM,84.33,85.63,82.77,84.06,26810082,Energy
2022-08-24,XOM,86.32,87.94,84.4,86.01,30717017,Energy
2022-08-25,XOM,87.73,88.58,87.05,87.9,25197878,Energy
2022-08-26,XOM,87.36,88.76,85.93,87.33,16538496,Energy
2022-08-29,XOM,85.28,86.78,83.39,84.89,21644959,Energy
2022-08-30,XOM,83.75,84.85,83.05,84.15,19054405,Energy
2022-08-31,XOM,83.47,84.76,81.84,83.13,16840101,Energy
2022-09-01,XOM,85.35,86.49,84.05,85.18,19656264,Energy
2022-09-02,XOM,86.4,87.57,85.04,86.21,28300876,Energy
2022-09-05,XOM,87.35,88.38,86.1,87.13,20047457,Energy
2022-09-06,XOM,87.51,88.5,86.79,87.78,20926640,Energy
2022-09-07,XOM,87.47,88.15,86.99,87.66,25444231,Energy
2022-09-08,XOM,83.61,85.21,82.38,83.97,19826200,Energy
2022-09-09,XOM,82.31,83.58,81.2,82.46,21837015,Energy
2022-09-12,XOM,83.37,85.09,82.06,83.78,19656460,Energy
2022-09-13,XOM,85.15,86.08,84.54,85.47,30169219,Energy
2022-09-14,XOM,84.69,85.59,83.77,84.67,26700857,Energy
2022-09-15,XOM,85.3,86.01,84.81,85.52,28215075,Energy
2022-09-16,XOM,83.64,85.25,82.14,83.75,21172868,Energy
2022-09-19,XOM,84.21,85.76,82.83,84.38,17203248,Energy
2022-09-20,XOM,83.79,84.62,83.05,83.88,16203952,Energy
2022-09-21,XOM,86.79,87.85,85.53,86.58,23311675,Energy
2022-09-22,XOM,85.07,85.64,84.55,85.12,26317130,Energy
2022-09-23,XOM,84.84,85.72,84.34,85.22,21107261,Energy
2022-09-26,XOM,83.49,84.15,82.47,83.13,24352691,Energy
2022-09-27,XOM,84.0,84.78,83.05,83.83,21173907,Energy
2022-09-28,XOM,82.12,82.91,81.55,82.34,25298308,Energy
2022-09-29,XOM,81.85,82.51,81.38,82.04,18607996,Energy
2022-09-30,XOM,81.54,82.19,80.74,81.39,28117580,Energy
2022-10-03,XOM,84.11,85.43,82.67,83.99,29513357,Energy
2022-10-04,XOM,84.0,84.78,83.51,84.28,21781865,Energy
2022-10-05,XOM,83.42,84.37,82.54,83.49,18579405,Energy
2022-10-06,XOM,86.39,87.02,85.75,86.38,29692008,Energy
2022-10-07,XOM,85.71,87.04,84.78,86.1,26274977,Energy
2022-10-10,XOM,86.94,87.98,86.13,87.16,20393573,Energy
2022-10-11,XOM,86.46,87.83,84.82,86.19,24456063,Energy
2022-10-12,XOM,86.63,87.64,85.78,86.79,17314348,Energy
2022-10-13,XOM,86.23,87.87,84.47,86.11,15815409,Energy
2022-10-14,XOM,85.22,86.54,83.95,85.27,30377392,Energy
2022-10-17,XOM,88.23,90.05,86.7,88.52,26489711,Energy
2022-10-18,XOM,90.76,92.16,89.65,91.04,26160594,Energy
2022-10-19,XOM,94.8,96.51,93.55,95.25,25357454,Energy
2022-10-20,XOM,95.8,97.54,94.41,96.14,20774410,Energy
2022-10-21,XOM,99.76,101.5,98.38,100.12,28531940,Energy
2022-10-24,XOM,99.18,100.12,98.64,99.58,17188046,Energy
2022-10-25,XOM,99.4,100.68,98.0,99.28,21617608,Energy
2022-10-26,XOM,100.9,101.84,99.65,100.59,16451604,Energy
2022-10-27,XOM,101.42,102.83,100.49,101.89,15613908,Energy
2022-10-28,XOM,100.58,101.93,99.54,100.89,19532834,Energy
2022-10-31,XOM,100.0,102.08,98.27,100.34,27415593,Energy
2022-11-01,XOM,101.33,103.05,99.8,101.51,23816964,Energy
2022-11-02,XOM,100.02,101.56,98.85,100.39,29370653,Energy
2022-11-03,XOM,99.02,100.36,97.3,98.64,28086928,Energy
2022-11-04,XOM,97.79,98.69,97.18,98.08,17637021,Energy
2022-11-07,XOM,98.16,99.87,96.1,97.81,23530761,Energy
2022-11-08,XOM,95.44,96.42,94.81,95.79,27928651,Energy
2022-11-09,XOM,94.76,96.85,92.97,95.05,15571518,Energy
2022-11-10,XOM,96.16,97.57,95.2,96.61,28150813,Energy
2022-11-11,XOM,96.62,97.82,95.29,96.48,21736867,Energy
2022-11-14,XOM,94.3,95.52,93.34,94.56,27266201,Energy
2022-11-15,XOM,92.54,94.1,91.11,92.67,20345188,Energy
2022-11-16,XOM,94.54,95.43,94.07,94.95,24998135,Energy
2022-11-17,XOM,96.97,98.26,95.74,97.03,28143534,Energy
2022-11-18,XOM,97.32,98.65,96.1,97.43,17883347,Energy
2022-11-21,XOM,98.95,100.66,97.16,98.87,16823883,Energy
2022-11-22,XOM,99.41,100.95,97.95,99.48,27895347,Energy
2022-11-23,XOM,100.43,102.32,98.45,100.33,26666837,Energy
2022-11-24,XOM,95.67,96.23,95.05,95.61,27032235,Energy
2022-11-25,XOM,94.5,95.68,93.23,94.41,29243802,Energy
2022-11-28,XOM,97.1,98.27,96.33,97.49,26035911,Energy
2022-11-29,XOM,98.35,100.06,96.31,98.01,25281325,Energy
2022-11-30,XOM,97.95,99.66,96.04,97.75,16745604,Energy
2022-12-01,XOM,97.6,99.52,96.0,97.91,19043783,Energy
2022-12-02,XOM,93.99,95.19,92.96,94.16,20353436,Energy
2022-12-05,XOM,92.41,93.3,91.71,92.6,15702803,Energy
2022-12-06,XOM,90.07,91.16,88.74,89.83,28678609,Energy
2022-12-07,XOM,87.83,89.42,86.31,87.9,26648567,Energy
2022-12-08,XOM,86.14,87.33,85.34,86.52,25809961,Energy
2022-12-09,XOM,87.21,88.49,85.67,86.95,24888035,Energy
2022-12-12,XOM,86.01,86.64,85.08,85.71,25059692,Energy
2022-12-13,XOM,84.18,85.62,82.51,83.95,19987113,Energy
2022-12-14,XOM,85.26,86.06,84.74,85.54,16830079,Energy
2022-12-15,XOM,84.94,85.71,84.21,84.97,29364883,Energy
2022-12-16,XOM,85.64,87.19,83.91,85.45,15771330,Energy
2022-12-19,XOM,88.14,89.03,87.09,87.98,17387045,Energy
2022-12-20,XOM,89.6,91.12,87.71,89.23,20853208,Energy
2022-12-21,XOM,88.09,89.78,86.72,88.4,26038573,Energy
2022-12-22,XOM,86.67,87.43,86.21,86.97,26332174,Energy
2022-12-23,XOM,88.18,89.56,86.68,88.06,22751405,Energy
2022-12-26,XOM,90.39,91.76,88.78,90.14,30283817,Energy
2022-12-27,XOM,94.47,96.2,92.46,94.19,26099265,Energy
2022-12-28,XOM,95.32,96.98,94.02,95.68,17949575,Energy
2022-12-29,XOM,96.07,97.73,94.12,95.78,24862667,Energy
2022-12-30,XOM,98.5,100.12,97.36,98.97,20438524,Energy
2023-01-02,XOM,99.44,100.57,98.32,99.45,29711598,Energy
2023-01-03,XOM,98.97,99.63,98.29,98.95,21066003,Energy
2023-01-04,XOM,100.03,102.02,97.69,99.67,22157302,Energy
2023-01-05,XOM,97.42,99.37,95.46,97.41,17973614,Energy
2023-01-06,XOM,95.37,96.91,94.1,95.63,25199217,Energy
2023-01-09,XOM,98.28,100.15,96.13,98.0,19606720,Energy
2023-01-10,XOM,97.92,99.27,96.99,98.34,19802364,Energy
2023-01-11,XOM,100.11,100.75,99.47,100.11,26308545,Energy
2023-01-12,XOM,98.02,100.05,96.43,98.45,20635320,Energy
2023-01-13,XOM,97.45,98.75,96.54,97.84,20982058,Energy
2023-01-16,XOM,97.07,97.99,96.02,96.94,29002861,Energy
2023-01-17,XOM,95.62,96.75,94.25,95.38,17648559,Energy
2023-01-18,XOM,92.9,94.94,91.19,93.22,18358358,Energy
2023-01-19,XOM,91.39,92.16,90.79,91.56,23907120,Energy
2023-01-20,XOM,93.12,94.97,91.01,92.85,21258711,Energy
2023-01-23,XOM,92.96,94.23,91.58,92.85,28069999,Energy
2023-01-24,XOM,93.14,94.63,91.59,93.08,25705418,Energy
2023-01-25,XOM,90.38,92.18,88.92,90.71,18487014,Energy
2023-01-26,XOM,88.27,89.62,86.61,87.96,21702639,Energy
2023-01-27,XOM,86.04,87.98,84.35,86.28,21817168,Energy
2023-01-30,XOM,84.84,85.75,83.58,84.48,19794829,Energy
2023-01-31,XOM,87.13,88.45,86.08,87.4,23427500,Energy
2023-02-01,XOM,86.34,88.06,84.8,86.51,27886197,Energy
2023-02-02,XOM,83.61,85.54,82.05,83.97,27048937,Energy
2023-02-03,XOM,85.69,86.73,84.93,85.97,24657284,Energy
2023-02-06,XOM,85.03,86.45,83.7,85.12,16003275,Energy
2023-02-07,XOM,85.29,86.88,83.5,85.09,19583668,Energy
2023-02-08,XOM,85.82,87.3,84.75,86.23,20624954,Energy
2023-02-09,XOM,83.84,84.92,82.75,83.83,18606047,Energy
2023-02-10,XOM,84.16,85.73,82.76,84.33,24338314,Energy
2023-02-13,XOM,84.57,85.4,83.8,84.63,18595725,Energy
2023-02-14,XOM,85.13,86.42,83.9,85.19,15648206,Energy
2023-02-15,XOM,84.37,84.85,83.91,84.39,18221678,Energy
2023-02-16,XOM,83.3,84.53,82.15,83.38,25478065,Energy
2023-02-17,XOM,86.35,88.02,84.67,86.33,27525630,Energy
2023-02-20,XOM,87.35,88.77,85.56,86.98,18695875,Energy
2023-02-21,XOM,85.67,87.16,83.83,85.32,21448549,Energy
2023-02-22,XOM,85.5,86.33,84.29,85.12,25065545,Energy
2023-02-23,XOM,86.07,86.99,84.9,85.82,20088898,Energy
2023-02-24,XOM,83.95,84.59,83.27,83.91,24119665,Energy
2023-02-27,XOM,85.96,87.5,84.47,86.0,27944632,Energy
2023-02-28,XOM,87.6,88.45,86.68,87.53,18610480,Energy
2023-03-01,XOM,88.29,89.24,87.03,87.98,18726218,Energy
2023-03-02,XOM,82.85,84.45,81.43,83.03,15931141,Energy
2023-03-03,XOM,81.85,82.39,81.11,81.65,19435892,Energy
2023-03-06,XOM,84.77,86.03,83.35,84.6,20714824,Energy
2023-03-07,XOM,83.85,84.95,82.83,83.93,29989174,Energy
2023-03-08,XOM,84.84,85.94,84.01,85.11,21030129,Energy
2023-03-09,XOM,86.32,87.62,84.85,86.15,29630482,Energy
2023-03-10,XOM,82.63,84.32,81.12,82.81,22409514,Energy
2023-03-13,XOM,86.38,87.78,84.63,86.02,20592341,Energy
2023-03-14,XOM,87.61,88.63,86.24,87.26,20920651,Energy
2023-03-15,XOM,86.48,87.54,85.08,86.13,27754545,Energy
2023-03-16,XOM,86.54,87.44,85.79,86.69,20835564,Energy
2023-03-17,XOM,86.69,88.31,84.65,86.26,27319666,Energy
2023-03-20,XOM,86.19,87.67,85.13,86.61,26141316,Energy
2023-03-21,XOM,87.94,88.89,86.87,87.82,24743087,Energy
2023-03-22,XOM,88.18,89.26,86.72,87.79,15756453,Energy
2023-03-23,XOM,87.0,88.45,85.64,87.08,26392372,Energy
2023-03-24,XOM,84.24,85.93,82.97,84.65,19794212,Energy
2023-03-27,XOM,83.91,84.85,83.25,84.19,26618540,Energy
2023-03-28,XOM,81.71,82.43,81.01,81.73,19203630,Energy
2023-03-29,XOM,80.35,81.45,79.07,80.17,20498550,Energy
2023-03-30,XOM,79.49,80.61,78.12,79.23,16851053,Energy
2023-03-31,XOM,75.44,76.75,74.26,75.57,17288809,Energy
2023-04-03,XOM,76.92,78.15,75.91,77.13,28048971,Energy
2023-04-04,XOM,77.02,77.77,76.59,77.33,23423340,Energy
2023-04-05,XOM,79.39,80.49,78.11,79.21,19392615,Energy
2023-04-06,XOM,79.86,81.27,78.1,79.5,23085205,Energy
2023-04-07,XOM,82.6,83.96,81.23,82.58,16469792,Energy
2023-04-10,XOM,83.01,84.17,82.19,83.35,30628738,Energy
2023-04-11,XOM,82.7,83.4,81.89,82.59,19778914,Energy
2023-04-12,XOM,84.23,85.72,82.98,84.47,27493159,Energy
2023-04-13,XOM,83.78,84.34,82.89,83.45,28342494,Energy
2023-04-14,XOM,85.98,87.66,84.67,86.35,18611963,Energy
2023-04-17,XOM,86.08,87.96,84.54,86.41,17801354,Energy
2023-04-18,XOM,85.45,86.77,84.33,85.64,18819965,Energy
2023-04-19,XOM,88.6,89.92,87.39,88.71,17564622,Energy
2023-04-20,XOM,85.74,86.96,84.62,85.84,26711558,Energy
2023-04-21,XOM,87.28,87.85,86.6,87.17,22121997,Energy
2023-04-24,XOM,86.66,87.85,85.7,86.89,15868560,Energy
2023-04-25,XOM,91.5,93.28,89.88,91.66,25888802,Energy
2023-04-26,XOM,91.15,92.9,89.34,91.09,21516062,Energy
2023-04-27,XOM,95.12,95.98,93.86,94.71,25903982,Energy
2023-04-28,XOM,95.11,96.61,93.69,95.18,28413750,Energy
2023-05-01,XOM,99.77,101.56,98.2,99.99,24633511,Energy
2023-05-02,XOM,96.15,97.74,95.05,96.63,27837400,Energy
2023-05-03,XOM,95.53,96.18,94.87,95.52,20577883,Energy
2023-05-04,XOM,95.73,96.72,94.76,95.75,30754155,Energy
2023-05-05,XOM,96.47,97.86,95.4,96.78,24849537,Energy
2023-05-08,XOM,98.37,99.6,97.53,98.76,16172682,Energy
2023-05-09,XOM,96.91,97.5,96.39,96.98,21971577,Energy
2023-05-10,XOM,93.03,93.75,92.05,92.77,17390767,Energy
2023-05-11,XOM,94.26,96.03,92.42,94.18,15825292,Energy
2023-05-12,XOM,91.96,93.93,90.17,92.14,22329614,Energy
2023-05-15,XOM,93.84,94.71,92.76,93.63,22879475,Energy
2023-05-16,XOM,91.2,92.2,90.56,91.56,26570781,Energy
2023-05-17,XOM,89.79,90.89,89.02,90.12,23091184,Energy
2023-05-18,XOM,87.1,88.78,85.62,87.29,19657046,Energy
2023-05-19,XOM,88.6,90.47,87.05,88.91,24897604,Energy
2023-05-22,XOM,90.16,91.9,88.11,89.85,16351954,Energy
2023-05-23,XOM,89.66,90.86,88.78,89.98,30018305,Energy
2023-05-24,XOM,90.92,92.96,89.12,91.16,25713365,Energy
2023-05-25,XOM,91.67,93.53,90.05,91.91,18290281,Energy
2023-05-26,XOM,93.24,93.8,92.76,93.32,29251336,Energy
2023-05-29,XOM,91.39,93.43,89.7,91.73,18547028,Energy
2023-05-30,XOM,91.66,92.68,90.38,91.4,24822512,Energy
2023-05-31,XOM,93.95,95.14,92.67,93.86,16881475,Energy
2023-06-01,XOM,94.78,95.93,93.17,94.32,16762070,Energy
2023-06-02,XOM,93.85,95.24,92.65,94.04,23714664,Energy
2023-06-05,XOM,91.6,92.85,90.28,91.53,28524015,Energy
2023-06-06,XOM,89.36,90.33,88.38,89.35,15568297,Energy
2023-06-07,XOM,88.16,89.86,86.68,88.37,27974947,Energy
2023-06-08,XOM,87.54,88.76,86.75,87.97,17784402,Energy
2023-06-09,XOM,88.05,89.96,86.31,88.21,17075888,Energy
2023-06-12,XOM,88.26,89.03,87.66,88.43,15979733,Energy
2023-06-13,XOM,90.51,91.92,89.36,90.77,23397383,Energy
2023-06-14,XOM,87.09,87.77,86.47,87.15,24607919,Energy
2023-06-15,XOM,85.45,86.05,84.94,85.54,20058866,Energy
2023-06-16,XOM,86.27,87.01,85.44,86.18,24463546,Energy
2023-06-19,XOM,82.13,83.6,80.94,82.41,19799922,Energy
2023-06-20,XOM,82.14,82.81,81.44,82.11,22500411,Energy
2023-06-21,XOM,84.12,84.96,83.05,83.88,16847195,Energy
2023-06-22,XOM,83.28,85.24,81.65,83.6,27305290,Energy
2023-06-23,XOM,84.72,85.61,83.52,84.41,16542217,Energy
2023-06-26,XOM,83.77,84.8,82.88,83.91,30694618,Energy
2023-06-27,XOM,82.55,84.45,80.92,82.81,25101183,Energy
2023-06-28,XOM,82.25,83.62,81.18,82.54,17983807,Energy
2023-06-29,XOM,81.89,83.56,80.27,81.93,17337339,Energy
2023-06-30,XOM,81.88,82.74,81.21,82.07,23268125,Energy
2023-07-03,XOM,81.97,82.83,81.15,82.01,17964093,Energy
2023-07-04,XOM,83.27,84.46,82.45,83.63,29101538,Energy
2023-07-05,XOM,85.45,86.13,84.55,85.23,20783097,Energy
2023-07-06,XOM,83.46,84.64,82.45,83.63,26125195,Energy
2023-07-07,XOM,86.69,88.42,85.16,86.88,19130151,Energy
2023-07-10,XOM,85.8,87.37,84.49,86.06,25253532,Energy
2023-07-11,XOM,88.36,88.93,87.68,88.25,23306463,Energy
2023-07-12,XOM,87.1,87.68,86.39,86.97,22276980,Energy
2023-07-13,XOM,85.32,86.16,84.62,85.45,22978372,Energy
2023-07-14,XOM,85.45,85.99,84.52,85.06,25649657,Energy
2023-07-17,XOM,86.89,87.46,86.04,86.61,20367345,Energy
2023-07-18,XOM,86.29,87.69,85.09,86.48,26694451,Energy
2023-07-19,XOM,85.68,87.04,84.28,85.64,19110254,Energy
2023-07-20,XOM,86.75,87.61,85.99,86.85,17633187,Energy
2023-07-21,XOM,84.1,84.95,83.11,83.95,28195017,Energy
2023-07-24,XOM,84.98,86.06,84.13,85.21,28222695,Energy
2023-07-25,XOM,84.44,86.07,82.89,84.52,15814323,Energy
2023-07-26,XOM,84.38,85.68,82.84,84.14,15677573,Energy
2023-07-27,XOM,85.82,87.02,84.55,85.74,21232101,Energy
2023-07-28,XOM,85.9,87.36,84.5,85.96,25822349,Energy
2023-07-31,XOM,87.85,89.19,86.73,88.07,24740113,Energy
2023-08-01,XOM,85.84,87.22,84.07,85.44,21253677,Energy
2023-08-02,XOM,87.54,88.06,86.59,87.11,25006622,Energy
2023-08-03,XOM,84.43,86.4,82.81,84.77,20667321,Energy
2023-08-04,XOM,83.41,83.99,82.55,83.13,28957278,Energy
2023-08-07,XOM,82.97,84.27,81.93,83.23,17357632,Energy
2023-08-08,XOM,83.38,84.53,82.22,83.37,26099752,Energy
2023-08-09,XOM,81.0,81.86,80.22,81.08,15728960,Energy
2023-08-10,XOM,80.79,81.99,79.65,80.85,29564375,Energy
2023-08-11,XOM,81.18,82.45,79.99,81.26,19459273,Energy
2023-08-14,XOM,82.31,84.25,80.78,82.71,20434451,Energy
2023-08-15,XOM,82.98,84.57,81.26,82.85,23603873,Energy
2023-08-16,XOM,84.61,85.29,83.65,84.33,18544665,Energy
2023-08-17,XOM,85.75,86.77,85.0,86.02,17835501,Energy
2023-08-18,XOM,87.24,88.92,85.47,87.15,25222691,Energy
2023-08-21,XOM,87.08,89.01,85.4,87.32,15491130,Energy
2023-08-22,XOM,84.79,85.98,83.59,84.78,22755815,Energy
2023-08-23,XOM,87.15,87.71,86.63,87.19,19828417,Energy
2023-08-24,XOM,86.12,87.15,85.33,86.36,20520936,Energy
2023-08-25,XOM,81.69,82.69,80.85,81.85,30472791,Energy
2023-08-28,XOM,82.88,84.45,81.25,82.82,30508244,Energy
2023-08-29,XOM,82.77,84.54,81.13,82.89,22255888,Energy
2023-08-30,XOM,81.66,83.24,79.99,81.57,18679107,Energy
2023-08-31,XOM,79.78,81.25,78.56,80.02,20626109,Energy
2023-09-01,XOM,82.2,83.1,81.51,82.41,15471695,Energy
2023-09-04,XOM,85.58,87.31,84.02,85.75,16730165,Energy
2023-09-05,XOM,85.6,86.14,85.01,85.55,30690976,Energy
2023-09-06,XOM,86.57,87.54,85.95,86.92,22149879,Energy
2023-09-07,XOM,86.39,87.73,85.23,86.57,20058840,Energy
2023-09-08,XOM,90.52,91.72,89.49,90.69,29496106,Energy
2023-09-11,XOM,91.17,91.92,90.66,91.41,27851713,Energy
2023-09-12,XOM,95.31,97.36,93.64,95.68,30395957,Energy
2023-09-13,XOM,95.03,96.72,93.57,95.25,22422983,Energy
2023-09-14,XOM,96.01,97.26,95.1,96.35,19884142,Energy
2023-09-15,XOM,98.09,99.43,96.43,97.77,20998347,Energy
2023-09-18,XOM,97.03,98.05,96.04,97.06,25326156,Energy
2023-09-19,XOM,95.83,97.56,94.27,96.0,24429828,Energy
2023-09-20,XOM,93.74,94.76,92.53,93.54,17935993,Energy
2023-09-21,XOM,94.34,95.25,93.5,94.41,29096987,Energy
2023-09-22,XOM,96.15,97.46,94.4,95.7,16990476,Energy
2023-09-25,XOM,95.2,96.41,94.07,95.28,24643175,Energy
2023-09-26,XOM,94.93,96.56,92.98,94.61,25720996,Energy
2023-09-27,XOM,96.22,97.63,94.39,95.79,21308785,Energy
2023-09-28,XOM,96.17,97.85,94.09,95.77,22969704,Energy
2023-09-29,XOM,99.1,100.8,97.52,99.22,17846736,Energy
2023-10-02,XOM,98.73,100.4,97.37,99.03,22447026,Energy
2023-10-03,XOM,100.34,102.58,98.52,100.76,15868599,Energy
2023-10-04,XOM,103.78,105.43,102.32,103.96,21836240,Energy
2023-10-05,XOM,104.87,106.48,103.71,105.31,15454923,Energy
2023-10-06,XOM,104.59,106.83,102.66,104.89,21961616,Energy
2023-10-09,XOM,106.89,108.98,104.45,106.54,17062135,Energy
2023-10-10,XOM,108.09,109.45,106.48,107.84,26155248,Energy
2023-10-11,XOM,108.94,110.78,107.15,108.99,18109213,Energy
2023-10-12,XOM,109.54,110.85,108.07,109.38,24772318,Energy
2023-10-13,XOM,106.94,108.06,106.29,107.41,30264970,Energy
2023-10-16,XOM,110.83,111.87,110.02,111.06,27221571,Energy
2023-10-17,XOM,112.66,114.28,111.4,113.02,22595378,Energy
2023-10-18,XOM,113.66,115.25,112.12,113.71,29551769,Energy
2023-10-19,XOM,113.58,114.63,112.35,113.4,17129338,Energy
2023-10-20,XOM,114.74,115.99,113.21,114.46,18862180,Energy
2023-10-23,XOM,113.26,115.22,111.69,113.65,16981606,Energy
2023-10-24,XOM,113.69,115.15,112.03,113.49,17145852,Energy
2023-10-25,XOM,114.84,117.32,112.68,115.16,17247619,Energy
2023-10-26,XOM,114.7,116.01,113.78,115.08,16796389,Energy
2023-10-27,XOM,115.99,117.97,114.02,116.0,21383199,Energy
2023-10-30,XOM,117.58,120.0,115.32,117.73,17971379,Energy
2023-10-31,XOM,120.22,121.63,119.12,120.53,23080615,Energy
2023-11-01,XOM,122.03,123.17,120.87,122.01,25707118,Energy
2023-11-02,XOM,120.95,122.96,118.69,120.7,18566097,Energy
2023-11-03,XOM,116.37,117.15,115.54,116.32,18463241,Energy
2023-11-06,XOM,115.08,115.8,114.33,115.05,20432630,Energy
2023-11-07,XOM,117.98,120.13,116.05,118.2,30472243,Energy
2023-11-08,XOM,116.41,118.85,114.5,116.93,23236640,Energy
2023-11-09,XOM,111.91,113.41,110.19,111.69,23066070,Energy
2023-11-10,XOM,109.51,110.99,108.17,109.65,19580505,Energy
2023-11-13,XOM,109.29,111.59,107.19,109.49,16376688,Energy
2023-11-14,XOM,103.39,104.17,102.25,103.02,24434155,Energy
2023-11-15,XOM,103.64,105.37,101.6,103.32,28077841,Energy
2023-11-16,XOM,100.61,102.28,99.28,100.94,17682784,Energy
2023-11-17,XOM,100.12,101.61,98.76,100.25,23993942,Energy
2023-11-20,XOM,97.96,99.18,96.64,97.86,15894521,Energy
2023-11-21,XOM,99.76,100.31,98.99,99.54,18374159,Energy
2023-11-22,XOM,99.6,101.07,98.08,99.55,30519634,Energy
2023-11-23,XOM,99.99,101.83,98.24,100.08,24892757,Energy
2023-11-24,XOM,96.69,97.45,96.04,96.8,26701871,Energy
2023-11-27,XOM,97.99,99.42,96.58,98.01,18118548,Energy
2023-11-28,XOM,99.05,100.97,97.36,99.28,28035377,Energy
2023-11-29,XOM,98.5,100.03,97.1,98.63,16025320,Energy
2023-11-30,XOM,97.67,98.5,96.46,97.29,27996804,Energy
2023-12-01,XOM,97.69,99.05,96.36,97.72,25365997,Energy
2023-12-04,XOM,96.18,97.33,94.89,96.04,20134023,Energy
2023-12-05,XOM,97.76,99.48,95.85,97.56,20481624,Energy
2023-12-06,XOM,95.31,96.98,93.65,95.32,18089438,Energy
2023-12-07,XOM,97.1,97.7,96.31,96.91,28722860,Energy
2023-12-08,XOM,97.42,99.09,95.61,97.27,17577175,Energy
2023-12-11,XOM,96.23,97.0,95.61,96.38,28565627,Energy
2023-12-12,XOM,98.69,100.87,96.77,98.95,27136273,Energy
2023-12-13,XOM,100.36,102.2,98.99,100.83,23760911,Energy
2023-12-14,XOM,99.24,101.16,97.54,99.46,29219369,Energy
2023-12-15,XOM,101.31,102.61,100.44,101.74,17863065,Energy
2023-12-18,XOM,101.61,103.48,99.83,101.69,27672961,Energy
2023-12-19,XOM,102.44,103.79,101.11,102.46,27826462,Energy
2023-12-20,XOM,105.19,106.38,103.68,104.87,16950197,Energy
2023-12-21,XOM,105.0,106.53,103.27,104.79,29246099,Energy
2023-12-22,XOM,105.49,106.37,104.5,105.38,22072151,Energy
2023-12-25,XOM,105.11,106.65,103.98,105.52,17467193,Energy
2023-12-26,XOM,104.27,106.1,102.18,104.01,21288053,Energy
2023-12-27,XOM,102.05,104.27,100.27,102.48,25021518,Energy
2023-12-28,XOM,103.9,105.77,101.68,103.55,21140854,Energy
2023-12-29,XOM,107.28,109.1,105.54,107.36,28338127,Energy
2021-01-04,PG,138.37,140.16,136.21,138.0,5662500,Consumer Staples
2021-01-05,PG,138.34,140.26,136.35,138.27,8452377,Consumer Staples
2021-01-06,PG,138.58,140.72,135.87,138.0,9374830,Consumer Staples
2021-01-07,PG,136.75,137.88,135.18,136.31,5890918,Consumer Staples
2021-01-08,PG,136.42,138.38,133.95,135.9,5780890,Consumer Staples
2021-01-11,PG,136.91,139.34,134.08,136.5,7894821,Consumer Staples
2021-01-12,PG,137.84,139.3,136.51,137.97,10335455,Consumer Staples
2021-01-13,PG,135.75,136.84,134.55,135.64,5687013,Consumer Staples
2021-01-14,PG,136.44,137.57,134.95,136.08,6838644,Consumer Staples
2021-01-15,PG,134.96,137.63,132.29,134.96,7961831,Consumer Staples
2021-01-18,PG,136.51,137.27,135.14,135.89,6164725,Consumer Staples
2021-01-19,PG,135.6,137.51,133.83,135.74,7431819,Consumer Staples
2021-01-20,PG,138.16,140.18,135.92,137.94,6060015,Consumer Staples
2021-01-21,PG,139.67,141.42,137.53,139.27,7577254,Consumer Staples
2021-01-22,PG,137.55,138.84,136.52,137.81,6364992,Consumer Staples
2021-01-25,PG,137.68,138.8,136.73,137.85,8089915,Consumer Staples
2021-01-26,PG,137.24,138.08,136.26,137.1,10463378,Consumer Staples
2021-01-27,PG,139.32,142.03,136.16,138.86,6648290,Consumer Staples
2021-01-28,PG,140.43,141.18,139.21,139.96,5542531,Consumer Staples
2021-01-29,PG,140.07,141.2,138.88,140.01,6186484,Consumer Staples
2021-02-01,PG,140.09,142.54,137.25,139.7,9217789,Consumer Staples
2021-02-02,PG,140.12,142.93,137.7,140.51,9076684,Consumer Staples
2021-02-03,PG,140.73,142.18,139.05,140.5,5890614,Consumer Staples
2021-02-04,PG,138.87,141.03,136.07,138.22,5478901,Consumer Staples
2021-02-05,PG,137.48,138.88,136.6,138.0,7510460,Consumer Staples
2021-02-08,PG,138.79,140.09,137.07,138.37,7737383,Consumer Staples
2021-02-09,PG,140.22,141.94,138.2,139.92,7150337,Consumer Staples
2021-02-10,PG,139.75,141.19,137.95,139.39,9345219,Consumer Staples
2021-02-11,PG,139.66,140.89,138.93,140.16,6368765,Consumer Staples
2021-02-12,PG,140.26,141.99,138.82,140.55,8759730,Consumer Staples
2021-02-15,PG,140.03,142.91,137.59,140.46,8205645,Consumer Staples
2021-02-16,PG,140.05,141.52,138.57,140.04,8508978,Consumer Staples
2021-02-17,PG,138.94,141.93,136.38,139.37,5706784,Consumer Staples
2021-02-18,PG,141.36,143.55,139.32,141.51,6105239,Consumer Staples
2021-02-19,PG,139.38,140.32,138.36,139.3,6827470,Consumer Staples
2021-02-22,PG,140.2,143.13,137.4,140.33,6364504,Consumer Staples
2021-02-23,PG,139.68,142.06,137.66,140.04,7843951,Consumer Staples
2021-02-24,PG,139.34,141.11,137.63,139.4,9429449,Consumer Staples
2021-02-25,PG,139.48,140.63,137.77,138.92,9404537,Consumer Staples
2021-02-26,PG,139.17,141.02,137.78,139.62,6717558,Consumer Staples
2021-03-01,PG,139.4,140.79,137.93,139.32,5493432,Consumer Staples
2021-03-02,PG,141.62,144.85,138.97,142.19,6716185,Consumer Staples
2021-03-03,PG,140.96,142.24,140.02,141.3,9647787,Consumer Staples
2021-03-04,PG,143.47,145.91,141.43,143.86,9826732,Consumer Staples
2021-03-05,PG,145.65,148.13,142.81,145.28,9700071,Consumer Staples
2021-03-08,PG,144.71,146.78,142.64,144.71,7213158,Consumer Staples
2021-03-09,PG,145.83,147.05,144.53,145.75,9919834,Consumer Staples
2021-03-10,PG,147.0,149.04,144.35,146.39,7123816,Consumer Staples
2021-03-11,PG,146.1,148.35,143.63,145.88,8769777,Consumer Staples
2021-03-12,PG,145.39,147.94,143.26,145.8,6003852,Consumer Staples
2021-03-15,PG,148.37,151.98,145.45,149.05,7705616,Consumer Staples
2021-03-16,PG,147.39,149.28,145.71,147.6,9355415,Consumer Staples
2021-03-17,PG,148.2,150.6,145.21,147.6,7326309,Consumer Staples
2021-03-18,PG,148.0,149.99,145.44,147.42,10467702,Consumer Staples
2021-03-19,PG,147.59,150.47,144.39,147.27,6001944,Consumer Staples
2021-03-22,PG,147.68,148.47,146.41,147.2,9664945,Consumer Staples
2021-03-23,PG,145.97,148.66,143.61,146.29,8609043,Consumer Staples
2021-03-24,PG,146.42,147.92,144.99,146.49,7257784,Consumer Staples
2021-03-25,PG,146.83,149.97,144.08,147.22,8282457,Consumer Staples
2021-03-26,PG,151.5,153.08,149.67,151.25,8213956,Consumer Staples
2021-03-29,PG,151.66,155.14,148.8,152.27,6408364,Consumer Staples
2021-03-30,PG,152.63,155.35,150.11,152.83,6120364,Consumer Staples
2021-03-31,PG,151.53,153.43,149.4,151.3,5485340,Consumer Staples
2021-04-01,PG,149.52,150.92,147.66,149.06,7981283,Consumer Staples
2021-04-02,PG,149.69,150.85,148.86,150.02,8605488,Consumer Staples
2021-04-05,PG,149.97,151.17,148.29,149.48,8802023,Consumer Staples
2021-04-06,PG,148.84,150.64,146.43,148.22,7306954,Consumer Staples
2021-04-07,PG,145.3,146.54,143.83,145.07,8259799,Consumer Staples
2021-04-08,PG,144.82,146.5,143.37,145.05,7340604,Consumer Staples
2021-04-09,PG,143.51,144.85,141.87,143.21,8669631,Consumer Staples
2021-04-12,PG,140.45,142.22,138.82,140.59,7166519,Consumer Staples
2021-04-13,PG,141.61,143.52,140.3,142.2,6658074,Consumer Staples
2021-04-14,PG,144.98,146.4,143.49,144.91,9312389,Consumer Staples
2021-04-15,PG,143.01,144.57,140.82,142.38,9593587,Consumer Staples
2021-04-16,PG,142.26,145.07,138.93,141.73,8487811,Consumer Staples
2021-04-19,PG,140.24,142.73,138.28,140.76,9042596,Consumer Staples
2021-04-20,PG,141.12,143.1,139.13,141.11,8889756,Consumer Staples
2021-04-21,PG,141.57,143.22,139.89,141.54,7341349,Consumer Staples
2021-04-22,PG,139.03,141.22,136.33,138.51,9664435,Consumer Staples
2021-04-23,PG,136.14,139.11,133.85,136.81,10037372,Consumer Staples
2021-04-26,PG,137.62,138.88,135.84,137.09,6284082,Consumer Staples
2021-04-27,PG,137.87,139.47,135.94,137.53,8611464,Consumer Staples
2021-04-28,PG,136.53,138.06,134.76,136.29,8131984,Consumer Staples
2021-04-29,PG,135.64,136.88,134.2,135.44,6322297,Consumer Staples
2021-04-30,PG,136.34,139.13,134.24,137.02,8131055,Consumer Staples
2021-05-03,PG,135.98,137.75,134.48,136.25,7957466,Consumer Staples
2021-05-04,PG,137.91,139.93,135.25,137.27,9623588,Consumer Staples
2021-05-05,PG,136.78,138.97,134.62,136.81,7308756,Consumer Staples
2021-05-06,PG,136.54,137.48,135.79,136.73,9703979,Consumer Staples
2021-05-07,PG,136.22,137.74,134.75,136.27,6677130,Consumer Staples
2021-05-10,PG,136.27,138.12,135.03,136.87,8472470,Consumer Staples
2021-05-11,PG,138.16,139.78,136.39,138.01,8121156,Consumer Staples
2021-05-12,PG,136.08,138.39,133.43,135.74,9300132,Consumer Staples
2021-05-13,PG,135.21,137.1,133.52,135.41,10150542,Consumer Staples
2021-05-14,PG,135.72,136.98,134.93,136.19,7452895,Consumer Staples
2021-05-17,PG,136.58,139.2,134.64,137.25,9026444,Consumer Staples
2021-05-18,PG,139.33,141.21,137.47,139.35,7473348,Consumer Staples
2021-05-19,PG,140.02,142.3,138.23,140.5,5820736,Consumer Staples
2021-05-20,PG,140.16,141.47,138.56,139.87,8338511,Consumer Staples
2021-05-21,PG,137.81,139.49,136.03,137.71,8186104,Consumer Staples
2021-05-24,PG,136.87,138.74,135.56,137.42,9958107,Consumer Staples
2021-05-25,PG,137.88,139.81,135.68,137.61,7685985,Consumer Staples
2021-05-26,PG,138.21,140.47,135.83,138.09,5532455,Consumer Staples
2021-05-27,PG,136.48,139.26,133.98,136.75,5973926,Consumer Staples
2021-05-28,PG,137.21,138.08,136.04,136.91,8945833,Consumer Staples
2021-05-31,PG,137.47,139.6,134.78,136.9,7081950,Consumer Staples
2021-06-01,PG,137.83,139.68,135.82,137.67,10392279,Consumer Staples
2021-06-02,PG,138.49,139.83,136.52,137.86,6030855,Consumer Staples
2021-06-03,PG,139.38,141.67,136.91,139.2,9538704,Consumer Staples
2021-06-04,PG,139.12,140.47,138.36,139.71,5615902,Consumer Staples
2021-06-07,PG,137.93,139.85,135.88,137.79,10007050,Consumer Staples
2021-06-08,PG,136.8,139.04,135.16,137.39,6350029,Consumer Staples
2021-06-09,PG,138.56,139.27,137.47,138.18,9531897,Consumer Staples
2021-06-10,PG,138.92,141.82,136.15,139.04,5351316,Consumer Staples
2021-06-11,PG,136.78,137.95,135.5,136.66,10300200,Consumer Staples
2021-06-14,PG,137.71,139.14,136.81,138.23,8934234,Consumer Staples
2021-06-15,PG,138.35,140.78,136.27,138.7,9519010,Consumer Staples
2021-06-16,PG,142.53,143.52,140.95,141.93,6305417,Consumer Staples
2021-06-17,PG,144.34,145.47,143.44,144.57,6236166,Consumer Staples
2021-06-18,PG,144.66,146.53,142.53,144.39,7827338,Consumer Staples
2021-06-21,PG,142.31,144.62,140.19,142.5,5396593,Consumer Staples
2021-06-22,PG,143.29,146.1,140.03,142.83,5635448,Consumer Staples
2021-06-23,PG,144.83,146.53,142.93,144.63,6250619,Consumer Staples
2021-06-24,PG,144.2,146.17,142.18,144.15,6343392,Consumer Staples
2021-06-25,PG,143.47,144.49,142.08,143.1,6943578,Consumer Staples
2021-06-28,PG,144.11,145.36,142.52,143.77,9114360,Consumer Staples
2021-06-29,PG,144.21,145.53,142.36,143.67,8863313,Consumer Staples
2021-06-30,PG,142.39,143.94,140.94,142.49,9065225,Consumer Staples
2021-07-01,PG,142.57,143.78,141.4,142.61,8681181,Consumer Staples
2021-07-02,PG,142.39,144.25,140.38,142.24,8117615,Consumer Staples
2021-07-05,PG,142.73,144.0,141.59,142.86,8042923,Consumer Staples
2021-07-06,PG,142.65,145.03,140.05,142.43,7489602,Consumer Staples
2021-07-07,PG,140.35,143.66,137.6,140.9,6335725,Consumer Staples
2021-07-08,PG,142.08,143.91,140.64,142.47,8533570,Consumer Staples
2021-07-09,PG,141.38,142.63,140.59,141.84,6790072,Consumer Staples
2021-07-12,PG,141.19,143.34,138.51,140.66,9442081,Consumer Staples
2021-07-13,PG,139.47,140.55,138.3,139.38,5407618,Consumer Staples
2021-07-14,PG,139.48,140.83,137.71,139.05,7647494,Consumer Staples
2021-07-15,PG,138.85,139.95,137.84,138.94,6289672,Consumer Staples
2021-07-16,PG,136.51,138.02,135.02,136.53,7085180,Consumer Staples
2021-07-19,PG,135.82,138.41,133.15,135.74,9675186,Consumer Staples
2021-07-20,PG,136.93,139.18,134.47,136.71,7858665,Consumer Staples
2021-07-21,PG,138.1,138.8,137.25,137.94,7118776,Consumer Staples
2021-07-22,PG,138.59,139.61,137.65,138.67,9111654,Consumer Staples
2021-07-23,PG,137.06,139.9,134.4,137.23,8099297,Consumer Staples
2021-07-26,PG,138.43,141.12,135.97,138.66,5996850,Consumer Staples
2021-07-27,PG,140.49,141.79,138.64,139.93,6086813,Consumer Staples
2021-07-28,PG,139.23,140.66,137.85,139.28,9697344,Consumer Staples
2021-07-29,PG,138.34,141.08,135.7,138.44,10142758,Consumer Staples
2021-07-30,PG,136.96,138.45,135.94,137.43,10233566,Consumer Staples
2021-08-02,PG,134.75,136.88,133.05,135.17,7811949,Consumer Staples
2021-08-03,PG,136.76,139.05,134.03,136.31,9785838,Consumer Staples
2021-08-04,PG,136.5,138.35,134.16,136.0,7927658,Consumer Staples
2021-08-05,PG,136.08,138.0,133.82,135.73,7483535,Consumer Staples
2021-08-06,PG,135.12,136.15,134.3,135.32,8525707,Consumer Staples
2021-08-09,PG,134.46,135.99,133.4,134.93,6788672,Consumer Staples
2021-08-10,PG,136.89,137.64,135.81,136.56,6608256,Consumer Staples
2021-08-11,PG,135.4,136.33,134.2,135.13,9675372,Consumer Staples
2021-08-12,PG,135.47,136.55,134.75,135.83,10212469,Consumer Staples
2021-08-13,PG,134.94,136.39,132.9,134.35,6689615,Consumer Staples
2021-08-16,PG,135.28,136.79,134.16,135.67,5697450,Consumer Staples
2021-08-17,PG,136.53,139.05,133.37,135.88,10261171,Consumer Staples
2021-08-18,PG,137.53,139.98,134.61,137.05,8720698,Consumer Staples
2021-08-19,PG,136.86,139.65,134.48,137.26,7286541,Consumer Staples
2021-08-20,PG,137.72,139.73,135.21,137.21,8717464,Consumer Staples
2021-08-23,PG,135.45,137.87,133.07,135.49,9015844,Consumer Staples
2021-08-24,PG,134.58,137.71,131.93,135.05,10116333,Consumer Staples
2021-08-25,PG,135.42,137.16,133.49,135.23,9858812,Consumer Staples
2021-08-26,PG,134.28,135.89,132.78,134.39,8017704,Consumer Staples
2021-08-27,PG,134.57,135.28,133.86,134.57,6778208,Consumer Staples
2021-08-30,PG,132.22,135.28,129.72,132.77,7661432,Consumer Staples
2021-08-31,PG,133.42,135.98,130.34,132.89,8932079,Consumer Staples
2021-09-01,PG,133.79,135.94,131.94,134.08,7176524,Consumer Staples
2021-09-02,PG,135.28,136.14,134.03,134.89,6950316,Consumer Staples
2021-09-03,PG,135.61,137.84,133.57,135.8,7687734,Consumer Staples
2021-09-06,PG,137.28,139.11,135.05,136.87,6358570,Consumer Staples
2021-09-07,PG,136.86,138.88,135.36,137.37,5647742,Consumer Staples
2021-09-08,PG,136.09,138.43,134.18,136.51,5563946,Consumer Staples
2021-09-09,PG,136.58,139.1,134.01,136.53,5956798,Consumer Staples
2021-09-10,PG,135.7,137.01,134.91,136.22,7724520,Consumer Staples
2021-09-13,PG,136.8,138.86,134.56,136.61,6008221,Consumer Staples
2021-09-14,PG,135.64,137.74,133.67,135.77,7689904,Consumer Staples
2021-09-15,PG,134.5,137.02,132.21,134.73,6021744,Consumer Staples
2021-09-16,PG,132.27,135.05,129.88,132.65,6793656,Consumer Staples
2021-09-17,PG,131.46,133.51,129.17,131.22,9452100,Consumer Staples
2021-09-20,PG,130.5,131.7,129.49,130.69,5910887,Consumer Staples
2021-09-21,PG,130.23,132.21,128.52,130.5,8866912,Consumer Staples
2021-09-22,PG,128.64,129.86,128.0,129.21,7520941,Consumer Staples
2021-09-23,PG,129.52,132.03,126.52,129.02,10468547,Consumer Staples
2021-09-24,PG,129.15,131.2,127.7,129.74,6856269,Consumer Staples
2021-09-27,PG,129.46,131.9,127.5,129.93,6824853,Consumer Staples
2021-09-28,PG,130.4,131.19,129.64,130.43,6346833,Consumer Staples
2021-09-29,PG,132.78,133.75,131.93,132.9,7093933,Consumer Staples
2021-09-30,PG,133.07,134.81,131.01,132.74,5840985,Consumer Staples
2021-10-01,PG,131.78,134.64,129.56,132.41,7576284,Consumer Staples
2021-10-04,PG,132.37,134.2,129.95,131.77,8263095,Consumer Staples
2021-10-05,PG,130.34,131.3,129.36,130.32,7327865,Consumer Staples
2021-10-06,PG,130.48,132.48,128.89,130.88,7879341,Consumer Staples
2021-10-07,PG,130.13,131.07,128.87,129.81,8368007,Consumer Staples
2021-10-08,PG,129.19,129.99,127.89,128.69,8485992,Consumer Staples
2021-10-11,PG,126.08,127.89,124.85,126.66,8569190,Consumer Staples
2021-10-12,PG,126.96,128.31,125.1,126.44,5433108,Consumer Staples
2021-10-13,PG,125.49,126.19,124.23,124.93,10315588,Consumer Staples
2021-10-14,PG,123.75,124.42,122.81,123.48,6412847,Consumer Staples
2021-10-15,PG,123.01,124.92,120.66,122.56,5779365,Consumer Staples
2021-10-18,PG,124.36,126.02,123.29,124.95,5480106,Consumer Staples
2021-10-19,PG,124.39,125.07,123.34,124.02,6816036,Consumer Staples
2021-10-20,PG,126.3,127.87,124.38,125.94,7848454,Consumer Staples
2021-10-21,PG,126.39,128.46,124.94,127.01,8232207,Consumer Staples
2021-10-22,PG,129.17,130.06,127.94,128.83,6603123,Consumer Staples
2021-10-25,PG,128.84,130.79,126.71,128.65,8487546,Consumer Staples
2021-10-26,PG,128.86,130.32,127.7,129.16,9781002,Consumer Staples
2021-10-27,PG,128.59,129.67,127.92,129.0,8453397,Consumer Staples
2021-10-28,PG,128.48,130.88,126.26,128.66,8680578,Consumer Staples
2021-10-29,PG,128.18,130.46,126.47,128.74,8514188,Consumer Staples
2021-11-01,PG,131.07,133.33,128.19,130.43,5405610,Consumer Staples
2021-11-02,PG,130.23,132.28,128.29,130.34,5301386,Consumer Staples
2021-11-03,PG,128.96,131.29,127.13,129.45,7237475,Consumer Staples
2021-11-04,PG,129.41,130.75,128.26,129.59,7836651,Consumer Staples
2021-11-05,PG,128.29,129.62,126.89,128.22,6502910,Consumer Staples
2021-11-08,PG,128.97,130.84,126.65,128.52,6426351,Consumer Staples
2021-11-09,PG,130.18,131.82,128.35,129.99,8214287,Consumer Staples
2021-11-10,PG,129.25,130.61,127.72,129.07,5398292,Consumer Staples
2021-11-11,PG,128.96,130.32,127.56,128.92,5358219,Consumer Staples
2021-11-12,PG,127.94,129.55,126.13,127.74,9235840,Consumer Staples
2021-11-15,PG,130.14,131.01,128.63,129.5,8432380,Consumer Staples
2021-11-16,PG,131.15,132.85,129.78,131.48,8257708,Consumer Staples
2021-11-17,PG,131.79,134.19,129.36,131.76,8722728,Consumer Staples
2021-11-18,PG,131.25,132.76,129.89,131.4,6752419,Consumer Staples
2021-11-19,PG,130.12,132.33,128.09,130.3,6251261,Consumer Staples
2021-11-22,PG,130.67,132.05,128.84,130.21,9125823,Consumer Staples
2021-11-23,PG,129.35,130.65,127.54,128.83,5642871,Consumer Staples
2021-11-24,PG,128.29,129.51,127.55,128.77,5861387,Consumer Staples
2021-11-25,PG,130.8,131.63,129.76,130.59,8404422,Consumer Staples
2021-11-26,PG,130.78,132.7,128.61,130.53,9223618,Consumer Staples
2021-11-29,PG,132.23,133.3,131.0,132.07,8295255,Consumer Staples
2021-11-30,PG,129.85,132.69,127.36,130.2,5558295,Consumer Staples
2021-12-01,PG,129.37,131.28,127.15,129.06,6736779,Consumer Staples
2021-12-02,PG,130.76,133.12,128.99,131.34,10290235,Consumer Staples
2021-12-03,PG,132.92,134.39,132.04,133.5,5481578,Consumer Staples
2021-12-06,PG,133.69,135.76,132.16,134.23,9159403,Consumer Staples
2021-12-07,PG,136.9,139.77,134.37,137.23,8551058,Consumer Staples
2021-12-08,PG,136.52,137.45,135.75,136.68,6787946,Consumer Staples
2021-12-09,PG,138.08,139.24,136.72,137.88,5933696,Consumer Staples
2021-12-10,PG,135.4,137.83,132.76,135.18,8981359,Consumer Staples
2021-12-13,PG,137.39,140.0,134.18,136.78,8146174,Consumer Staples
2021-12-14,PG,134.94,136.84,133.26,135.16,9006750,Consumer Staples
2021-12-15,PG,134.91,136.67,132.57,134.33,6502786,Consumer Staples
2021-12-16,PG,134.39,135.94,133.09,134.64,9481491,Consumer Staples
2021-12-17,PG,134.45,135.38,133.58,134.51,7494798,Consumer Staples
2021-12-20,PG,133.64,134.58,132.83,133.76,7945234,Consumer Staples
2021-12-21,PG,132.93,133.72,132.13,132.92,10285998,Consumer Staples
2021-12-22,PG,133.43,136.06,130.76,133.39,7954258,Consumer Staples
2021-12-23,PG,134.17,135.42,132.27,133.51,6689703,Consumer Staples
2021-12-24,PG,132.35,134.58,130.79,133.01,7083469,Consumer Staples
2021-12-27,PG,136.19,137.02,135.04,135.86,8195325,Consumer Staples
2021-12-28,PG,136.67,138.82,134.81,136.96,9528205,Consumer Staples
2021-12-29,PG,137.59,138.52,136.9,137.82,8712361,Consumer Staples
2021-12-30,PG,135.03,137.91,132.52,135.39,8090775,Consumer Staples
2021-12-31,PG,136.42,138.2,134.13,135.91,5515213,Consumer Staples
2022-01-03,PG,135.57,137.55,134.03,136.0,5363046,Consumer Staples
2022-01-04,PG,136.62,137.6,134.99,135.97,6377954,Consumer Staples
2022-01-05,PG,136.03,139.03,133.44,136.43,10139299,Consumer Staples
2022-01-06,PG,134.77,137.29,132.77,135.29,8305054,Consumer Staples
2022-01-07,PG,138.69,140.21,137.33,138.85,7560897,Consumer Staples
2022-01-10,PG,139.62,141.2,137.81,139.39,9283932,Consumer Staples
2022-01-11,PG,140.69,142.09,138.71,140.1,10176948,Consumer Staples
2022-01-12,PG,139.66,141.13,138.88,140.34,7481598,Consumer Staples
2022-01-13,PG,139.85,142.1,137.91,140.16,6611922,Consumer Staples
2022-01-14,PG,140.28,142.41,138.01,140.14,6127521,Consumer Staples
2022-01-17,PG,140.71,143.28,137.89,140.46,7153525,Consumer Staples
2022-01-18,PG,139.77,142.45,137.64,140.31,7708344,Consumer Staples
2022-01-19,PG,138.3,139.99,137.26,138.94,7026212,Consumer Staples
2022-01-20,PG,141.57,142.6,140.35,141.38,8788856,Consumer Staples
2022-01-21,PG,138.46,140.13,137.46,139.12,9412255,Consumer Staples
2022-01-24,PG,140.62,141.55,139.91,140.84,7846562,Consumer Staples
2022-01-25,PG,139.17,141.57,136.3,138.7,9055932,Consumer Staples
2022-01-26,PG,137.6,138.8,136.1,137.3,6544330,Consumer Staples
2022-01-27,PG,136.55,137.67,135.37,136.49,8813985,Consumer Staples
2022-01-28,PG,136.12,137.51,135.33,136.72,9366896,Consumer Staples
2022-01-31,PG,136.86,139.31,134.27,136.72,7501347,Consumer Staples
2022-02-01,PG,136.55,138.96,133.83,136.24,8292869,Consumer Staples
2022-02-02,PG,136.88,138.63,135.54,137.29,7448033,Consumer Staples
2022-02-03,PG,136.85,138.35,135.58,137.07,7957063,Consumer Staples
2022-02-04,PG,139.43,140.48,137.95,139.0,6014029,Consumer Staples
2022-02-07,PG,139.4,141.1,137.36,139.06,7796358,Consumer Staples
2022-02-08,PG,138.44,139.91,137.0,138.47,9705521,Consumer Staples
2022-02-09,PG,138.81,141.57,135.88,138.63,9415581,Consumer Staples
2022-02-10,PG,136.53,137.24,135.3,136.01,10258761,Consumer Staples
2022-02-11,PG,138.6,140.49,136.37,138.25,7941909,Consumer Staples
2022-02-14,PG,136.97,138.24,135.22,136.49,8383392,Consumer Staples
2022-02-15,PG,136.38,138.25,134.3,136.16,9744016,Consumer Staples
2022-02-16,PG,137.01,139.61,134.82,137.41,7700823,Consumer Staples
2022-02-17,PG,135.85,138.53,133.1,135.78,10175788,Consumer Staples
2022-02-18,PG,134.24,136.55,131.71,134.02,7084167,Consumer Staples
2022-02-21,PG,131.65,132.91,130.2,131.46,7520946,Consumer Staples
2022-02-22,PG,130.63,132.85,128.08,130.29,6888685,Consumer Staples
2022-02-23,PG,130.86,132.9,128.83,130.87,6947283,Consumer Staples
2022-02-24,PG,131.82,133.3,129.83,131.3,7137467,Consumer Staples
2022-02-25,PG,128.69,130.08,127.49,128.88,6376746,Consumer Staples
2022-02-28,PG,128.68,130.84,126.99,129.14,9541579,Consumer Staples
2022-03-01,PG,132.12,133.23,130.88,131.99,5906383,Consumer Staples
2022-03-02,PG,133.88,136.58,131.25,133.94,9566399,Consumer Staples
2022-03-03,PG,135.46,137.7,132.94,135.17,9593665,Consumer Staples
2022-03-04,PG,136.58,137.47,135.45,136.34,6645592,Consumer Staples
2022-03-07,PG,136.21,138.5,133.31,135.59,9982820,Consumer Staples
2022-03-08,PG,134.22,135.3,133.32,134.4,7162694,Consumer Staples
2022-03-09,PG,132.16,133.6,131.26,132.69,7270673,Consumer Staples
2022-03-10,PG,131.77,134.39,129.06,131.68,8514353,Consumer Staples
2022-03-11,PG,130.24,131.81,128.46,130.03,10272475,Consumer Staples
2022-03-14,PG,129.04,131.39,127.26,129.6,7837675,Consumer Staples
2022-03-15,PG,129.71,132.44,127.13,129.86,8367876,Consumer Staples
2022-03-16,PG,129.79,131.12,128.93,130.26,9842077,Consumer Staples
2022-03-17,PG,130.84,132.35,129.6,131.1,7282868,Consumer Staples
2022-03-18,PG,131.92,135.05,129.35,132.47,9548511,Consumer Staples
2022-03-21,PG,135.15,136.52,133.32,134.68,10456717,Consumer Staples
2022-03-22,PG,132.25,134.1,130.9,132.74,6007971,Consumer Staples
2022-03-23,PG,132.16,134.8,130.0,132.63,6617213,Consumer Staples
2022-03-24,PG,133.5,134.77,132.42,133.69,5640424,Consumer Staples
2022-03-25,PG,132.59,134.96,129.75,132.11,7417897,Consumer Staples
2022-03-28,PG,134.43,136.34,132.34,134.24,9183605,Consumer Staples
2022-03-29,PG,135.61,137.35,133.86,135.6,8564344,Consumer Staples
2022-03-30,PG,135.45,137.77,133.34,135.66,6984444,Consumer Staples
2022-03-31,PG,137.58,138.82,136.27,137.51,7140817,Consumer Staples
2022-04-01,PG,136.17,138.09,134.39,136.3,9642854,Consumer Staples
2022-04-04,PG,137.1,137.94,136.16,137.0,8272024,Consumer Staples
2022-04-05,PG,139.29,140.9,137.79,139.4,9450689,Consumer Staples
2022-04-06,PG,140.29,141.58,138.48,139.77,9955802,Consumer Staples
2022-04-07,PG,139.68,141.74,137.24,139.3,8467974,Consumer Staples
2022-04-08,PG,140.24,142.05,137.79,139.59,6733938,Consumer Staples
2022-04-11,PG,137.53,138.83,136.52,137.82,8476784,Consumer Staples
2022-04-12,PG,141.21,142.31,139.55,140.64,7407878,Consumer Staples
2022-04-13,PG,139.02,141.84,136.55,139.37,6894133,Consumer Staples
2022-04-14,PG,139.88,141.05,139.06,140.22,7824147,Consumer Staples
2022-04-15,PG,139.4,142.24,136.72,139.56,8608655,Consumer Staples
2022-04-18,PG,142.82,145.11,141.19,143.47,7893546,Consumer Staples
2022-04-19,PG,142.36,143.21,140.97,141.82,9203444,Consumer Staples
2022-04-20,PG,143.51,145.04,141.78,143.31,5838147,Consumer Staples
2022-04-21,PG,142.71,144.93,140.04,142.25,9564164,Consumer Staples
2022-04-22,PG,140.5,142.13,139.2,140.83,7987337,Consumer Staples
2022-04-25,PG,140.5,143.24,137.18,139.91,7138102,Consumer Staples
2022-04-26,PG,142.84,145.23,139.86,142.24,6619863,Consumer Staples
2022-04-27,PG,140.93,143.73,138.47,141.26,7052231,Consumer Staples
2022-04-28,PG,139.26,140.37,138.14,139.25,9677382,Consumer Staples
2022-04-29,PG,138.73,141.05,136.94,139.25,6571823,Consumer Staples
2022-05-02,PG,139.62,141.5,137.62,139.5,8278755,Consumer Staples
2022-05-03,PG,139.77,140.63,138.56,139.42,10024498,Consumer Staples
2022-05-04,PG,136.79,138.52,134.76,136.49,10048581,Consumer Staples
2022-05-05,PG,139.09,141.13,136.82,138.85,9037373,Consumer Staples
2022-05-06,PG,137.62,138.85,136.29,137.51,9671419,Consumer Staples
2022-05-09,PG,138.68,139.99,136.83,138.13,8507005,Consumer Staples
2022-05-10,PG,141.01,142.61,139.24,140.84,7359764,Consumer Staples
2022-05-11,PG,138.64,141.1,136.2,138.66,9981370,Consumer Staples
2022-05-12,PG,138.35,140.1,136.38,138.13,10488158,Consumer Staples
2022-05-13,PG,138.98,139.98,137.65,138.65,5979079,Consumer Staples
2022-05-16,PG,139.82,142.28,137.23,139.69,10175337,Consumer Staples
2022-05-17,PG,140.47,143.61,137.94,141.07,5970838,Consumer Staples
2022-05-18,PG,140.29,142.26,138.29,140.26,6134966,Consumer Staples
2022-05-19,PG,139.21,140.18,138.15,139.12,5506838,Consumer Staples
2022-05-20,PG,138.93,141.45,135.99,138.5,9373192,Consumer Staples
2022-05-23,PG,140.68,142.06,139.94,141.32,8136655,Consumer Staples
2022-05-24,PG,141.58,144.62,138.76,141.8,7057967,Consumer Staples
2022-05-25,PG,140.48,141.47,139.26,140.24,8645052,Consumer Staples
2022-05-26,PG,141.17,142.14,140.25,141.22,8752143,Consumer Staples
2022-05-27,PG,140.06,141.8,138.09,139.82,9535419,Consumer Staples
2022-05-30,PG,139.32,141.45,137.03,139.16,9731348,Consumer Staples
2022-05-31,PG,138.85,141.57,136.28,139.0,6159561,Consumer Staples
2022-06-01,PG,138.38,141.18,135.99,138.78,10126991,Consumer Staples
2022-06-02,PG,139.37,140.11,138.05,138.79,8343210,Consumer Staples
2022-06-03,PG,138.38,140.82,136.08,138.52,10456510,Consumer Staples
2022-06-06,PG,139.55,141.06,138.38,139.88,5520020,Consumer Staples
2022-06-07,PG,140.15,142.89,137.47,140.21,8792975,Consumer Staples
2022-06-08,PG,139.21,141.34,136.57,138.69,8740857,Consumer Staples
2022-06-09,PG,137.59,139.44,135.46,137.3,9192596,Consumer Staples
2022-06-10,PG,137.17,138.78,136.1,137.71,5642956,Consumer Staples
2022-06-13,PG,138.63,140.1,137.16,138.63,8482161,Consumer Staples
2022-06-14,PG,138.91,141.85,136.22,139.15,9244588,Consumer Staples
2022-06-15,PG,137.54,139.72,135.76,137.93,8480353,Consumer Staples
2022-06-16,PG,135.56,138.72,132.92,136.07,7913218,Consumer Staples
2022-06-17,PG,136.42,137.45,135.63,136.66,8508164,Consumer Staples
2022-06-20,PG,134.68,137.05,132.0,134.37,7679998,Consumer Staples
2022-06-21,PG,134.19,136.97,131.69,134.46,9208412,Consumer Staples
2022-06-22,PG,134.59,136.22,132.44,134.06,9436522,Consumer Staples
2022-06-23,PG,134.93,137.83,132.43,135.32,8757789,Consumer Staples
2022-06-24,PG,137.22,139.43,134.69,136.89,7896002,Consumer Staples
2022-06-27,PG,136.29,137.33,135.59,136.62,6947329,Consumer Staples
2022-06-28,PG,135.64,138.05,132.78,135.18,5799570,Consumer Staples
2022-06-29,PG,134.94,137.98,132.34,135.37,7425387,Consumer Staples
2022-06-30,PG,136.86,137.99,135.25,136.37,9184360,Consumer Staples
2022-07-01,PG,135.5,136.9,133.86,135.25,6217926,Consumer Staples
2022-07-04,PG,135.09,136.71,133.64,135.26,6499167,Consumer Staples
2022-07-05,PG,138.12,140.63,135.37,137.87,6719681,Consumer Staples
2022-07-06,PG,137.42,139.28,136.23,138.09,7069556,Consumer Staples
2022-07-07,PG,137.25,139.33,135.48,137.56,8927405,Consumer Staples
2022-07-08,PG,137.99,139.79,136.45,138.24,10180052,Consumer Staples
2022-07-11,PG,140.85,142.25,139.59,140.99,7257026,Consumer Staples
2022-07-12,PG,140.72,142.34,139.51,141.12,6837495,Consumer Staples
2022-07-13,PG,140.56,143.08,137.67,140.19,8825247,Consumer Staples
2022-07-14,PG,139.38,141.03,137.72,139.37,6652478,Consumer Staples
2022-07-15,PG,139.37,140.46,138.52,139.61,7851814,Consumer Staples
2022-07-18,PG,139.5,140.9,138.68,140.08,6630882,Consumer Staples
2022-07-19,PG,140.31,141.94,138.84,140.46,5868901,Consumer Staples
2022-07-20,PG,140.48,142.0,139.3,140.82,5605083,Consumer Staples
2022-07-21,PG,139.61,141.6,138.23,140.21,8943153,Consumer Staples
2022-07-22,PG,140.08,141.83,138.57,140.32,5914241,Consumer Staples
2022-07-25,PG,140.4,141.96,139.22,140.78,10422322,Consumer Staples
2022-07-26,PG,138.98,142.11,136.54,139.66,8488392,Consumer Staples
2022-07-27,PG,137.2,138.96,135.99,137.74,8954398,Consumer Staples
2022-07-28,PG,137.82,138.86,136.86,137.9,8568867,Consumer Staples
2022-07-29,PG,138.23,140.07,135.74,137.57,9375148,Consumer Staples
2022-08-01,PG,136.15,138.62,133.89,136.35,5294076,Consumer Staples
2022-08-02,PG,135.46,137.63,132.63,134.79,7380865,Consumer Staples
2022-08-03,PG,132.61,135.72,129.99,133.09,6806689,Consumer Staples
2022-08-04,PG,134.64,135.69,133.62,134.67,9434152,Consumer Staples
2022-08-05,PG,133.12,134.47,131.24,132.58,8110359,Consumer Staples
2022-08-08,PG,131.86,133.44,129.9,131.48,5782578,Consumer Staples
2022-08-09,PG,132.04,134.58,129.85,132.38,6724265,Consumer Staples
2022-08-10,PG,134.59,136.47,132.17,134.05,8286636,Consumer Staples
2022-08-11,PG,134.87,136.86,132.52,134.5,6611454,Consumer Staples
2022-08-12,PG,134.23,136.68,131.89,134.34,6172192,Consumer Staples
2022-08-15,PG,133.6,135.31,132.23,133.94,6450746,Consumer Staples
2022-08-16,PG,132.19,133.84,130.97,132.61,8755434,Consumer Staples
2022-08-17,PG,133.11,134.93,131.09,132.91,7054554,Consumer Staples
2022-08-18,PG,132.34,135.03,130.15,132.83,8248467,Consumer Staples
2022-08-19,PG,132.15,133.36,130.9,132.11,6949095,Consumer Staples
2022-08-22,PG,134.88,137.15,132.09,134.35,9148551,Consumer Staples
2022-08-23,PG,134.61,135.94,133.58,134.91,10076629,Consumer Staples
2022-08-24,PG,136.75,138.33,134.58,136.15,7310371,Consumer Staples
2022-08-25,PG,134.44,137.03,131.29,133.87,8717766,Consumer Staples
2022-08-26,PG,134.13,134.95,133.44,134.26,10033984,Consumer Staples
2022-08-29,PG,134.47,137.36,132.01,134.89,7345708,Consumer Staples
2022-08-30,PG,134.67,137.03,132.21,134.57,9698320,Consumer Staples
2022-08-31,PG,135.54,137.9,132.64,134.99,5865408,Consumer Staples
2022-09-01,PG,135.25,136.79,134.28,135.82,10160161,Consumer Staples
2022-09-02,PG,136.91,139.18,135.25,137.51,6938031,Consumer Staples
2022-09-05,PG,136.84,138.25,135.02,136.42,9111253,Consumer Staples
2022-09-06,PG,135.45,138.19,133.37,136.1,10031152,Consumer Staples
2022-09-07,PG,137.26,138.39,135.95,137.08,5574549,Consumer Staples
2022-09-08,PG,136.23,137.75,135.38,136.9,8221120,Consumer Staples
2022-09-09,PG,134.96,137.53,133.01,135.57,6775045,Consumer Staples
2022-09-12,PG,135.37,138.33,132.96,135.91,6386872,Consumer Staples
2022-09-13,PG,138.37,139.94,136.33,137.9,6587957,Consumer Staples
2022-09-14,PG,137.58,140.53,134.83,137.78,7278855,Consumer Staples
2022-09-15,PG,139.12,140.07,137.92,138.87,6528192,Consumer Staples
2022-09-16,PG,139.75,142.16,137.73,140.14,7286329,Consumer Staples
2022-09-19,PG,140.75,143.26,137.9,140.41,6061602,Consumer Staples
2022-09-20,PG,142.01,144.01,139.83,141.83,5725484,Consumer Staples
2022-09-21,PG,144.43,146.52,142.7,144.78,7702433,Consumer Staples
2022-09-22,PG,141.88,144.74,139.52,142.37,5897347,Consumer Staples
2022-09-23,PG,143.71,145.01,141.77,143.06,9176077,Consumer Staples
2022-09-26,PG,143.96,144.86,143.2,144.1,6601339,Consumer Staples
2022-09-27,PG,143.46,145.61,141.37,143.52,10313617,Consumer Staples
2022-09-28,PG,143.4,144.59,142.08,143.27,8926102,Consumer Staples
2022-09-29,PG,145.05,147.71,142.53,145.19,8856340,Consumer Staples
2022-09-30,PG,145.77,147.25,144.38,145.86,9952042,Consumer Staples
2022-10-03,PG,146.31,149.13,143.18,145.99,7215347,Consumer Staples
2022-10-04,PG,143.58,146.76,141.1,144.26,5789416,Consumer Staples
2022-10-05,PG,142.47,144.9,140.34,142.77,10244777,Consumer Staples
2022-10-06,PG,141.86,143.6,140.22,141.96,8809917,Consumer Staples
2022-10-07,PG,141.81,144.18,139.47,141.84,6373504,Consumer Staples
2022-10-10,PG,140.66,143.25,138.33,140.91,6169331,Consumer Staples
2022-10-11,PG,140.56,143.18,138.53,141.14,10349601,Consumer Staples
2022-10-12,PG,143.37,145.45,140.61,142.68,7029190,Consumer Staples
2022-10-13,PG,142.11,145.41,139.33,142.62,5463647,Consumer Staples
2022-10-14,PG,140.39,141.21,139.62,140.44,5685772,Consumer Staples
2022-10-17,PG,141.9,143.95,140.1,142.15,7012052,Consumer Staples
2022-10-18,PG,142.4,144.96,140.33,142.88,9274405,Consumer Staples
2022-10-19,PG,144.01,145.99,141.44,143.41,7165413,Consumer Staples
2022-10-20,PG,143.77,146.61,140.82,143.66,10360360,Consumer Staples
2022-10-21,PG,144.76,145.54,143.65,144.43,9537263,Consumer Staples
2022-10-24,PG,145.56,146.4,144.61,145.45,9460197,Consumer Staples
2022-10-25,PG,144.84,147.42,142.9,145.47,8890598,Consumer Staples
2022-10-26,PG,143.12,143.97,141.83,142.67,5475929,Consumer Staples
2022-10-27,PG,142.75,144.08,141.74,143.07,8575165,Consumer Staples
2022-10-28,PG,144.09,147.48,141.26,144.64,5999215,Consumer Staples
2022-10-31,PG,145.57,147.1,143.55,145.08,7702962,Consumer Staples
2022-11-01,PG,144.72,146.14,143.21,144.63,6617746,Consumer Staples
2022-11-02,PG,144.8,146.64,143.2,145.04,9471740,Consumer Staples
2022-11-03,PG,145.41,148.15,142.29,145.03,7555188,Consumer Staples
2022-11-04,PG,144.99,147.37,143.17,145.54,9171039,Consumer Staples
2022-11-07,PG,145.25,147.28,142.65,144.67,6303208,Consumer Staples
2022-11-08,PG,143.29,145.64,140.68,143.03,6645689,Consumer Staples
2022-11-09,PG,143.08,145.23,140.34,142.48,10071788,Consumer Staples
2022-11-10,PG,142.48,145.39,140.23,143.13,9829387,Consumer Staples
2022-11-11,PG,142.1,144.49,139.99,142.37,6233064,Consumer Staples
2022-11-14,PG,140.59,142.18,139.64,141.23,9209042,Consumer Staples
2022-11-15,PG,138.57,140.42,137.39,139.23,7335670,Consumer Staples
2022-11-16,PG,140.58,142.78,138.86,141.05,5481253,Consumer Staples
2022-11-17,PG,141.29,142.4,139.93,141.04,5681779,Consumer Staples
2022-11-18,PG,140.78,143.16,138.9,141.28,6277368,Consumer Staples
2022-11-21,PG,142.96,145.09,141.4,143.53,6159318,Consumer Staples
2022-11-22,PG,141.65,143.34,140.2,141.89,9183675,Consumer Staples
2022-11-23,PG,143.55,144.43,142.15,143.03,9535218,Consumer Staples
2022-11-24,PG,141.81,144.42,139.47,142.08,9570129,Consumer Staples
2022-11-25,PG,139.25,140.85,138.17,139.77,5486020,Consumer Staples
2022-11-28,PG,139.2,142.13,136.54,139.47,10067493,Consumer Staples
2022-11-29,PG,139.44,140.71,137.61,138.87,9995627,Consumer Staples
2022-11-30,PG,138.74,141.37,136.12,138.75,9796218,Consumer Staples
2022-12-01,PG,137.84,140.74,135.18,138.08,7449090,Consumer Staples
2022-12-02,PG,137.05,139.49,134.89,137.32,9207498,Consumer Staples
2022-12-05,PG,138.63,139.48,137.75,138.6,5892145,Consumer Staples
2022-12-06,PG,137.44,139.07,136.15,137.77,9654393,Consumer Staples
2022-12-07,PG,139.48,140.58,137.95,139.05,9418291,Consumer Staples
2022-12-08,PG,137.32,139.41,135.61,137.69,6441205,Consumer Staples
2022-12-09,PG,139.87,142.24,138.2,140.56,8039591,Consumer Staples
2022-12-12,PG,140.61,143.82,137.9,141.1,8260064,Consumer Staples
2022-12-13,PG,141.7,144.45,138.45,141.19,9714495,Consumer Staples
2022-12-14,PG,141.76,144.49,139.3,142.03,9925738,Consumer Staples
2022-12-15,PG,141.17,143.88,138.47,141.18,7111497,Consumer Staples
2022-12-16,PG,140.65,142.46,139.07,140.88,6365196,Consumer Staples
2022-12-19,PG,142.29,144.32,140.17,142.2,7678571,Consumer Staples
2022-12-20,PG,143.32,144.24,141.98,142.9,6168401,Consumer Staples
2022-12-21,PG,141.54,142.49,140.42,141.37,7342882,Consumer Staples
2022-12-22,PG,138.7,139.72,137.88,138.9,9301846,Consumer Staples
2022-12-23,PG,139.21,141.38,137.23,139.4,6256975,Consumer Staples
2022-12-26,PG,138.77,140.78,136.23,138.23,8642931,Consumer Staples
2022-12-27,PG,136.79,139.14,134.41,136.76,9019348,Consumer Staples
2022-12-28,PG,136.27,138.78,133.39,135.9,10026733,Consumer Staples
2022-12-29,PG,136.93,138.5,134.82,136.38,8513227,Consumer Staples
2022-12-30,PG,137.35,140.48,134.87,137.99,8703725,Consumer Staples
2023-01-02,PG,138.17,141.08,135.72,138.62,8724381,Consumer Staples
2023-01-03,PG,137.33,140.01,134.94,137.62,7377543,Consumer Staples
2023-01-04,PG,137.49,139.35,135.6,137.46,5455744,Consumer Staples
2023-01-05,PG,139.63,141.1,138.73,140.19,6626906,Consumer Staples
2023-01-06,PG,140.74,141.96,139.18,140.4,8256908,Consumer Staples
2023-01-09,PG,139.46,142.37,137.16,140.06,7797374,Consumer Staples
2023-01-10,PG,139.57,140.95,137.71,139.08,8965893,Consumer Staples
2023-01-11,PG,137.3,140.42,134.82,137.93,9034323,Consumer Staples
2023-01-12,PG,136.38,138.17,134.16,135.94,7912593,Consumer Staples
2023-01-13,PG,136.27,138.67,134.48,136.88,8759745,Consumer Staples
2023-01-16,PG,136.2,138.11,134.96,136.86,5598795,Consumer Staples
2023-01-17,PG,137.52,140.4,134.86,137.73,9807397,Consumer Staples
2023-01-18,PG,137.13,139.79,133.87,136.52,9879057,Consumer Staples
2023-01-19,PG,134.63,137.4,132.15,134.91,6045216,Consumer Staples
2023-01-20,PG,136.02,138.02,134.04,136.04,5768420,Consumer Staples
2023-01-23,PG,135.58,137.64,133.44,135.49,9781103,Consumer Staples
2023-01-24,PG,136.44,138.37,134.41,136.34,7563946,Consumer Staples
2023-01-25,PG,137.47,139.11,135.22,136.85,5976841,Consumer Staples
2023-01-26,PG,137.08,138.68,135.27,136.87,7523305,Consumer Staples
2023-01-27,PG,134.58,136.12,133.34,134.87,6476694,Consumer Staples
2023-01-30,PG,135.51,136.89,133.64,135.01,7902428,Consumer Staples
2023-01-31,PG,133.83,135.13,132.68,133.98,5805609,Consumer Staples
2023-02-01,PG,134.68,137.3,132.18,134.8,10397053,Consumer Staples
2023-02-02,PG,135.94,137.33,134.1,135.48,6596022,Consumer Staples
2023-02-03,PG,137.13,138.63,136.29,137.78,8432384,Consumer Staples
2023-02-06,PG,137.9,139.31,136.57,137.98,9547896,Consumer Staples
2023-02-07,PG,136.71,138.16,135.52,136.97,9688014,Consumer Staples
2023-02-08,PG,137.59,139.29,135.44,137.14,7215999,Consumer Staples
2023-02-09,PG,136.47,138.43,134.97,136.93,10060815,Consumer Staples
2023-02-10,PG,138.1,140.65,134.89,137.43,7362847,Consumer Staples
2023-02-13,PG,139.04,141.56,136.64,139.16,7635068,Consumer Staples
2023-02-14,PG,140.18,143.08,137.73,140.63,6406632,Consumer Staples
2023-02-15,PG,140.04,141.4,138.28,139.64,7206420,Consumer Staples
2023-02-16,PG,140.13,141.58,137.98,139.43,7264982,Consumer Staples
2023-02-17,PG,142.75,143.99,141.33,142.57,9459869,Consumer Staples
2023-02-20,PG,140.29,141.14,139.27,140.12,5437611,Consumer Staples
2023-02-21,PG,140.01,142.16,138.2,140.35,6859868,Consumer Staples
2023-02-22,PG,140.07,141.75,137.8,139.47,8981003,Consumer Staples
2023-02-23,PG,141.04,143.73,138.13,140.81,5287315,Consumer Staples
2023-02-24,PG,143.44,144.73,141.58,142.86,8628088,Consumer Staples
2023-02-27,PG,144.17,147.52,141.33,144.67,6807926,Consumer Staples
2023-02-28,PG,144.32,146.08,142.81,144.57,6572955,Consumer Staples
2023-03-01,PG,143.93,145.61,142.06,143.73,6884098,Consumer Staples
2023-03-02,PG,144.7,145.6,143.51,144.4,7659836,Consumer Staples
2023-03-03,PG,141.69,143.64,139.8,141.75,9924376,Consumer Staples
2023-03-06,PG,142.3,144.2,139.8,141.7,7930520,Consumer Staples
2023-03-07,PG,138.72,140.22,137.42,138.92,7991178,Consumer Staples
2023-03-08,PG,140.87,142.69,138.79,140.61,6428598,Consumer Staples
2023-03-09,PG,140.27,142.36,137.8,139.88,8802107,Consumer Staples
2023-03-10,PG,139.05,140.75,136.68,138.37,7375269,Consumer Staples
2023-03-13,PG,137.85,138.76,136.5,137.41,6364056,Consumer Staples
2023-03-14,PG,136.01,138.59,133.87,136.45,5338606,Consumer Staples
2023-03-15,PG,135.24,136.41,134.24,135.41,5809745,Consumer Staples
2023-03-16,PG,135.03,136.11,133.6,134.67,9291888,Consumer Staples
2023-03-17,PG,136.63,138.99,133.82,136.17,7457288,Consumer Staples
2023-03-20,PG,137.89,140.37,135.37,137.85,7720634,Consumer Staples
2023-03-21,PG,137.15,139.71,134.99,137.54,9394861,Consumer Staples
2023-03-22,PG,136.34,138.42,134.78,136.85,5876387,Consumer Staples
2023-03-23,PG,140.77,141.82,139.17,140.22,10452423,Consumer Staples
2023-03-24,PG,140.16,141.9,138.71,140.45,6398547,Consumer Staples
2023-03-27,PG,138.29,141.1,135.89,138.69,10101473,Consumer Staples
2023-03-28,PG,136.67,138.72,134.09,136.13,8158551,Consumer Staples
2023-03-29,PG,133.89,135.95,131.68,133.73,9613776,Consumer Staples
2023-03-30,PG,134.49,136.85,132.01,134.37,8570665,Consumer Staples
2023-03-31,PG,135.19,137.74,132.08,134.61,8737311,Consumer Staples
2023-04-03,PG,131.78,132.98,131.11,132.3,9754198,Consumer Staples
2023-04-04,PG,132.03,133.24,131.2,132.41,6460370,Consumer Staples
2023-04-05,PG,132.06,133.91,130.11,131.96,6769441,Consumer Staples
2023-04-06,PG,132.6,133.68,131.18,132.25,10161144,Consumer Staples
2023-04-07,PG,134.04,135.31,133.26,134.53,8621360,Consumer Staples
2023-04-10,PG,134.0,136.29,131.33,133.61,9028336,Consumer Staples
2023-04-11,PG,134.64,137.49,132.17,135.02,5813277,Consumer Staples
2023-04-12,PG,136.91,138.86,134.53,136.47,8305728,Consumer Staples
2023-04-13,PG,136.91,139.57,133.86,136.51,8929156,Consumer Staples
2023-04-14,PG,136.87,138.22,136.06,137.41,9370397,Consumer Staples
2023-04-17,PG,135.28,137.0,134.2,135.92,10031493,Consumer Staples
2023-04-18,PG,133.5,136.34,131.05,133.88,9346082,Consumer Staples
2023-04-19,PG,132.1,133.14,131.34,132.38,8524251,Consumer Staples
2023-04-20,PG,130.8,133.6,128.65,131.44,6962595,Consumer Staples
2023-04-21,PG,132.76,133.85,131.01,132.1,8772656,Consumer Staples
2023-04-24,PG,132.54,134.58,131.07,133.1,8393018,Consumer Staples
2023-04-25,PG,135.97,137.96,133.56,135.54,6765028,Consumer Staples
2023-04-26,PG,136.42,139.19,133.73,136.5,6803704,Consumer Staples
2023-04-27,PG,136.83,138.23,135.4,136.8,10167683,Consumer Staples
2023-04-28,PG,136.63,138.82,134.33,136.52,6104754,Consumer Staples
2023-05-01,PG,137.85,138.85,136.85,137.85,9075720,Consumer Staples
2023-05-02,PG,136.3,138.89,134.08,136.67,5775522,Consumer Staples
2023-05-03,PG,135.69,137.15,133.67,135.12,8113178,Consumer Staples
2023-05-04,PG,134.47,136.03,133.15,134.71,5943456,Consumer Staples
2023-05-05,PG,131.71,133.3,129.74,131.33,10334933,Consumer Staples
2023-05-08,PG,129.66,131.72,128.04,130.09,8835489,Consumer Staples
2023-05-09,PG,127.15,129.79,125.07,127.7,9713230,Consumer Staples
2023-05-10,PG,125.24,127.45,123.06,125.27,8192218,Consumer Staples
2023-05-11,PG,128.44,130.46,126.2,128.21,5336813,Consumer Staples
2023-05-12,PG,126.74,128.04,125.87,127.17,9217298,Consumer Staples
2023-05-15,PG,129.09,130.59,127.53,129.03,9306609,Consumer Staples
2023-05-16,PG,128.22,129.52,126.61,127.9,7572071,Consumer Staples
2023-05-17,PG,128.09,129.67,126.72,128.3,10315960,Consumer Staples
2023-05-18,PG,128.82,131.59,126.68,129.44,10276431,Consumer Staples
2023-05-19,PG,130.66,133.3,128.49,131.12,5650775,Consumer Staples
2023-05-22,PG,128.77,130.01,127.37,128.61,8486870,Consumer Staples
2023-05-23,PG,128.87,130.12,127.69,128.94,6362423,Consumer Staples
2023-05-24,PG,129.83,130.58,129.06,129.81,7071703,Consumer Staples
2023-05-25,PG,131.1,132.82,128.8,130.52,6002694,Consumer Staples
2023-05-26,PG,129.65,130.85,129.0,130.2,7679218,Consumer Staples
2023-05-29,PG,129.52,131.54,127.4,129.42,7848196,Consumer Staples
2023-05-30,PG,129.97,131.56,128.63,130.22,7225502,Consumer Staples
2023-05-31,PG,128.84,131.1,127.01,129.27,9299650,Consumer Staples
2023-06-01,PG,129.35,131.42,127.59,129.65,7881053,Consumer Staples
2023-06-02,PG,130.34,133.52,127.81,130.97,6297493,Consumer Staples
2023-06-05,PG,130.17,131.7,128.47,129.99,6364198,Consumer Staples
2023-06-06,PG,127.46,129.88,124.87,127.28,9856517,Consumer Staples
2023-06-07,PG,129.04,130.32,127.34,128.62,7235650,Consumer Staples
2023-06-08,PG,131.03,132.18,129.34,130.49,5734146,Consumer Staples
2023-06-09,PG,128.91,131.43,126.44,128.96,10461283,Consumer Staples
2023-06-12,PG,130.94,132.65,128.89,130.6,5287122,Consumer Staples
2023-06-13,PG,131.48,133.12,129.54,131.17,9359841,Consumer Staples
2023-06-14,PG,130.2,131.27,129.24,130.31,7450127,Consumer Staples
2023-06-15,PG,129.26,130.18,128.41,129.33,9487238,Consumer Staples
2023-06-16,PG,130.52,131.85,129.28,130.61,10295033,Consumer Staples
2023-06-19,PG,130.7,131.42,129.86,130.58,9153039,Consumer Staples
2023-06-20,PG,129.27,131.39,126.87,128.99,9063870,Consumer Staples
2023-06-21,PG,128.26,129.01,127.47,128.22,9360587,Consumer Staples
2023-06-22,PG,130.13,131.61,129.3,130.77,9526449,Consumer Staples
2023-06-23,PG,130.88,133.05,128.83,131.0,10187081,Consumer Staples
2023-06-26,PG,132.61,134.8,129.81,131.99,10128905,Consumer Staples
2023-06-27,PG,133.26,134.89,131.3,132.92,8763254,Consumer Staples
2023-06-28,PG,133.48,135.77,130.81,133.1,6054467,Consumer Staples
2023-06-29,PG,131.84,133.27,130.72,132.15,9547117,Consumer Staples
2023-06-30,PG,130.08,132.32,127.85,130.09,8299369,Consumer Staples
2023-07-03,PG,130.86,133.39,128.58,131.11,5513438,Consumer Staples
2023-07-04,PG,130.04,131.63,127.92,129.5,9399958,Consumer Staples
2023-07-05,PG,127.84,129.75,126.5,128.4,8593827,Consumer Staples
2023-07-06,PG,129.33,131.6,126.86,129.12,7481641,Consumer Staples
2023-07-07,PG,127.89,128.77,126.5,127.37,6698781,Consumer Staples
2023-07-10,PG,127.95,129.02,126.48,127.55,10401404,Consumer Staples
2023-07-11,PG,129.77,131.7,127.68,129.61,6927012,Consumer Staples
2023-07-12,PG,127.95,129.03,127.27,128.35,8318259,Consumer Staples
2023-07-13,PG,127.42,128.35,126.01,126.93,6237759,Consumer Staples
2023-07-14,PG,125.03,126.63,123.41,125.01,8420714,Consumer Staples
2023-07-17,PG,126.72,127.98,125.0,126.25,7582583,Consumer Staples
2023-07-18,PG,126.37,128.33,124.24,126.2,5865069,Consumer Staples
2023-07-19,PG,125.53,127.33,123.67,125.47,9967671,Consumer Staples
2023-07-20,PG,124.0,126.7,121.74,124.43,5678847,Consumer Staples
2023-07-21,PG,123.52,124.68,121.76,122.92,5363262,Consumer Staples
2023-07-24,PG,123.68,125.55,121.69,123.55,8644535,Consumer Staples
2023-07-25,PG,123.85,125.22,122.83,124.19,7510870,Consumer Staples
2023-07-26,PG,123.99,125.32,123.19,124.52,5713887,Consumer Staples
2023-07-27,PG,123.16,124.97,121.49,123.29,6791488,Consumer Staples
2023-07-28,PG,122.6,124.16,121.41,122.96,7410403,Consumer Staples
2023-07-31,PG,123.05,124.04,121.82,122.81,5900645,Consumer Staples
2023-08-01,PG,121.41,124.25,119.08,121.91,10203168,Consumer Staples
2023-08-02,PG,123.31,125.47,120.94,123.09,10039583,Consumer Staples
2023-08-03,PG,122.48,123.75,121.61,122.88,6573801,Consumer Staples
2023-08-04,PG,122.87,124.17,121.8,123.1,8272062,Consumer Staples
2023-08-07,PG,123.47,124.29,122.8,123.62,6543521,Consumer Staples
2023-08-08,PG,122.56,124.29,120.25,121.97,7967686,Consumer Staples
2023-08-09,PG,120.36,121.89,118.99,120.52,9370983,Consumer Staples
2023-08-10,PG,119.13,119.85,117.86,118.58,7444068,Consumer Staples
2023-08-11,PG,119.28,120.44,117.57,118.72,10163364,Consumer Staples
2023-08-14,PG,117.87,120.17,116.15,118.44,9179808,Consumer Staples
2023-08-15,PG,117.76,119.07,116.58,117.89,6083396,Consumer Staples
2023-08-16,PG,117.84,119.35,116.04,117.55,6683308,Consumer Staples
2023-08-17,PG,118.2,120.82,115.94,118.56,5597877,Consumer Staples
2023-08-18,PG,117.99,119.72,115.86,117.58,10253947,Consumer Staples
2023-08-21,PG,118.17,120.49,116.22,118.53,10382721,Consumer Staples
2023-08-22,PG,116.56,119.15,114.37,116.95,8183625,Consumer Staples
2023-08-23,PG,117.24,118.87,115.68,117.31,10417476,Consumer Staples
2023-08-24,PG,118.0,118.7,117.16,117.85,6327844,Consumer Staples
2023-08-25,PG,117.86,119.38,116.01,117.53,6545315,Consumer Staples
2023-08-28,PG,119.91,121.22,118.07,119.37,9247773,Consumer Staples
2023-08-29,PG,120.59,122.57,118.95,120.93,7482853,Consumer Staples
2023-08-30,PG,119.96,121.95,117.59,119.58,6534182,Consumer Staples
2023-08-31,PG,119.51,121.79,117.73,120.0,5371864,Consumer Staples
2023-09-01,PG,119.53,121.45,117.95,119.86,5664288,Consumer Staples
2023-09-04,PG,120.03,121.94,118.12,120.03,9430454,Consumer Staples
2023-09-05,PG,118.99,120.77,116.94,118.72,6863643,Consumer Staples
2023-09-06,PG,118.4,119.46,117.22,118.28,6300431,Consumer Staples
2023-09-07,PG,117.85,119.88,115.79,117.82,6441697,Consumer Staples
2023-09-08,PG,119.72,121.44,117.48,119.19,5680997,Consumer Staples
2023-09-11,PG,121.18,121.98,119.96,120.76,5825367,Consumer Staples
2023-09-12,PG,120.53,121.38,119.86,120.71,7700205,Consumer Staples
2023-09-13,PG,120.84,122.48,119.19,120.83,10044218,Consumer Staples
2023-09-14,PG,120.75,122.75,118.18,120.17,7751390,Consumer Staples
2023-09-15,PG,118.5,119.24,117.22,117.96,5271594,Consumer Staples
2023-09-18,PG,119.37,121.93,117.38,119.93,9246374,Consumer Staples
2023-09-19,PG,117.82,120.2,115.57,117.95,6515065,Consumer Staples
2023-09-20,PG,117.51,118.51,116.52,117.52,6147156,Consumer Staples
2023-09-21,PG,116.7,118.61,114.94,116.85,6946324,Consumer Staples
2023-09-22,PG,116.88,118.27,115.44,116.83,5995133,Consumer Staples
2023-09-25,PG,117.71,119.55,115.43,117.26,6709431,Consumer Staples
2023-09-26,PG,118.48,119.39,117.26,118.17,6213594,Consumer Staples
2023-09-27,PG,116.26,116.91,115.47,116.12,6508694,Consumer Staples
2023-09-28,PG,115.93,116.81,114.5,115.37,6782291,Consumer Staples
2023-09-29,PG,115.03,117.54,112.9,115.4,9549629,Consumer Staples
2023-10-02,PG,115.0,116.94,113.56,115.49,9101427,Consumer Staples
2023-10-03,PG,117.0,119.56,114.85,117.4,9059348,Consumer Staples
2023-10-04,PG,119.1,120.49,117.41,118.8,8998121,Consumer Staples
2023-10-05,PG,117.18,118.19,116.55,117.56,7722893,Consumer Staples
2023-10-06,PG,118.25,120.69,116.0,118.44,8551585,Consumer Staples
2023-10-09,PG,118.69,119.3,117.83,118.44,8416108,Consumer Staples
2023-10-10,PG,118.37,120.23,116.04,117.89,6019119,Consumer Staples
2023-10-11,PG,118.88,119.94,117.23,118.29,6070490,Consumer Staples
2023-10-12,PG,119.03,120.91,116.88,118.76,8835717,Consumer Staples
2023-10-13,PG,119.54,120.89,118.53,119.88,8748290,Consumer Staples
2023-10-16,PG,122.26,123.21,121.11,122.06,7835773,Consumer Staples
2023-10-17,PG,121.59,123.15,120.28,121.83,10224778,Consumer Staples
2023-10-18,PG,122.85,124.4,121.22,122.77,10233594,Consumer Staples
2023-10-19,PG,123.94,125.78,121.55,123.38,5808425,Consumer Staples
2023-10-20,PG,124.47,126.89,122.27,124.68,9505059,Consumer Staples
2023-10-23,PG,124.57,127.09,122.35,124.86,7396360,Consumer Staples
2023-10-24,PG,124.39,126.87,122.41,124.89,9216551,Consumer Staples
2023-10-25,PG,124.3,125.13,122.97,123.79,6700781,Consumer Staples
2023-10-26,PG,123.95,126.13,122.26,124.43,6664839,Consumer Staples
2023-10-27,PG,123.23,124.61,121.87,123.25,5250354,Consumer Staples
2023-10-30,PG,124.01,126.9,121.74,124.62,9311843,Consumer Staples
2023-10-31,PG,124.52,126.02,122.99,124.49,6343393,Consumer Staples
2023-11-01,PG,127.54,129.34,125.69,127.49,6112241,Consumer Staples
2023-11-02,PG,125.84,127.47,124.76,126.39,5597988,Consumer Staples
2023-11-03,PG,123.56,124.56,122.92,123.91,8818221,Consumer Staples
2023-11-06,PG,123.33,124.72,122.13,123.52,5942503,Consumer Staples
2023-11-07,PG,123.66,125.55,121.97,123.86,8800663,Consumer Staples
2023-11-08,PG,122.76,124.74,120.68,122.66,6699365,Consumer Staples
2023-11-09,PG,120.65,122.48,119.13,120.95,9990292,Consumer Staples
2023-11-10,PG,122.55,124.58,120.53,122.56,10318650,Consumer Staples
2023-11-13,PG,123.03,124.87,121.41,123.24,5751203,Consumer Staples
2023-11-14,PG,124.16,125.79,122.08,123.71,9800273,Consumer Staples
2023-11-15,PG,122.41,124.26,120.69,122.54,8664055,Consumer Staples
2023-11-16,PG,123.24,125.38,121.21,123.35,7750334,Consumer Staples
2023-11-17,PG,122.95,124.82,120.63,122.49,9402804,Consumer Staples
2023-11-20,PG,119.1,120.19,118.46,119.55,9727085,Consumer Staples
2023-11-21,PG,120.41,122.65,118.3,120.54,8317459,Consumer Staples
2023-11-22,PG,119.7,121.92,116.99,119.21,9361237,Consumer Staples
2023-11-23,PG,117.99,118.95,116.76,117.72,5780766,Consumer Staples
2023-11-24,PG,115.46,118.0,113.33,115.87,8727330,Consumer Staples
2023-11-27,PG,114.94,116.57,113.0,114.62,8145781,Consumer Staples
2023-11-28,PG,115.11,115.79,114.19,114.87,7261561,Consumer Staples
2023-11-29,PG,115.05,116.18,113.37,114.49,8349598,Consumer Staples
2023-11-30,PG,113.43,115.21,111.62,113.4,9292356,Consumer Staples
2023-12-01,PG,113.78,115.63,111.75,113.6,10488151,Consumer Staples
2023-12-04,PG,114.65,116.01,113.05,114.41,9438334,Consumer Staples
2023-12-05,PG,114.43,115.7,113.21,114.48,10338128,Consumer Staples
2023-12-06,PG,112.16,112.97,111.54,112.35,7802618,Consumer Staples
2023-12-07,PG,113.8,114.37,112.78,113.35,6752783,Consumer Staples
2023-12-08,PG,113.09,114.09,111.73,112.73,6709411,Consumer Staples
2023-12-11,PG,112.33,114.0,110.31,111.97,9410503,Consumer Staples
2023-12-12,PG,111.02,113.34,109.16,111.48,5669196,Consumer Staples
2023-12-13,PG,110.49,112.08,109.43,111.01,7877256,Consumer Staples
2023-12-14,PG,112.34,113.57,111.05,112.28,6818639,Consumer Staples
2023-12-15,PG,113.52,115.11,112.13,113.71,6274842,Consumer Staples
2023-12-18,PG,112.95,114.61,111.09,112.75,9603466,Consumer Staples
2023-12-19,PG,112.85,114.89,110.58,112.62,8859364,Consumer Staples
2023-12-20,PG,112.72,113.82,112.06,113.16,9515954,Consumer Staples
2023-12-21,PG,113.16,114.28,112.2,113.32,6012811,Consumer Staples
2023-12-22,PG,114.54,115.45,113.32,114.23,6624763,Consumer Staples
2023-12-25,PG,114.45,116.2,113.11,114.85,8809132,Consumer Staples
2023-12-26,PG,112.74,114.7,110.94,112.9,9369919,Consumer Staples
2023-12-27,PG,113.22,114.19,112.03,113.0,9082314,Consumer Staples
2023-12-28,PG,113.7,116.24,111.48,114.01,5741980,Consumer Staples
2023-12-29,PG,113.35,114.8,112.34,113.78,6140895,Consumer Staples
2021-01-04,TSLA,239.79,242.4,237.39,240.0,119934626,Automotive/Tech
2021-01-05,TSLA,230.66,232.49,227.76,229.58,114039652,Automotive/Tech
2021-01-06,TSLA,224.59,228.68,219.55,223.63,110454195,Automotive/Tech
2021-01-07,TSLA,221.35,225.22,217.62,221.49,95158364,Automotive/Tech
2021-01-08,TSLA,240.71,245.58,236.14,241.0,65642665,Automotive/Tech
2021-01-11,TSLA,248.35,252.43,244.09,248.17,114337185,Automotive/Tech
2021-01-12,TSLA,247.42,248.94,245.6,247.12,78605470,Automotive/Tech
2021-01-13,TSLA,234.84,240.13,230.48,235.76,116113364,Automotive/Tech
2021-01-14,TSLA,229.2,231.75,227.75,230.29,77808744,Automotive/Tech
2021-01-15,TSLA,235.13,237.48,232.48,234.83,71298649,Automotive/Tech
2021-01-18,TSLA,246.27,249.86,243.42,247.0,116884109,Automotive/Tech
2021-01-19,TSLA,250.3,252.08,248.88,250.66,102776567,Automotive/Tech
2021-01-20,TSLA,254.16,258.91,248.5,253.23,119397095,Automotive/Tech
2021-01-21,TSLA,258.68,260.22,256.27,257.8,112134492,Automotive/Tech
2021-01-22,TSLA,250.75,255.88,246.1,251.22,120441201,Automotive/Tech
2021-01-25,TSLA,268.55,271.51,265.23,268.19,89723276,Automotive/Tech
2021-01-26,TSLA,266.86,269.91,263.7,266.74,85423382,Automotive/Tech
2021-01-27,TSLA,277.53,282.22,272.48,277.16,106454612,Automotive/Tech
2021-01-28,TSLA,277.81,280.16,274.17,276.51,104591094,Automotive/Tech
2021-01-29,TSLA,277.3,279.51,274.41,276.61,73943988,Automotive/Tech
2021-02-01,TSLA,258.78,260.32,257.17,258.71,97872009,Automotive/Tech
2021-02-02,TSLA,269.6,272.13,267.49,270.01,122583465,Automotive/Tech
2021-02-03,TSLA,278.5,282.05,275.92,279.46,125531403,Automotive/Tech
2021-02-04,TSLA,274.48,277.1,271.38,273.99,77588291,Automotive/Tech
2021-02-05,TSLA,269.31,273.19,265.74,269.62,123579493,Automotive/Tech
2021-02-08,TSLA,269.98,273.08,266.65,269.75,122520274,Automotive/Tech
2021-02-09,TSLA,277.42,284.06,271.92,278.53,115562204,Automotive/Tech
2021-02-10,TSLA,283.09,286.13,279.78,282.82,86628028,Automotive/Tech
2021-02-11,TSLA,299.55,303.89,296.25,300.58,99084286,Automotive/Tech
2021-02-12,TSLA,291.95,296.73,288.1,292.86,97129017,Automotive/Tech
2021-02-15,TSLA,294.28,300.05,287.9,293.65,93301901,Automotive/Tech
2021-02-16,TSLA,302.24,307.9,296.35,302.01,71508023,Automotive/Tech
2021-02-17,TSLA,296.74,301.62,292.82,297.69,111352804,Automotive/Tech
2021-02-18,TSLA,322.59,329.34,316.3,323.04,90399826,Automotive/Tech
2021-02-19,TSLA,319.91,324.23,316.29,320.6,113033337,Automotive/Tech
2021-02-22,TSLA,320.41,326.4,315.84,321.81,115844799,Automotive/Tech
2021-02-23,TSLA,316.98,319.45,313.01,315.47,86729777,Automotive/Tech
2021-02-24,TSLA,328.27,334.36,323.59,329.66,84713786,Automotive/Tech
2021-02-25,TSLA,340.43,346.31,334.63,340.51,119990019,Automotive/Tech
2021-02-26,TSLA,339.02,343.64,332.97,337.57,124904424,Automotive/Tech
2021-03-01,TSLA,335.0,338.96,330.83,334.78,115600000,Automotive/Tech
2021-03-02,TSLA,334.14,336.92,330.17,332.94,100290968,Automotive/Tech
2021-03-03,TSLA,314.21,320.55,309.22,315.54,111269824,Automotive/Tech
2021-03-04,TSLA,312.38,315.4,308.42,311.43,95076609,Automotive/Tech
2021-03-05,TSLA,290.13,292.78,286.19,288.82,111198931,Automotive/Tech
2021-03-08,TSLA,279.45,285.37,273.92,279.83,103900836,Automotive/Tech
2021-03-09,TSLA,298.36,302.59,293.58,297.8,65413943,Automotive/Tech
2021-03-10,TSLA,301.23,304.05,297.19,300.0,89700663,Automotive/Tech
2021-03-11,TSLA,289.83,296.3,284.2,290.66,125837710,Automotive/Tech
2021-03-12,TSLA,289.15,293.62,283.89,288.35,88002253,Automotive/Tech
2021-03-15,TSLA,269.88,274.9,264.74,269.76,105899117,Automotive/Tech
2021-03-16,TSLA,275.17,276.94,273.05,274.81,118381976,Automotive/Tech
2021-03-17,TSLA,276.34,278.46,273.56,275.68,64600247,Automotive/Tech
2021-03-18,TSLA,274.8,279.99,268.31,273.48,85313344,Automotive/Tech
2021-03-19,TSLA,282.68,284.55,280.37,282.23,64879574,Automotive/Tech
2021-03-22,TSLA,290.96,295.2,287.4,291.63,92820360,Automotive/Tech
2021-03-23,TSLA,280.6,283.35,279.12,281.86,64006477,Automotive/Tech
2021-03-24,TSLA,287.33,291.44,283.06,287.16,77688953,Automotive/Tech
2021-03-25,TSLA,283.72,287.89,278.48,282.63,80471292,Automotive/Tech
2021-03-26,TSLA,284.78,289.76,279.35,284.32,65130687,Automotive/Tech
2021-03-29,TSLA,276.44,279.38,273.48,276.42,109097048,Automotive/Tech
2021-03-30,TSLA,256.46,258.85,252.85,255.23,106126003,Automotive/Tech
2021-03-31,TSLA,252.32,256.02,249.65,253.34,74426168,Automotive/Tech
2021-04-01,TSLA,250.91,254.01,247.82,250.92,111366282,Automotive/Tech
2021-04-02,TSLA,247.5,252.19,243.57,248.24,100482267,Automotive/Tech
2021-04-05,TSLA,244.63,246.18,243.33,244.88,111138630,Automotive/Tech
2021-04-06,TSLA,258.59,261.43,254.9,257.73,124497783,Automotive/Tech
2021-04-07,TSLA,244.39,248.72,240.94,245.26,86919664,Automotive/Tech
2021-04-08,TSLA,257.48,258.8,255.9,257.22,114758815,Automotive/Tech
2021-04-09,TSLA,259.07,262.81,254.6,258.33,113393947,Automotive/Tech
2021-04-12,TSLA,255.32,260.47,250.78,255.92,117889916,Automotive/Tech
2021-04-13,TSLA,260.88,265.3,257.02,261.43,125199567,Automotive/Tech
2021-04-14,TSLA,256.21,261.14,251.09,256.02,116122127,Automotive/Tech
2021-04-15,TSLA,245.5,247.9,243.31,245.71,74590220,Automotive/Tech
2021-04-16,TSLA,259.69,263.02,256.37,259.7,76407233,Automotive/Tech
2021-04-19,TSLA,273.09,278.28,268.97,274.14,66886561,Automotive/Tech
2021-04-20,TSLA,270.76,273.92,267.84,271.0,83143658,Automotive/Tech
2021-04-21,TSLA,259.4,262.12,257.1,259.82,73292661,Automotive/Tech
2021-04-22,TSLA,238.4,241.03,234.82,237.44,77138893,Automotive/Tech
2021-04-23,TSLA,244.19,248.81,240.46,245.07,85296117,Automotive/Tech
2021-04-26,TSLA,241.53,243.9,238.12,240.48,89962869,Automotive/Tech
2021-04-27,TSLA,251.69,255.56,247.57,251.43,71884894,Automotive/Tech
2021-04-28,TSLA,248.64,253.77,243.89,249.02,65819776,Automotive/Tech
2021-04-29,TSLA,255.46,258.31,253.03,255.88,68842955,Automotive/Tech
2021-04-30,TSLA,269.33,273.6,265.48,269.74,102635480,Automotive/Tech
2021-05-03,TSLA,268.33,269.7,265.68,267.04,73742530,Automotive/Tech
2021-05-04,TSLA,270.99,275.03,266.38,270.41,73811326,Automotive/Tech
2021-05-05,TSLA,274.63,277.43,272.8,275.59,78549550,Automotive/Tech
2021-05-06,TSLA,265.21,267.21,262.76,264.75,89512491,Automotive/Tech
2021-05-07,TSLA,255.08,259.59,251.75,256.24,117258684,Automotive/Tech
2021-05-10,TSLA,254.07,256.35,252.15,254.43,67529803,Automotive/Tech
2021-05-11,TSLA,266.09,267.97,263.78,265.65,106632981,Automotive/Tech
2021-05-12,TSLA,256.47,260.36,252.46,256.34,123008864,Automotive/Tech
2021-05-13,TSLA,247.26,250.51,244.14,247.39,78595370,Automotive/Tech
2021-05-14,TSLA,260.39,262.08,258.57,260.26,82838081,Automotive/Tech
2021-05-17,TSLA,267.99,272.24,264.54,268.78,115804878,Automotive/Tech
2021-05-18,TSLA,264.24,270.0,258.96,264.71,116066639,Automotive/Tech
2021-05-19,TSLA,285.03,290.19,278.49,283.62,84591368,Automotive/Tech
2021-05-20,TSLA,292.71,298.31,287.93,293.51,102362148,Automotive/Tech
2021-05-21,TSLA,292.03,296.58,286.79,291.33,76051846,Automotive/Tech
2021-05-24,TSLA,273.34,278.41,268.49,273.56,76631279,Automotive/Tech
2021-05-25,TSLA,289.02,292.82,284.19,287.97,123926538,Automotive/Tech
2021-05-26,TSLA,266.0,271.66,261.68,267.32,71486147,Automotive/Tech
2021-05-27,TSLA,256.52,259.13,254.94,257.55,87131202,Automotive/Tech
2021-05-28,TSLA,265.54,269.26,262.86,266.57,118580827,Automotive/Tech
2021-05-31,TSLA,267.86,271.67,263.27,267.07,86407611,Automotive/Tech
2021-06-01,TSLA,261.67,265.07,258.75,262.15,90620876,Automotive/Tech
2021-06-02,TSLA,274.42,278.32,270.54,274.44,115788771,Automotive/Tech
2021-06-03,TSLA,272.4,277.52,267.36,272.48,78104122,Automotive/Tech
2021-06-04,TSLA,277.35,282.67,271.39,276.7,103328006,Automotive/Tech
2021-06-07,TSLA,280.79,286.55,276.25,281.99,67260458,Automotive/Tech
2021-06-08,TSLA,277.67,280.68,275.64,278.65,89502239,Automotive/Tech
2021-06-09,TSLA,285.76,287.86,282.65,284.75,99420106,Automotive/Tech
2021-06-10,TSLA,272.99,277.06,270.12,274.17,100234751,Automotive/Tech
2021-06-11,TSLA,263.45,265.23,261.04,262.81,113573760,Automotive/Tech
2021-06-14,TSLA,277.72,282.37,274.07,278.7,112572351,Automotive/Tech
2021-06-15,TSLA,291.08,294.7,288.28,291.89,92645068,Automotive/Tech
2021-06-16,TSLA,289.31,295.36,283.86,289.9,120051445,Automotive/Tech
2021-06-17,TSLA,285.22,288.07,283.56,286.41,107009344,Automotive/Tech
2021-06-18,TSLA,282.76,285.51,280.54,283.28,71591497,Automotive/Tech
2021-06-21,TSLA,273.89,277.23,271.16,274.49,109389271,Automotive/Tech
2021-06-22,TSLA,293.38,297.94,287.51,292.05,108638566,Automotive/Tech
2021-06-23,TSLA,282.4,286.76,277.5,281.85,118626949,Automotive/Tech
2021-06-24,TSLA,279.2,282.4,276.56,279.76,109696470,Automotive/Tech
2021-06-25,TSLA,277.37,279.71,273.9,276.23,96691248,Automotive/Tech
2021-06-28,TSLA,297.88,300.71,294.24,297.06,82676199,Automotive/Tech
2021-06-29,TSLA,302.47,308.35,295.17,301.02,105008163,Automotive/Tech
2021-06-30,TSLA,290.9,293.54,288.95,291.59,95471268,Automotive/Tech
2021-07-01,TSLA,275.71,281.5,270.81,276.58,69577417,Automotive/Tech
2021-07-02,TSLA,262.98,264.59,261.35,262.96,118736161,Automotive/Tech
2021-07-05,TSLA,267.63,269.91,266.12,268.4,106675191,Automotive/Tech
2021-07-06,TSLA,268.08,272.74,262.61,267.26,112459287,Automotive/Tech
2021-07-07,TSLA,272.39,274.56,270.5,272.67,125038913,Automotive/Tech
2021-07-08,TSLA,266.47,271.75,260.92,266.2,107683833,Automotive/Tech
2021-07-09,TSLA,265.17,270.41,260.06,265.3,71622612,Automotive/Tech
2021-07-12,TSLA,264.74,268.72,259.57,263.53,106923983,Automotive/Tech
2021-07-13,TSLA,256.89,261.47,252.51,257.09,69077178,Automotive/Tech
2021-07-14,TSLA,268.36,270.38,265.06,267.07,94070611,Automotive/Tech
2021-07-15,TSLA,273.49,274.91,270.84,272.25,94360134,Automotive/Tech
2021-07-16,TSLA,262.19,266.79,257.46,262.06,69407243,Automotive/Tech
2021-07-19,TSLA,276.42,280.35,271.14,275.05,65188480,Automotive/Tech
2021-07-20,TSLA,278.58,284.24,273.67,279.32,87813572,Automotive/Tech
2021-07-21,TSLA,310.55,313.84,306.04,309.32,94782629,Automotive/Tech
2021-07-22,TSLA,315.99,319.69,311.3,314.99,66081149,Automotive/Tech
2021-07-23,TSLA,287.74,290.94,285.93,289.12,106342922,Automotive/Tech
2021-07-26,TSLA,293.54,297.32,288.67,292.44,94407572,Automotive/Tech
2021-07-27,TSLA,329.14,331.88,325.41,328.14,81542402,Automotive/Tech
2021-07-28,TSLA,328.97,336.07,322.71,329.79,73566401,Automotive/Tech
2021-07-29,TSLA,325.03,330.55,321.0,326.5,65293938,Automotive/Tech
2021-07-30,TSLA,329.57,334.62,325.47,330.51,63589216,Automotive/Tech
2021-08-02,TSLA,321.96,325.07,318.92,322.03,87840188,Automotive/Tech
2021-08-03,TSLA,318.93,321.17,316.44,318.68,107750978,Automotive/Tech
2021-08-04,TSLA,326.72,332.02,321.78,327.07,71668557,Automotive/Tech
2021-08-05,TSLA,317.17,321.13,311.99,315.94,92529539,Automotive/Tech
2021-08-06,TSLA,318.11,321.94,315.59,319.41,122467378,Automotive/Tech
2021-08-09,TSLA,325.32,331.19,320.07,325.93,81607201,Automotive/Tech
2021-08-10,TSLA,325.09,332.15,319.1,326.14,96707349,Automotive/Tech
2021-08-11,TSLA,318.09,323.42,313.1,318.42,65513847,Automotive/Tech
2021-08-12,TSLA,321.73,324.44,317.74,320.44,95956494,Automotive/Tech
2021-08-13,TSLA,330.67,336.37,324.8,330.49,122446932,Automotive/Tech
2021-08-16,TSLA,340.68,347.09,334.33,340.74,83051263,Automotive/Tech
2021-08-17,TSLA,340.28,345.05,334.93,339.69,94396370,Automotive/Tech
2021-08-18,TSLA,343.02,350.07,337.07,344.11,84067945,Automotive/Tech
2021-08-19,TSLA,342.76,348.89,337.52,343.63,90710218,Automotive/Tech
2021-08-20,TSLA,359.89,366.89,352.45,359.44,122790605,Automotive/Tech
2021-08-23,TSLA,372.71,378.61,365.98,371.87,100287001,Automotive/Tech
2021-08-24,TSLA,376.12,378.8,373.37,376.05,78917970,Automotive/Tech
2021-08-25,TSLA,366.24,374.43,358.92,367.1,77533208,Automotive/Tech
2021-08-26,TSLA,351.02,356.06,345.94,350.98,64345233,Automotive/Tech
2021-08-27,TSLA,357.74,360.22,354.15,356.63,93472593,Automotive/Tech
2021-08-30,TSLA,362.72,365.46,360.11,362.85,78948392,Automotive/Tech
2021-08-31,TSLA,354.37,357.33,349.81,352.76,85807545,Automotive/Tech
2021-09-01,TSLA,376.81,378.96,372.91,375.05,113074893,Automotive/Tech
2021-09-02,TSLA,372.17,375.79,368.89,372.51,117324243,Automotive/Tech
2021-09-03,TSLA,363.37,367.13,359.37,363.13,96695982,Automotive/Tech
2021-09-06,TSLA,360.6,364.57,356.13,360.1,92817316,Automotive/Tech
2021-09-07,TSLA,364.88,366.82,361.81,363.74,70128814,Automotive/Tech
2021-09-08,TSLA,353.44,357.67,348.94,353.16,107446881,Automotive/Tech
2021-09-09,TSLA,340.48,344.28,335.89,339.68,71275055,Automotive/Tech
2021-09-10,TSLA,331.19,336.09,325.22,330.11,119034970,Automotive/Tech
2021-09-13,TSLA,342.94,348.28,338.24,343.58,73291460,Automotive/Tech
2021-09-14,TSLA,335.26,338.67,331.72,335.13,75368804,Automotive/Tech
2021-09-15,TSLA,351.17,357.94,343.03,349.78,65076303,Automotive/Tech
2021-09-16,TSLA,332.49,336.96,327.08,331.53,78459693,Automotive/Tech
2021-09-17,TSLA,335.93,340.57,331.61,336.25,75382414,Automotive/Tech
2021-09-20,TSLA,351.84,356.84,345.13,350.11,86013097,Automotive/Tech
2021-09-21,TSLA,316.62,321.38,312.41,317.17,118247762,Automotive/Tech
2021-09-22,TSLA,309.26,315.84,303.7,310.26,119696779,Automotive/Tech
2021-09-23,TSLA,321.08,324.72,318.74,322.38,104134880,Automotive/Tech
2021-09-24,TSLA,347.72,351.47,343.86,347.61,104111959,Automotive/Tech
2021-09-27,TSLA,349.3,352.05,347.28,350.02,92037097,Automotive/Tech
2021-09-28,TSLA,332.57,337.09,329.58,334.08,68460624,Automotive/Tech
2021-09-29,TSLA,344.8,350.67,337.54,343.39,72590698,Automotive/Tech
2021-09-30,TSLA,359.64,362.78,355.95,359.09,123119121,Automotive/Tech
2021-10-01,TSLA,377.18,380.76,372.27,375.84,94879552,Automotive/Tech
2021-10-04,TSLA,368.39,376.88,361.26,369.73,124341361,Automotive/Tech
2021-10-05,TSLA,360.77,364.96,354.97,359.14,91897483,Automotive/Tech
2021-10-06,TSLA,362.81,367.51,357.03,361.71,108525595,Automotive/Tech
2021-10-07,TSLA,352.94,358.28,347.9,353.23,112923617,Automotive/Tech
2021-10-08,TSLA,352.97,361.53,346.18,354.71,100034241,Automotive/Tech
2021-10-11,TSLA,344.38,350.58,337.66,343.85,113452243,Automotive/Tech
2021-10-12,TSLA,352.3,358.79,344.94,351.42,108172096,Automotive/Tech
2021-10-13,TSLA,367.54,374.7,359.08,366.21,114368805,Automotive/Tech
2021-10-14,TSLA,362.98,366.22,360.69,363.93,98075629,Automotive/Tech
2021-10-15,TSLA,358.35,364.68,352.74,359.06,68879671,Automotive/Tech
2021-10-18,TSLA,367.94,371.5,363.4,366.95,118276264,Automotive/Tech
2021-10-19,TSLA,337.65,344.38,331.34,338.06,86469930,Automotive/Tech
2021-10-20,TSLA,338.83,343.02,335.07,339.25,104970386,Automotive/Tech
2021-10-21,TSLA,332.22,337.28,328.77,333.82,90658549,Automotive/Tech
2021-10-22,TSLA,329.28,333.61,326.53,330.84,92663105,Automotive/Tech
2021-10-25,TSLA,314.79,317.49,312.24,314.94,80498249,Automotive/Tech
2021-10-26,TSLA,319.5,323.99,313.47,317.94,97475611,Automotive/Tech
2021-10-27,TSLA,302.77,307.22,297.08,301.51,86562026,Automotive/Tech
2021-10-28,TSLA,295.1,297.96,292.89,295.74,88376081,Automotive/Tech
2021-10-29,TSLA,293.89,299.68,289.58,295.35,116763142,Automotive/Tech
2021-11-01,TSLA,303.12,304.98,300.06,301.91,122814374,Automotive/Tech
2021-11-02,TSLA,295.65,301.52,288.89,294.74,71936898,Automotive/Tech
2021-11-03,TSLA,290.19,295.59,285.67,291.05,119519053,Automotive/Tech
2021-11-04,TSLA,271.67,274.79,269.02,272.14,120812157,Automotive/Tech
2021-11-05,TSLA,284.3,286.65,282.82,285.17,89581732,Automotive/Tech
2021-11-08,TSLA,279.18,283.51,274.45,278.77,105172948,Automotive/Tech
2021-11-09,TSLA,276.27,282.37,271.24,277.32,95896186,Automotive/Tech
2021-11-10,TSLA,270.17,274.46,265.51,269.8,91243789,Automotive/Tech
2021-11-11,TSLA,273.86,276.52,272.42,275.07,70493303,Automotive/Tech
2021-11-12,TSLA,261.72,265.39,259.06,262.72,89843185,Automotive/Tech
2021-11-15,TSLA,280.79,282.95,277.86,280.01,117903719,Automotive/Tech
2021-11-16,TSLA,286.6,289.71,283.46,286.57,123070263,Automotive/Tech
2021-11-17,TSLA,284.49,288.2,279.4,283.09,71954252,Automotive/Tech
2021-11-18,TSLA,263.48,268.22,258.75,263.49,64430989,Automotive/Tech
2021-11-19,TSLA,272.72,278.06,266.14,271.46,87146062,Automotive/Tech
2021-11-22,TSLA,264.83,270.91,259.72,265.78,105846938,Automotive/Tech
2021-11-23,TSLA,264.02,266.78,261.94,264.69,112098258,Automotive/Tech
2021-11-24,TSLA,283.9,288.35,280.87,285.31,89097020,Automotive/Tech
2021-11-25,TSLA,284.63,287.03,281.72,284.11,75250267,Automotive/Tech
2021-11-26,TSLA,268.54,273.92,263.8,269.17,87760780,Automotive/Tech
2021-11-29,TSLA,279.76,282.41,276.71,279.36,69373303,Automotive/Tech
2021-11-30,TSLA,284.5,288.44,281.04,284.97,118700691,Automotive/Tech
2021-12-01,TSLA,287.01,288.76,284.32,286.07,73563870,Automotive/Tech
2021-12-02,TSLA,296.43,299.2,294.55,297.32,69467137,Automotive/Tech
2021-12-03,TSLA,304.35,308.25,298.99,302.87,65162623,Automotive/Tech
2021-12-06,TSLA,313.98,318.09,310.24,314.34,84395204,Automotive/Tech
2021-12-07,TSLA,316.86,320.02,312.46,315.61,64195497,Automotive/Tech
2021-12-08,TSLA,314.5,320.52,309.27,315.28,87147617,Automotive/Tech
2021-12-09,TSLA,315.93,320.13,312.36,316.55,68894208,Automotive/Tech
2021-12-10,TSLA,311.86,314.59,309.77,312.49,114773970,Automotive/Tech
2021-12-13,TSLA,301.57,303.69,298.73,300.84,81198792,Automotive/Tech
2021-12-14,TSLA,299.51,305.19,294.04,299.72,73818568,Automotive/Tech
2021-12-15,TSLA,295.57,302.4,289.72,296.53,98760048,Automotive/Tech
2021-12-16,TSLA,290.87,295.18,286.93,291.24,122943781,Automotive/Tech
2021-12-17,TSLA,280.64,285.6,274.78,279.72,124371571,Automotive/Tech
2021-12-20,TSLA,276.67,281.08,273.39,277.79,111223723,Automotive/Tech
2021-12-21,TSLA,284.84,288.78,281.79,285.72,93444582,Automotive/Tech
2021-12-22,TSLA,288.81,295.23,283.36,289.76,116468025,Automotive/Tech
2021-12-23,TSLA,288.29,292.6,285.04,289.34,116448085,Automotive/Tech
2021-12-24,TSLA,272.81,278.72,267.48,273.38,82122781,Automotive/Tech
2021-12-27,TSLA,293.87,297.06,289.77,292.95,63656283,Automotive/Tech
2021-12-28,TSLA,305.02,307.57,301.85,304.39,88555285,Automotive/Tech
2021-12-29,TSLA,311.7,314.8,307.45,310.54,120792036,Automotive/Tech
2021-12-30,TSLA,303.39,309.92,297.56,304.08,120488294,Automotive/Tech
2021-12-31,TSLA,306.52,312.52,301.6,307.58,101447011,Automotive/Tech
2022-01-03,TSLA,299.19,300.8,296.96,298.57,109214753,Automotive/Tech
2022-01-04,TSLA,303.88,310.01,298.76,304.88,102579746,Automotive/Tech
2022-01-05,TSLA,293.53,295.79,289.97,292.22,105525673,Automotive/Tech
2022-01-06,TSLA,301.9,304.8,299.96,302.85,104797986,Automotive/Tech
2022-01-07,TSLA,322.4,326.32,317.73,321.64,80689694,Automotive/Tech
2022-01-10,TSLA,310.18,315.82,305.57,311.19,97253746,Automotive/Tech
2022-01-11,TSLA,319.11,325.29,312.53,318.7,66149597,Automotive/Tech
2022-01-12,TSLA,337.9,345.78,331.2,339.06,108238353,Automotive/Tech
2022-01-13,TSLA,360.52,365.95,355.84,361.26,74170560,Automotive/Tech
2022-01-14,TSLA,344.07,346.71,340.21,342.84,117993488,Automotive/Tech
2022-01-17,TSLA,348.24,353.82,344.07,349.63,118702401,Automotive/Tech
2022-01-18,TSLA,355.35,359.95,350.98,355.57,88663492,Automotive/Tech
2022-01-19,TSLA,332.3,335.78,328.73,332.21,101086097,Automotive/Tech
2022-01-20,TSLA,340.49,344.57,335.07,339.14,83012657,Automotive/Tech
2022-01-21,TSLA,331.83,337.05,327.29,332.5,110461051,Automotive/Tech
2022-01-24,TSLA,324.31,327.44,322.19,325.32,113475688,Automotive/Tech
2022-01-25,TSLA,312.22,314.64,309.41,311.83,124125337,Automotive/Tech
2022-01-26,TSLA,315.08,320.13,311.03,316.07,83203535,Automotive/Tech
2022-01-27,TSLA,291.76,297.26,286.7,292.19,108581215,Automotive/Tech
2022-01-28,TSLA,290.25,295.09,285.41,290.25,112342443,Automotive/Tech
2022-01-31,TSLA,293.98,296.85,291.06,293.93,106253170,Automotive/Tech
2022-02-01,TSLA,299.25,302.19,297.0,299.93,104078306,Automotive/Tech
2022-02-02,TSLA,295.48,299.88,291.1,295.5,113121877,Automotive/Tech
2022-02-03,TSLA,289.45,292.99,284.82,288.35,109361916,Automotive/Tech
2022-02-04,TSLA,287.83,290.93,285.03,288.13,105064261,Automotive/Tech
2022-02-07,TSLA,298.06,304.53,292.57,299.02,95423802,Automotive/Tech
2022-02-08,TSLA,315.35,318.19,313.21,316.05,106216825,Automotive/Tech
2022-02-09,TSLA,314.43,316.37,311.98,313.92,119751100,Automotive/Tech
2022-02-10,TSLA,304.67,311.51,298.72,305.54,110180571,Automotive/Tech
2022-02-11,TSLA,318.41,325.76,312.39,319.72,89083487,Automotive/Tech
2022-02-14,TSLA,289.54,295.86,284.1,290.4,121826923,Automotive/Tech
2022-02-15,TSLA,286.55,291.41,282.85,287.7,91342270,Automotive/Tech
2022-02-16,TSLA,298.79,302.4,295.83,299.44,97112961,Automotive/Tech
2022-02-17,TSLA,310.19,314.05,306.39,310.25,68552929,Automotive/Tech
2022-02-18,TSLA,312.61,318.0,307.28,312.67,114717067,Automotive/Tech
2022-02-21,TSLA,291.53,297.13,286.47,292.06,63273817,Automotive/Tech
2022-02-22,TSLA,279.33,284.54,273.4,278.6,69756873,Automotive/Tech
2022-02-23,TSLA,276.5,282.14,272.21,277.83,64748821,Automotive/Tech
2022-02-24,TSLA,287.24,292.13,283.54,288.41,123753200,Automotive/Tech
2022-02-25,TSLA,265.01,269.89,259.74,264.61,67013665,Automotive/Tech
2022-02-28,TSLA,274.6,277.66,271.89,274.95,93295429,Automotive/Tech
2022-03-01,TSLA,278.92,281.02,276.6,278.7,90453550,Automotive/Tech
2022-03-02,TSLA,293.24,298.87,286.36,291.97,98624859,Automotive/Tech
2022-03-03,TSLA,289.8,295.12,285.55,290.85,77069364,Automotive/Tech
2022-03-04,TSLA,297.35,302.85,291.27,296.76,74934102,Automotive/Tech
2022-03-07,TSLA,288.83,292.74,283.68,287.58,84745779,Automotive/Tech
2022-03-08,TSLA,278.49,280.66,275.1,277.26,92059717,Automotive/Tech
2022-03-09,TSLA,278.46,282.25,275.32,279.11,119169873,Automotive/Tech
2022-03-10,TSLA,276.78,281.95,271.89,277.05,64928636,Automotive/Tech
2022-03-11,TSLA,276.03,280.15,272.8,276.91,71992246,Automotive/Tech
2022-03-14,TSLA,272.37,276.45,269.4,273.47,123320263,Automotive/Tech
2022-03-15,TSLA,286.81,288.73,285.17,287.09,73250270,Automotive/Tech
2022-03-16,TSLA,282.6,288.15,278.27,283.8,97448751,Automotive/Tech
2022-03-17,TSLA,288.7,293.49,282.64,287.41,107007236,Automotive/Tech
2022-03-18,TSLA,286.79,289.84,284.93,287.97,109090677,Automotive/Tech
2022-03-21,TSLA,300.85,303.49,298.37,301.01,124527129,Automotive/Tech
2022-03-22,TSLA,296.68,301.81,290.55,295.66,117228503,Automotive/Tech
2022-03-23,TSLA,302.62,306.95,297.57,301.88,85614537,Automotive/Tech
2022-03-24,TSLA,308.62,315.48,302.45,309.3,100170466,Automotive/Tech
2022-03-25,TSLA,308.92,312.98,306.07,310.12,98757906,Automotive/Tech
2022-03-28,TSLA,324.39,327.73,320.78,324.12,98196744,Automotive/Tech
2022-03-29,TSLA,324.87,330.38,320.6,326.1,90731388,Automotive/Tech
2022-03-30,TSLA,327.57,333.82,321.94,328.18,90961384,Automotive/Tech
2022-03-31,TSLA,334.24,338.39,328.9,333.03,104302785,Automotive/Tech
2022-04-01,TSLA,338.55,340.75,335.13,337.32,115420156,Automotive/Tech
2022-04-04,TSLA,351.44,357.29,345.71,351.56,110725359,Automotive/Tech
2022-04-05,TSLA,383.45,388.12,377.88,382.54,118446940,Automotive/Tech
2022-04-06,TSLA,391.98,399.36,384.78,392.16,117138588,Automotive/Tech
2022-04-07,TSLA,385.95,390.02,383.43,387.49,97540817,Automotive/Tech
2022-04-08,TSLA,385.44,392.5,379.74,386.78,92747342,Automotive/Tech
2022-04-11,TSLA,375.1,377.51,372.32,374.72,116870924,Automotive/Tech
2022-04-12,TSLA,378.17,384.71,372.09,378.63,125609009,Automotive/Tech
2022-04-13,TSLA,358.86,364.22,352.38,357.73,105190935,Automotive/Tech
2022-04-14,TSLA,372.71,380.11,364.15,371.52,95723662,Automotive/Tech
2022-04-15,TSLA,359.92,363.7,355.5,359.27,100183973,Automotive/Tech
2022-04-18,TSLA,367.19,373.08,361.89,367.77,90009890,Automotive/Tech
2022-04-19,TSLA,379.51,384.58,373.17,378.23,111063261,Automotive/Tech
2022-04-20,TSLA,372.93,376.41,370.4,373.88,64679436,Automotive/Tech
2022-04-21,TSLA,390.22,393.3,388.22,391.3,113357219,Automotive/Tech
2022-04-22,TSLA,400.75,408.63,393.31,401.18,98481511,Automotive/Tech
2022-04-25,TSLA,388.45,394.51,380.67,386.7,120514730,Automotive/Tech
2022-04-26,TSLA,386.62,389.87,384.36,387.6,66096106,Automotive/Tech
2022-04-27,TSLA,383.74,389.21,377.47,382.93,82421854,Automotive/Tech
2022-04-28,TSLA,377.87,384.78,371.14,378.05,125898035,Automotive/Tech
2022-04-29,TSLA,381.56,384.98,379.65,383.06,82012974,Automotive/Tech
2022-05-02,TSLA,371.62,373.62,368.58,370.57,66324622,Automotive/Tech
2022-05-03,TSLA,357.01,364.43,351.21,358.61,78921817,Automotive/Tech
2022-05-04,TSLA,340.36,346.36,332.86,338.83,89115159,Automotive/Tech
2022-05-05,TSLA,369.24,376.46,361.56,368.77,89197612,Automotive/Tech
2022-05-06,TSLA,373.51,380.66,367.14,374.28,79745164,Automotive/Tech
2022-05-09,TSLA,385.14,391.28,379.42,385.56,71562835,Automotive/Tech
2022-05-10,TSLA,388.65,390.98,385.2,387.53,105582376,Automotive/Tech
2022-05-11,TSLA,396.99,401.43,391.0,395.42,88883975,Automotive/Tech
2022-05-12,TSLA,398.49,404.73,390.66,396.87,115965073,Automotive/Tech
2022-05-13,TSLA,419.67,424.99,413.6,418.91,89060943,Automotive/Tech
2022-05-16,TSLA,416.94,424.1,410.81,417.95,90388753,Automotive/Tech
2022-05-17,TSLA,433.72,439.28,430.19,435.73,100078010,Automotive/Tech
2022-05-18,TSLA,426.19,435.91,418.53,428.22,75349873,Automotive/Tech
2022-05-19,TSLA,415.8,420.75,410.17,415.11,73787439,Automotive/Tech
2022-05-20,TSLA,433.77,436.31,431.15,433.69,114578711,Automotive/Tech
2022-05-23,TSLA,464.53,467.8,461.96,465.23,104801428,Automotive/Tech
2022-05-24,TSLA,494.9,499.66,491.45,496.21,96736036,Automotive/Tech
2022-05-25,TSLA,520.42,531.59,510.38,521.53,93714227,Automotive/Tech
2022-05-26,TSLA,544.79,550.78,536.66,542.63,67529061,Automotive/Tech
2022-05-27,TSLA,530.27,537.42,521.31,528.44,125251407,Automotive/Tech
2022-05-30,TSLA,524.04,532.79,515.93,524.67,88944934,Automotive/Tech
2022-05-31,TSLA,503.9,509.08,498.21,503.38,109582563,Automotive/Tech
2022-06-01,TSLA,494.29,503.25,485.74,494.7,108152635,Automotive/Tech
2022-06-02,TSLA,505.11,514.58,493.56,502.99,107353827,Automotive/Tech
2022-06-03,TSLA,517.84,525.38,510.15,517.68,74541453,Automotive/Tech
2022-06-06,TSLA,528.43,532.13,524.81,528.51,73044981,Automotive/Tech
2022-06-07,TSLA,509.51,516.47,501.82,508.77,96113782,Automotive/Tech
2022-06-08,TSLA,485.79,490.66,483.1,487.95,70140494,Automotive/Tech
2022-06-09,TSLA,475.22,478.69,469.45,472.9,84703186,Automotive/Tech
2022-06-10,TSLA,436.95,443.04,432.85,438.92,103025184,Automotive/Tech
2022-06-13,TSLA,444.81,452.86,438.23,446.26,120912217,Automotive/Tech
2022-06-14,TSLA,436.23,444.85,428.81,437.41,93608533,Automotive/Tech
2022-06-15,TSLA,445.11,451.08,439.82,445.79,114510986,Automotive/Tech
2022-06-16,TSLA,427.0,430.2,424.17,427.36,89965961,Automotive/Tech
2022-06-17,TSLA,453.09,458.54,446.03,451.46,76744512,Automotive/Tech
2022-06-20,TSLA,437.14,440.0,433.77,436.63,73951571,Automotive/Tech
2022-06-21,TSLA,458.59,461.74,455.78,458.93,76837725,Automotive/Tech
2022-06-22,TSLA,455.23,461.08,450.49,456.33,68836097,Automotive/Tech
2022-06-23,TSLA,442.56,450.62,436.63,444.66,123881646,Automotive/Tech
2022-06-24,TSLA,472.15,476.93,466.46,471.23,114052860,Automotive/Tech
2022-06-27,TSLA,502.07,506.68,496.22,500.82,115442513,Automotive/Tech
2022-06-28,TSLA,473.48,477.56,467.1,471.16,64303387,Automotive/Tech
2022-06-29,TSLA,475.41,479.33,470.17,474.08,75230254,Automotive/Tech
2022-06-30,TSLA,465.77,472.98,456.94,464.12,123430499,Automotive/Tech
2022-07-01,TSLA,460.86,466.44,453.14,458.7,88932204,Automotive/Tech
2022-07-04,TSLA,440.0,443.64,436.3,439.94,103938864,Automotive/Tech
2022-07-05,TSLA,440.53,445.76,435.01,440.24,89233778,Automotive/Tech
2022-07-06,TSLA,442.72,448.42,435.06,440.73,94489362,Automotive/Tech
2022-07-07,TSLA,433.24,437.05,428.32,432.12,84267820,Automotive/Tech
2022-07-08,TSLA,426.14,435.42,418.79,428.04,83927212,Automotive/Tech
2022-07-11,TSLA,431.2,435.78,428.43,433.0,104478542,Automotive/Tech
2022-07-12,TSLA,422.11,426.66,416.02,420.55,95533523,Automotive/Tech
2022-07-13,TSLA,436.17,440.28,431.11,435.21,102313057,Automotive/Tech
2022-07-14,TSLA,455.21,462.95,446.84,454.56,73521845,Automotive/Tech
2022-07-15,TSLA,479.01,486.75,471.8,479.53,92178010,Automotive/Tech
2022-07-18,TSLA,491.09,501.04,481.85,491.78,101553426,Automotive/Tech
2022-07-19,TSLA,491.05,498.2,485.92,493.05,91572096,Automotive/Tech
2022-07-20,TSLA,500.03,507.47,493.05,500.49,87611969,Automotive/Tech
2022-07-21,TSLA,480.81,491.44,472.49,483.08,81621879,Automotive/Tech
2022-07-22,TSLA,491.04,499.47,480.58,488.98,88974873,Automotive/Tech
2022-07-25,TSLA,500.75,511.47,491.57,502.26,76949905,Automotive/Tech
2022-07-26,TSLA,502.39,511.28,491.52,500.37,77036763,Automotive/Tech
2022-07-27,TSLA,474.35,479.11,471.56,476.3,79466992,Automotive/Tech
2022-07-28,TSLA,473.04,480.81,465.22,472.99,91702097,Automotive/Tech
2022-07-29,TSLA,494.45,501.25,485.75,492.53,68697113,Automotive/Tech
2022-08-01,TSLA,469.18,476.42,459.99,467.19,76441052,Automotive/Tech
2022-08-02,TSLA,451.87,459.81,443.06,450.98,63911517,Automotive/Tech
2022-08-03,TSLA,451.53,455.36,447.23,451.05,94651221,Automotive/Tech
2022-08-04,TSLA,450.71,457.76,444.89,451.92,105525218,Automotive/Tech
2022-08-05,TSLA,454.34,458.93,450.25,454.84,86241702,Automotive/Tech
2022-08-08,TSLA,432.83,441.16,426.3,434.61,75949139,Automotive/Tech
2022-08-09,TSLA,428.99,434.13,425.55,430.68,76078483,Automotive/Tech
2022-08-10,TSLA,479.99,486.76,472.12,478.88,104599117,Automotive/Tech
2022-08-11,TSLA,498.96,507.28,492.91,501.2,123417441,Automotive/Tech
2022-08-12,TSLA,502.93,506.71,498.3,502.08,120512108,Automotive/Tech
2022-08-15,TSLA,505.73,515.0,497.91,507.16,82895166,Automotive/Tech
2022-08-16,TSLA,494.26,496.96,491.01,493.7,101618557,Automotive/Tech
2022-08-17,TSLA,461.45,471.09,454.12,463.72,114524001,Automotive/Tech
2022-08-18,TSLA,486.79,496.4,478.96,488.54,84900476,Automotive/Tech
2022-08-19,TSLA,482.83,489.89,475.79,482.85,70250938,Automotive/Tech
2022-08-22,TSLA,492.04,495.14,487.56,490.66,72825928,Automotive/Tech
2022-08-23,TSLA,488.73,492.44,483.43,487.12,101564796,Automotive/Tech
2022-08-24,TSLA,528.66,536.21,521.22,528.77,98846685,Automotive/Tech
2022-08-25,TSLA,544.06,551.69,533.93,541.53,77047318,Automotive/Tech
2022-08-26,TSLA,531.54,538.29,527.17,533.9,104466524,Automotive/Tech
2022-08-29,TSLA,529.66,538.77,522.65,531.73,85965952,Automotive/Tech
2022-08-30,TSLA,538.69,543.74,534.55,539.6,122929642,Automotive/Tech
2022-08-31,TSLA,524.05,534.67,516.06,526.64,78908008,Automotive/Tech
2022-09-01,TSLA,540.61,543.4,536.67,539.45,92573573,Automotive/Tech
2022-09-02,TSLA,544.73,555.58,532.64,543.46,95628515,Automotive/Tech
2022-09-05,TSLA,555.26,564.74,544.67,554.13,78357899,Automotive/Tech
2022-09-06,TSLA,563.15,570.44,555.54,562.83,91427597,Automotive/Tech
2022-09-07,TSLA,561.16,567.05,556.85,562.72,80705986,Automotive/Tech
2022-09-08,TSLA,542.58,545.38,537.55,540.33,106224047,Automotive/Tech
2022-09-09,TSLA,532.37,540.54,523.83,531.99,106426580,Automotive/Tech
2022-09-12,TSLA,549.47,560.95,538.63,550.1,107889111,Automotive/Tech
2022-09-13,TSLA,579.05,585.07,571.01,577.01,117055802,Automotive/Tech
2022-09-14,TSLA,571.5,584.98,560.91,574.34,81786061,Automotive/Tech
2022-09-15,TSLA,580.39,584.73,576.32,580.66,94213327,Automotive/Tech
2022-09-16,TSLA,573.53,578.6,567.19,572.25,79995492,Automotive/Tech
2022-09-19,TSLA,580.78,593.04,570.44,582.66,86135823,Automotive/Tech
2022-09-20,TSLA,560.08,568.11,551.47,559.49,67915834,Automotive/Tech
2022-09-21,TSLA,610.76,621.57,599.36,610.16,117801151,Automotive/Tech
2022-09-22,TSLA,578.59,589.01,567.9,578.32,120379231,Automotive/Tech
2022-09-23,TSLA,594.96,605.51,581.75,592.25,116581399,Automotive/Tech
2022-09-26,TSLA,559.98,569.85,550.28,560.15,76357956,Automotive/Tech
2022-09-27,TSLA,570.12,580.76,558.23,568.85,80750115,Automotive/Tech
2022-09-28,TSLA,556.95,562.58,550.3,555.92,93102490,Automotive/Tech
2022-09-29,TSLA,537.57,542.86,534.23,539.5,109975867,Automotive/Tech
2022-09-30,TSLA,527.63,532.87,522.35,527.59,111297153,Automotive/Tech
2022-10-03,TSLA,551.38,562.22,542.41,553.22,69198813,Automotive/Tech
2022-10-04,TSLA,573.76,581.72,564.44,572.38,72389515,Automotive/Tech
2022-10-05,TSLA,588.43,594.66,580.06,586.26,122486057,Automotive/Tech
2022-10-06,TSLA,602.68,612.37,595.56,605.22,79234876,Automotive/Tech
2022-10-07,TSLA,637.8,644.9,632.38,639.47,94114547,Automotive/Tech
2022-10-10,TSLA,646.3,657.67,637.41,648.75,119029428,Automotive/Tech
2022-10-11,TSLA,627.92,636.9,618.34,627.31,125198576,Automotive/Tech
2022-10-12,TSLA,627.21,636.26,615.52,624.53,81034189,Automotive/Tech
2022-10-13,TSLA,631.16,636.59,625.63,631.06,95042363,Automotive/Tech
2022-10-14,TSLA,623.38,628.61,616.92,622.14,64866930,Automotive/Tech
2022-10-17,TSLA,654.0,664.33,643.95,654.28,106407473,Automotive/Tech
2022-10-18,TSLA,669.81,677.95,658.53,666.63,84085151,Automotive/Tech
2022-10-19,TSLA,694.39,711.19,680.68,697.42,106076928,Automotive/Tech
2022-10-20,TSLA,690.71,698.87,680.36,688.49,112745812,Automotive/Tech
2022-10-21,TSLA,700.19,714.99,688.28,703.04,114809039,Automotive/Tech
2022-10-24,TSLA,689.71,698.69,684.05,693.0,76717539,Automotive/Tech
2022-10-25,TSLA,698.09,706.6,687.91,696.4,76773846,Automotive/Tech
2022-10-26,TSLA,722.07,726.9,716.19,721.02,124985576,Automotive/Tech
2022-10-27,TSLA,751.1,761.63,739.16,749.67,98353548,Automotive/Tech
2022-10-28,TSLA,738.7,751.06,722.9,735.2,97280141,Automotive/Tech
2022-10-31,TSLA,696.07,703.9,685.77,693.57,124092885,Automotive/Tech
2022-11-01,TSLA,694.7,699.52,689.34,694.16,112924979,Automotive/Tech
2022-11-02,TSLA,698.55,708.27,689.47,699.18,104279478,Automotive/Tech
2022-11-03,TSLA,690.84,698.14,684.59,691.88,125513429,Automotive/Tech
2022-11-04,TSLA,690.5,700.54,677.92,687.93,113889416,Automotive/Tech
2022-11-07,TSLA,696.55,706.85,683.92,694.18,81090985,Automotive/Tech
2022-11-08,TSLA,670.33,680.09,659.97,669.72,102212434,Automotive/Tech
2022-11-09,TSLA,661.71,668.18,656.73,663.19,81059474,Automotive/Tech
2022-11-10,TSLA,690.92,700.61,678.02,687.67,123106255,Automotive/Tech
2022-11-11,TSLA,681.88,688.95,676.15,683.21,65271899,Automotive/Tech
2022-11-14,TSLA,662.4,669.67,652.94,660.19,120692359,Automotive/Tech
2022-11-15,TSLA,629.39,636.26,624.01,630.87,76913538,Automotive/Tech
2022-11-16,TSLA,648.57,655.22,639.97,646.6,103752020,Automotive/Tech
2022-11-17,TSLA,637.31,648.01,626.09,636.78,79237183,Automotive/Tech
2022-11-18,TSLA,643.9,652.53,638.48,647.08,112201874,Automotive/Tech
2022-11-21,TSLA,656.56,668.19,643.21,654.8,67687329,Automotive/Tech
2022-11-22,TSLA,657.11,670.96,646.31,660.11,69652363,Automotive/Tech
2022-11-23,TSLA,663.37,671.23,655.67,663.53,114415474,Automotive/Tech
2022-11-24,TSLA,660.52,672.89,650.48,662.82,77247247,Automotive/Tech
2022-11-25,TSLA,626.06,634.25,620.25,628.42,81121627,Automotive/Tech
2022-11-28,TSLA,644.47,656.43,634.2,646.14,115627657,Automotive/Tech
2022-11-29,TSLA,598.25,606.53,591.05,599.31,88982340,Automotive/Tech
2022-11-30,TSLA,586.07,595.24,576.8,585.97,63458555,Automotive/Tech
2022-12-01,TSLA,583.22,596.79,572.24,585.76,122133144,Automotive/Tech
2022-12-02,TSLA,556.36,559.38,551.85,554.86,96684506,Automotive/Tech
2022-12-05,TSLA,564.5,574.06,557.4,566.92,78040935,Automotive/Tech
2022-12-06,TSLA,540.25,549.25,529.17,538.14,96334476,Automotive/Tech
2022-12-07,TSLA,527.67,535.46,522.23,530.0,105977247,Automotive/Tech
2022-12-08,TSLA,512.31,519.32,507.61,514.6,104948658,Automotive/Tech
2022-12-09,TSLA,531.66,540.83,525.13,534.27,69988214,Automotive/Tech
2022-12-12,TSLA,512.27,522.48,504.34,514.51,117555673,Automotive/Tech
2022-12-13,TSLA,509.54,516.59,504.61,511.64,110864714,Automotive/Tech
2022-12-14,TSLA,540.52,548.54,533.57,541.57,88584195,Automotive/Tech
2022-12-15,TSLA,538.92,541.79,535.18,538.04,86043742,Automotive/Tech
2022-12-16,TSLA,542.59,551.11,533.39,541.9,104029013,Automotive/Tech
2022-12-19,TSLA,559.37,568.82,549.2,558.64,89379733,Automotive/Tech
2022-12-20,TSLA,544.22,552.23,538.32,546.3,112104935,Automotive/Tech
2022-12-21,TSLA,539.02,549.26,530.17,540.39,117348960,Automotive/Tech
2022-12-22,TSLA,514.42,521.65,507.3,514.53,64102267,Automotive/Tech
2022-12-23,TSLA,520.93,526.53,514.61,520.2,68654113,Automotive/Tech
2022-12-26,TSLA,519.62,525.8,510.92,517.07,108141934,Automotive/Tech
2022-12-27,TSLA,557.16,564.52,549.63,556.98,65757200,Automotive/Tech
2022-12-28,TSLA,581.48,592.74,567.79,579.0,105991496,Automotive/Tech
2022-12-29,TSLA,557.83,563.09,554.21,559.46,74586300,Automotive/Tech
2022-12-30,TSLA,575.16,584.23,567.8,576.85,106835435,Automotive/Tech
2023-01-02,TSLA,568.33,578.61,560.84,571.08,109875605,Automotive/Tech
2023-01-03,TSLA,564.08,568.5,557.85,562.25,85367862,Automotive/Tech
2023-01-04,TSLA,573.87,582.5,568.09,576.69,125226925,Automotive/Tech
2023-01-05,TSLA,563.45,571.89,555.46,563.89,69087148,Automotive/Tech
2023-01-06,TSLA,576.3,586.49,567.37,577.55,125261691,Automotive/Tech
2023-01-09,TSLA,582.76,593.98,570.19,581.39,124177531,Automotive/Tech
2023-01-10,TSLA,609.97,615.35,605.95,611.32,78954327,Automotive/Tech
2023-01-11,TSLA,629.6,633.43,622.83,626.64,66778367,Automotive/Tech
2023-01-12,TSLA,642.63,654.1,629.47,640.91,86679626,Automotive/Tech
2023-01-13,TSLA,645.21,651.83,641.8,648.41,75851611,Automotive/Tech
2023-01-16,TSLA,626.86,634.9,619.08,627.12,99873432,Automotive/Tech
2023-01-17,TSLA,631.46,642.72,620.99,632.24,73102912,Automotive/Tech
2023-01-18,TSLA,602.84,614.12,592.59,603.85,81073559,Automotive/Tech
2023-01-19,TSLA,569.1,578.47,557.31,566.64,120642560,Automotive/Tech
2023-01-20,TSLA,552.16,556.06,548.24,552.14,68850827,Automotive/Tech
2023-01-23,TSLA,541.05,553.13,530.55,542.6,75438063,Automotive/Tech
2023-01-24,TSLA,563.87,574.21,550.95,561.24,106950832,Automotive/Tech
2023-01-25,TSLA,537.41,541.15,533.75,537.49,114446120,Automotive/Tech
2023-01-26,TSLA,512.97,521.86,506.0,514.86,73828928,Automotive/Tech
2023-01-27,TSLA,496.1,505.01,487.06,495.97,107467716,Automotive/Tech
2023-01-30,TSLA,493.38,498.61,487.99,493.22,124557497,Automotive/Tech
2023-01-31,TSLA,522.99,528.19,516.89,522.08,73867850,Automotive/Tech
2023-02-01,TSLA,527.38,530.98,522.3,525.89,116178817,Automotive/Tech
2023-02-02,TSLA,490.31,499.38,482.94,491.99,78157041,Automotive/Tech
2023-02-03,TSLA,498.93,509.32,489.62,499.99,114588212,Automotive/Tech
2023-02-06,TSLA,492.4,496.97,485.7,490.25,120610533,Automotive/Tech
2023-02-07,TSLA,483.88,486.61,479.85,482.58,73676090,Automotive/Tech
2023-02-08,TSLA,514.93,519.38,510.69,515.14,99308043,Automotive/Tech
2023-02-09,TSLA,511.89,516.95,506.44,511.5,73751477,Automotive/Tech
2023-02-10,TSLA,512.84,515.58,509.74,512.47,95597161,Automotive/Tech
2023-02-13,TSLA,492.83,500.39,484.54,492.09,119541641,Automotive/Tech
2023-02-14,TSLA,514.37,523.06,508.25,516.91,102731118,Automotive/Tech
2023-02-15,TSLA,497.14,504.66,489.51,497.03,106426206,Automotive/Tech
2023-02-16,TSLA,476.76,483.15,472.06,478.44,104866880,Automotive/Tech
2023-02-17,TSLA,477.42,481.77,473.28,477.63,93972232,Automotive/Tech
2023-02-20,TSLA,473.37,479.13,467.15,472.9,64855583,Automotive/Tech
2023-02-21,TSLA,470.32,479.65,459.99,469.3,89799430,Automotive/Tech
2023-02-22,TSLA,468.21,473.88,464.53,470.18,105347996,Automotive/Tech
2023-02-23,TSLA,477.55,483.52,472.89,478.85,86937126,Automotive/Tech
2023-02-24,TSLA,484.08,490.81,476.54,483.25,103645714,Automotive/Tech
2023-02-27,TSLA,462.29,471.91,453.99,463.59,103115008,Automotive/Tech
2023-02-28,TSLA,479.43,482.55,476.08,479.2,99789379,Automotive/Tech
2023-03-01,TSLA,481.09,485.58,477.12,481.61,115113152,Automotive/Tech
2023-03-02,TSLA,477.57,481.33,474.12,477.88,121762183,Automotive/Tech
2023-03-03,TSLA,451.77,457.44,445.1,450.76,115092560,Automotive/Tech
2023-03-06,TSLA,458.29,463.29,454.6,459.59,110791261,Automotive/Tech
2023-03-07,TSLA,456.68,466.18,449.24,458.7,83317389,Automotive/Tech
2023-03-08,TSLA,484.58,489.9,477.69,482.99,89577322,Automotive/Tech
2023-03-09,TSLA,488.86,498.09,477.25,486.44,112185748,Automotive/Tech
2023-03-10,TSLA,454.57,461.88,447.75,455.06,67223485,Automotive/Tech
2023-03-13,TSLA,471.54,478.61,465.13,472.19,85106578,Automotive/Tech
2023-03-14,TSLA,511.98,520.01,504.14,512.17,110381912,Automotive/Tech
2023-03-15,TSLA,499.22,506.47,493.74,500.97,92064894,Automotive/Tech
2023-03-16,TSLA,499.26,508.88,488.17,497.76,75962203,Automotive/Tech
2023-03-17,TSLA,476.2,481.38,469.02,474.17,70793040,Automotive/Tech
2023-03-20,TSLA,503.29,508.93,498.86,504.49,98968771,Automotive/Tech
2023-03-21,TSLA,479.52,486.91,474.17,481.54,102638431,Automotive/Tech
2023-03-22,TSLA,457.91,460.88,454.45,457.42,94941527,Automotive/Tech
2023-03-23,TSLA,463.89,471.69,458.14,465.91,103270888,Automotive/Tech
2023-03-24,TSLA,435.93,441.32,430.93,436.32,100576437,Automotive/Tech
2023-03-27,TSLA,430.41,438.61,424.34,432.51,70889231,Automotive/Tech
2023-03-28,TSLA,430.08,433.76,425.65,429.32,99334691,Automotive/Tech
2023-03-29,TSLA,419.02,425.88,411.17,418.01,116750520,Automotive/Tech
2023-03-30,TSLA,421.36,426.51,416.87,422.01,115353970,Automotive/Tech
2023-03-31,TSLA,396.82,400.37,393.42,396.97,75242516,Automotive/Tech
2023-04-03,TSLA,404.45,412.39,396.88,404.82,76386674,Automotive/Tech
2023-04-04,TSLA,400.48,407.69,394.32,401.51,122440726,Automotive/Tech
2023-04-05,TSLA,385.91,389.97,381.23,385.28,84750430,Automotive/Tech
2023-04-06,TSLA,384.24,390.81,376.17,382.72,112638856,Automotive/Tech
2023-04-07,TSLA,391.36,399.89,384.42,392.92,121216074,Automotive/Tech
2023-04-10,TSLA,390.06,395.66,383.05,388.63,106119516,Automotive/Tech
2023-04-11,TSLA,371.17,374.15,367.78,370.76,68729613,Automotive/Tech
2023-04-12,TSLA,411.49,418.22,405.14,411.86,72559189,Automotive/Tech
2023-04-13,TSLA,410.0,418.07,400.32,408.36,119293253,Automotive/Tech
2023-04-14,TSLA,435.6,442.93,427.45,434.77,104270007,Automotive/Tech
2023-04-17,TSLA,455.15,458.15,450.34,453.33,118511088,Automotive/Tech
2023-04-18,TSLA,439.09,446.21,430.13,437.22,97844257,Automotive/Tech
2023-04-19,TSLA,469.83,475.33,462.16,467.64,92240264,Automotive/Tech
2023-04-20,TSLA,449.73,456.88,443.16,450.3,103088552,Automotive/Tech
2023-04-21,TSLA,466.3,473.67,458.36,465.72,95417465,Automotive/Tech
2023-04-24,TSLA,459.56,463.93,454.54,458.9,120231020,Automotive/Tech
2023-04-25,TSLA,492.96,497.3,490.44,494.77,70545708,Automotive/Tech
2023-04-26,TSLA,527.66,537.61,516.87,526.8,122962650,Automotive/Tech
2023-04-27,TSLA,540.12,547.76,532.7,540.33,112917603,Automotive/Tech
2023-04-28,TSLA,534.59,539.2,530.63,535.23,92375277,Automotive/Tech
2023-05-01,TSLA,560.3,566.34,554.99,561.02,67920626,Automotive/Tech
2023-05-02,TSLA,559.8,565.19,555.34,560.72,113141097,Automotive/Tech
2023-05-03,TSLA,551.72,556.85,547.45,552.57,67089978,Automotive/Tech
2023-05-04,TSLA,564.05,571.58,555.89,563.42,117527537,Automotive/Tech
2023-05-05,TSLA,575.5,586.71,565.55,576.74,71628082,Automotive/Tech
2023-05-08,TSLA,549.29,553.32,542.72,546.73,105413226,Automotive/Tech
2023-05-09,TSLA,532.49,537.44,529.49,534.43,93605404,Automotive/Tech
2023-05-10,TSLA,507.3,511.42,501.65,505.76,99112678,Automotive/Tech
2023-05-11,TSLA,525.79,533.45,518.33,525.99,79131954,Automotive/Tech
2023-05-12,TSLA,526.69,533.98,518.28,525.55,86369728,Automotive/Tech
2023-05-15,TSLA,514.76,521.23,506.57,513.02,72366950,Automotive/Tech
2023-05-16,TSLA,518.19,525.82,511.36,518.98,107276069,Automotive/Tech
2023-05-17,TSLA,546.46,549.35,542.65,545.53,69482557,Automotive/Tech
2023-05-18,TSLA,517.56,520.65,513.32,516.4,103341555,Automotive/Tech
2023-05-19,TSLA,535.39,545.25,525.42,535.28,96391538,Automotive/Tech
2023-05-22,TSLA,543.84,553.3,535.35,544.8,65325484,Automotive/Tech
2023-05-23,TSLA,548.19,554.27,543.56,549.63,84146507,Automotive/Tech
2023-05-24,TSLA,570.82,581.75,558.19,569.09,121965243,Automotive/Tech
2023-05-25,TSLA,553.8,565.24,542.74,554.17,77305618,Automotive/Tech
2023-05-26,TSLA,555.15,562.59,545.63,553.04,92341107,Automotive/Tech
2023-05-29,TSLA,546.67,555.58,539.79,548.68,89488696,Automotive/Tech
2023-05-30,TSLA,545.13,551.84,539.24,545.94,118899816,Automotive/Tech
2023-05-31,TSLA,555.69,558.96,549.82,553.08,63519549,Automotive/Tech
2023-06-01,TSLA,565.89,576.75,554.77,565.62,107254050,Automotive/Tech
2023-06-02,TSLA,564.74,569.15,559.47,563.87,118563333,Automotive/Tech
2023-06-05,TSLA,531.99,537.77,528.22,533.98,82150608,Automotive/Tech
2023-06-06,TSLA,534.07,540.14,530.1,536.16,105734099,Automotive/Tech
2023-06-07,TSLA,497.63,501.71,492.72,496.8,117301541,Automotive/Tech
2023-06-08,TSLA,500.17,509.5,492.78,502.08,99135387,Automotive/Tech
2023-06-09,TSLA,509.81,516.18,504.25,510.61,83067482,Automotive/Tech
2023-06-12,TSLA,492.97,502.31,482.46,491.78,71432473,Automotive/Tech
2023-06-13,TSLA,490.02,496.87,484.07,490.91,124610113,Automotive/Tech
2023-06-14,TSLA,470.53,480.65,461.27,471.38,85183126,Automotive/Tech
2023-06-15,TSLA,456.54,463.02,450.15,456.63,76425354,Automotive/Tech
2023-06-16,TSLA,457.09,464.67,450.28,457.85,104184139,Automotive/Tech
2023-06-19,TSLA,432.96,437.62,427.44,432.09,105071366,Automotive/Tech
2023-06-20,TSLA,452.38,458.09,445.76,451.46,92040837,Automotive/Tech
2023-06-21,TSLA,498.86,503.82,495.5,500.45,78497567,Automotive/Tech
2023-06-22,TSLA,506.42,509.43,502.34,505.35,86145584,Automotive/Tech
2023-06-23,TSLA,506.91,510.16,502.05,505.29,106070219,Automotive/Tech
2023-06-26,TSLA,477.3,484.15,471.68,478.51,72559991,Automotive/Tech
2023-06-27,TSLA,450.43,455.78,443.37,448.7,74868905,Automotive/Tech
2023-06-28,TSLA,457.27,463.46,449.01,455.17,103138344,Automotive/Tech
2023-06-29,TSLA,440.07,445.17,434.03,439.12,114948408,Automotive/Tech
2023-06-30,TSLA,417.81,423.6,410.49,416.26,95419280,Automotive/Tech
2023-07-03,TSLA,413.76,420.98,404.71,411.9,94578338,Automotive/Tech
2023-07-04,TSLA,416.96,422.83,410.64,416.5,112230396,Automotive/Tech
2023-07-05,TSLA,426.73,436.2,419.33,428.76,109201652,Automotive/Tech
2023-07-06,TSLA,391.04,397.59,383.72,390.26,107962826,Automotive/Tech
2023-07-07,TSLA,386.67,389.06,384.5,386.89,114545317,Automotive/Tech
2023-07-10,TSLA,387.81,396.25,380.44,388.86,99489281,Automotive/Tech
2023-07-11,TSLA,405.57,412.49,397.65,404.55,101990077,Automotive/Tech
2023-07-12,TSLA,380.91,382.92,378.05,380.06,111714277,Automotive/Tech
2023-07-13,TSLA,365.4,371.19,358.66,364.43,90147638,Automotive/Tech
2023-07-14,TSLA,355.71,362.79,347.69,354.75,99456840,Automotive/Tech
2023-07-17,TSLA,363.87,370.79,355.5,362.39,114317725,Automotive/Tech
2023-07-18,TSLA,373.64,378.67,368.51,373.54,83708599,Automotive/Tech
2023-07-19,TSLA,362.26,365.43,359.05,362.22,99400250,Automotive/Tech
2023-07-20,TSLA,382.58,385.9,377.67,380.97,98108261,Automotive/Tech
2023-07-21,TSLA,365.83,370.79,361.11,366.07,66658491,Automotive/Tech
2023-07-24,TSLA,387.33,395.12,380.27,388.04,103475001,Automotive/Tech
2023-07-25,TSLA,394.63,400.2,388.74,394.3,96119868,Automotive/Tech
2023-07-26,TSLA,408.86,412.92,405.7,409.76,96023848,Automotive/Tech
2023-07-27,TSLA,407.4,414.55,400.54,407.68,75847120,Automotive/Tech
2023-07-28,TSLA,414.47,417.09,411.19,413.8,89670418,Automotive/Tech
2023-07-31,TSLA,416.81,419.68,413.22,416.08,76077460,Automotive/Tech
2023-08-01,TSLA,393.1,398.84,388.13,393.86,121696474,Automotive/Tech
2023-08-02,TSLA,411.64,415.44,408.17,411.97,123448096,Automotive/Tech
2023-08-03,TSLA,432.17,436.4,427.33,431.55,82953803,Automotive/Tech
2023-08-04,TSLA,450.95,453.95,447.38,450.38,120709986,Automotive/Tech
2023-08-07,TSLA,451.88,457.21,445.99,451.31,101360600,Automotive/Tech
2023-08-08,TSLA,445.04,450.04,439.54,444.53,79337039,Automotive/Tech
2023-08-09,TSLA,435.51,440.41,430.86,435.76,117432547,Automotive/Tech
2023-08-10,TSLA,424.37,428.71,419.47,423.8,76444441,Automotive/Tech
2023-08-11,TSLA,444.39,448.3,439.83,443.73,111025525,Automotive/Tech
2023-08-14,TSLA,444.51,450.55,439.21,445.24,120347108,Automotive/Tech
2023-08-15,TSLA,460.36,463.6,456.12,459.35,106480757,Automotive/Tech
2023-08-16,TSLA,468.66,475.86,459.47,466.63,108875988,Automotive/Tech
2023-08-17,TSLA,491.11,496.51,486.43,491.83,87639991,Automotive/Tech
2023-08-18,TSLA,472.27,474.85,467.76,470.33,67633814,Automotive/Tech
2023-08-21,TSLA,457.74,464.83,449.61,456.69,116154048,Automotive/Tech
2023-08-22,TSLA,422.03,427.64,415.48,421.08,82071544,Automotive/Tech
2023-08-23,TSLA,428.65,436.27,421.71,429.32,119878824,Automotive/Tech
2023-08-24,TSLA,415.45,419.32,412.35,416.22,94422475,Automotive/Tech
2023-08-25,TSLA,401.71,408.39,394.04,400.71,76275163,Automotive/Tech
2023-08-28,TSLA,396.45,400.08,393.61,397.23,93476511,Automotive/Tech
2023-08-29,TSLA,379.58,384.82,374.61,379.85,104774677,Automotive/Tech
2023-08-30,TSLA,376.6,380.9,370.65,374.93,79441037,Automotive/Tech
2023-08-31,TSLA,367.0,372.29,361.31,366.59,80739207,Automotive/Tech
2023-09-01,TSLA,372.97,377.64,368.8,373.47,73867440,Automotive/Tech
2023-09-04,TSLA,386.39,391.53,381.69,386.83,74233993,Automotive/Tech
2023-09-05,TSLA,376.9,381.62,372.47,377.19,71276037,Automotive/Tech
2023-09-06,TSLA,396.05,398.81,392.71,395.47,107514590,Automotive/Tech
2023-09-07,TSLA,389.51,398.61,382.06,391.13,70425274,Automotive/Tech
2023-09-08,TSLA,413.66,416.05,411.14,413.53,102233036,Automotive/Tech
2023-09-11,TSLA,440.49,445.36,434.33,439.18,106262064,Automotive/Tech
2023-09-12,TSLA,468.43,479.43,459.16,470.13,66673886,Automotive/Tech
2023-09-13,TSLA,477.36,484.05,473.01,479.67,121754519,Automotive/Tech
2023-09-14,TSLA,477.15,481.71,472.34,476.9,83038386,Automotive/Tech
2023-09-15,TSLA,474.83,480.63,470.71,476.49,83183052,Automotive/Tech
2023-09-18,TSLA,489.72,496.69,480.48,487.42,98159798,Automotive/Tech
2023-09-19,TSLA,469.31,477.63,463.21,471.5,115926237,Automotive/Tech
2023-09-20,TSLA,484.72,487.47,480.02,482.76,96936318,Automotive/Tech
2023-09-21,TSLA,450.3,453.91,446.91,450.52,125684022,Automotive/Tech
2023-09-22,TSLA,461.47,466.97,457.05,462.54,70434371,Automotive/Tech
2023-09-25,TSLA,460.05,468.4,453.63,461.95,111258508,Automotive/Tech
2023-09-26,TSLA,476.65,485.61,465.68,474.6,69798723,Automotive/Tech
2023-09-27,TSLA,475.25,483.55,468.89,477.17,99037016,Automotive/Tech
2023-09-28,TSLA,488.48,496.89,479.89,488.3,117939391,Automotive/Tech
2023-09-29,TSLA,494.16,503.7,485.75,495.27,102696443,Automotive/Tech
2023-10-02,TSLA,501.45,504.54,498.89,501.97,77991490,Automotive/Tech
2023-10-03,TSLA,489.9,499.7,480.56,490.36,104206058,Automotive/Tech
2023-10-04,TSLA,503.16,511.2,493.77,501.79,109353837,Automotive/Tech
2023-10-05,TSLA,523.46,528.35,517.61,522.49,97587597,Automotive/Tech
2023-10-06,TSLA,494.24,503.65,487.34,496.72,79270228,Automotive/Tech
2023-10-09,TSLA,503.89,514.52,494.34,504.95,90594977,Automotive/Tech
2023-10-10,TSLA,490.72,496.34,486.89,492.5,76146145,Automotive/Tech
2023-10-11,TSLA,490.74,497.27,482.19,488.69,83550548,Automotive/Tech
2023-10-12,TSLA,494.19,499.06,489.0,493.87,85474791,Automotive/Tech
2023-10-13,TSLA,517.23,527.52,507.58,517.86,93897861,Automotive/Tech
2023-10-16,TSLA,527.45,534.31,519.13,525.97,98526074,Automotive/Tech
2023-10-17,TSLA,547.37,554.16,542.67,549.44,122079796,Automotive/Tech
2023-10-18,TSLA,538.43,550.22,529.26,541.01,114756326,Automotive/Tech
2023-10-19,TSLA,529.4,536.74,521.96,529.3,63770438,Automotive/Tech
2023-10-20,TSLA,514.43,524.61,505.83,515.99,108862816,Automotive/Tech
2023-10-23,TSLA,509.64,512.31,505.47,508.13,64451486,Automotive/Tech
2023-10-24,TSLA,521.25,526.92,516.8,522.46,72923044,Automotive/Tech
2023-10-25,TSLA,529.51,537.14,523.04,530.66,125577142,Automotive/Tech
2023-10-26,TSLA,560.7,568.38,552.65,560.33,76914786,Automotive/Tech
2023-10-27,TSLA,571.28,579.82,564.92,573.44,111039342,Automotive/Tech
2023-10-30,TSLA,589.49,595.37,582.15,588.01,86416847,Automotive/Tech
2023-10-31,TSLA,601.35,615.29,589.42,603.33,63096005,Automotive/Tech
2023-11-01,TSLA,658.75,667.92,646.65,655.78,103764405,Automotive/Tech
2023-11-02,TSLA,674.26,678.5,669.75,673.99,120297676,Automotive/Tech
2023-11-03,TSLA,635.68,641.05,632.44,637.8,114317378,Automotive/Tech
2023-11-06,TSLA,595.93,606.9,583.75,594.7,125468290,Automotive/Tech
2023-11-07,TSLA,629.64,633.64,625.35,629.35,106154667,Automotive/Tech
2023-11-08,TSLA,634.45,644.31,622.76,632.59,120810440,Automotive/Tech
2023-11-09,TSLA,613.9,623.15,607.5,616.72,85833840,Automotive/Tech
2023-11-10,TSLA,616.39,627.48,607.1,618.16,114028295,Automotive/Tech
2023-11-13,TSLA,609.22,617.3,604.17,612.22,95009088,Automotive/Tech
2023-11-14,TSLA,579.44,589.54,570.23,580.31,110180435,Automotive/Tech
2023-11-15,TSLA,583.41,592.11,576.66,585.33,68705178,Automotive/Tech
2023-11-16,TSLA,601.39,611.51,591.97,602.08,120504747,Automotive/Tech
2023-11-17,TSLA,582.02,590.54,574.39,582.9,84986428,Automotive/Tech
2023-11-20,TSLA,568.62,572.58,564.13,568.09,99676529,Automotive/Tech
2023-11-21,TSLA,577.62,589.2,567.8,579.35,81319747,Automotive/Tech
2023-11-22,TSLA,556.08,560.82,552.49,557.22,89970433,Automotive/Tech
2023-11-23,TSLA,557.54,568.39,545.86,556.69,112321057,Automotive/Tech
2023-11-24,TSLA,532.29,539.47,527.03,534.19,79173356,Automotive/Tech
2023-11-27,TSLA,537.85,542.61,532.65,537.4,84512681,Automotive/Tech
2023-11-28,TSLA,549.34,559.15,536.91,546.67,84627799,Automotive/Tech
2023-11-29,TSLA,542.63,551.08,533.34,541.78,75251136,Automotive/Tech
2023-11-30,TSLA,513.57,524.79,503.93,515.12,109428299,Automotive/Tech
2023-12-01,TSLA,507.0,512.86,501.82,507.67,91693290,Automotive/Tech
2023-12-04,TSLA,502.22,513.09,493.2,504.03,66437883,Automotive/Tech
2023-12-05,TSLA,493.57,501.24,488.13,495.77,106318855,Automotive/Tech
2023-12-06,TSLA,465.69,473.33,456.43,464.04,109862061,Automotive/Tech
2023-12-07,TSLA,465.29,474.01,455.44,464.14,121972765,Automotive/Tech
2023-12-08,TSLA,443.42,446.92,439.92,443.42,125617627,Automotive/Tech
2023-12-11,TSLA,442.27,449.0,433.89,440.6,64914809,Automotive/Tech
2023-12-12,TSLA,455.89,464.13,446.77,454.99,73757592,Automotive/Tech
2023-12-13,TSLA,460.74,464.34,458.26,461.85,120693721,Automotive/Tech
2023-12-14,TSLA,464.24,471.21,455.36,462.3,91107499,Automotive/Tech
2023-12-15,TSLA,490.18,499.7,480.84,490.36,75868047,Automotive/Tech
2023-12-18,TSLA,504.74,508.41,498.61,502.26,84033347,Automotive/Tech
2023-12-19,TSLA,506.4,512.67,502.65,508.9,80990882,Automotive/Tech
2023-12-20,TSLA,521.11,530.67,511.38,520.93,102843408,Automotive/Tech
2023-12-21,TSLA,524.32,534.2,514.38,524.25,115811630,Automotive/Tech
2023-12-22,TSLA,529.95,535.17,522.23,527.43,67965274,Automotive/Tech
2023-12-25,TSLA,526.98,535.34,517.79,526.14,75075304,Automotive/Tech
2023-12-26,TSLA,530.53,537.28,524.78,531.52,68953050,Automotive/Tech
2023-12-27,TSLA,516.73,523.85,507.11,514.19,98254052,Automotive/Tech
2023-12-28,TSLA,505.4,514.42,498.74,507.73,71770874,Automotive/Tech
2023-12-29,TSLA,514.56,521.09,505.58,512.08,118226287,Automotive/Tech
